Iteration,Accuracy,Weight Decay
0,0.6702857142857143,0.09557017170827971
1,0.7555714285714286,0.08698157789648651
2,0.7827142857142857,0.07477297827681818
3,0.8282857142857143,0.06013943564236318
4,0.8394285714285714,0.04451338310406878
5,0.8428571428571429,0.029424407557493124
6,0.8635714285714285,0.01634952306020954
7,0.8751428571428571,0.006568590404889097
8,0.9052857142857142,0.0010390354275995517
9,0.9208571428571428,0.0003021294961929753
