Iteration,Accuracy,Weight Decay
0,0.7141652613827993,0.00031395515415205585
1,0.8069139966273187,0.00019461011748293712
2,0.8305227655986509,7.526508081381834e-05
3,0.8709949409780776,-4.407995585530041e-05
4,0.8549747048903878,-0.00016342499252441916
5,0.8954468802698144,-0.0002827700291935379
