Iteration,Accuracy,Weight Decay
0,0.6838111298482293,0.041773682891187935
1,0.8018549747048904,0.018334280241060232
2,0.8397976391231029,0.008046832567607796
3,0.8625632377740303,0.003531718372347135
4,0.8962900505902193,0.001550055199580515
5,0.9047217537942664,0.0006803122073830045
