Iteration,Accuracy,Weight Decay
0,0.5246636771300448,0.018925488238263552
1,0.5186846038863976,0.0047270079827679235
2,0.5690084703537618,0.0011806619828161344
3,0.5824613851519681,0.00029489324383393244
4,0.5854509217737918,7.365531077021373e-05
5,0.6048829098156452,1.8396843325823638e-05
6,0.6666666666666666,4.594968656242079e-06
7,0.7229696063776782,1.1476825984711098e-06
