Iteration,Accuracy,Weight Decay
0,0.4877927254608869,0.0001521675508815138
1,0.693074240159442,0.005415409903779645
2,0.7419033383158944,0.00023123601049787523
3,0.7972097658196313,0.0027495844726497867
4,0.815146985550573,0.0019986878681273077
5,0.8584952665670155,0.007422529283128101
6,0.8784255107125062,8.154065008702751e-05
7,0.885401096163428,0.0006600546966619767
