Iteration,Accuracy,Weight Decay
0,0.7811428571428571,0.0715000506746646
1,0.822,0.046500095126124755
2,0.873,0.021500139577584912
3,0.9071428571428571,-0.003499815970954903
