Iteration,Accuracy,Weight Decay
0,0.7241379310344828,2.4313285004204436e-08
1,0.7439080459770115,1.7640969257885612e-07
2,0.7526436781609196,3.199267137797384e-07
3,0.7577011494252873,3.96396275506239e-05
4,0.792183908045977,0.0005580305251442092
5,0.8027586206896552,1.5487250883917444e-05
6,0.8183908045977012,6.0274239009094145e-05
7,0.8179310344827586,1.3530477745798077e-08
