Iteration,Accuracy,Weight Decay
0,0.7495784148397976,0.041773682891187935
1,0.8086003372681282,0.018334280241060232
2,0.8288364249578415,0.008046832567607796
3,0.8583473861720068,0.003531718372347135
4,0.8693086003372681,0.001550055199580515
5,0.9005059021922428,0.0006803122073830045
