Iteration,Accuracy,Weight Decay
0,0.572512647554806,0.0001444030013313192
1,0.7487352445193929,0.00011077219724619761
2,0.7630691399662732,8.320570856276535e-05
3,0.7934232715008431,1.2235731588704956e-05
4,0.8077571669477235,0.00028713137318901185
5,0.8381112984822934,0.0001705332852654907
