Iteration,Accuracy,Weight Decay
0,0.48,0.03808331627541416
1,0.52,0.015052031037412423
2,0.52,0.005949157282226808
3,0.7829885057471264,0.0023513419737643954
4,0.7852873563218391,0.0009293432355711351
5,0.7981609195402298,0.00036731315952273603
6,0.8073563218390805,0.00014517667100213993
7,0.8183908045977012,5.7379555447043585e-05
