Iteration,Accuracy,Weight Decay
0,0.5595416043846537,0.09706882132280426
1,0.7563527653213752,0.09046519793170772
2,0.85949177877429,0.07310626521668034
3,0.8639760837070254,0.04378320141530977
4,0.8839063278525162,0.018243790724546134
5,0.8928749377179871,0.006010088662594013
6,0.8933731938216243,0.0018001084090777473
7,0.9018435475834579,0.0005235193184478273
