Iteration,Accuracy,Weight Decay
0,0.6312904833084205,0.018925488238263552
1,0.5919282511210763,0.0047270079827679235
2,0.5774788241155954,0.0011806619828161344
3,0.5999003487792726,0.00029489324383393244
4,0.593423019431988,7.365531077021373e-05
5,0.6018933731938216,1.8396843325823638e-05
6,0.6731439960139511,4.594968656242079e-06
7,0.7035376183358246,1.1476825984711098e-06
