Iteration,Accuracy,Weight Decay
0,0.6702857142857143,0.016739508918050823
1,0.7904285714285715,0.004453867730520001
2,0.769,0.0011850370197883447
3,0.8604285714285714,0.0003153018507141175
4,0.8595714285714285,8.389211088232821e-05
5,0.8585714285714285,2.2321106750096656e-05
6,0.9091428571428571,5.938958995179634e-06
7,0.9191428571428572,1.5801740631105742e-06
8,0.9197142857142857,4.204356473506604e-07
9,0.9075714285714286,1.118649759477795e-07
