Iteration,Accuracy,Weight Decay
0,0.7571669477234402,0.08245960944858459
1,0.8086003372681282,0.06591207119253231
2,0.8541315345699831,0.049364532936480035
3,0.8709949409780776,0.03281699468042776
4,0.8777403035413154,0.01626945642437548
5,0.8979763912310287,-0.00027808183167679634
