Iteration,Accuracy,Weight Decay
0,0.6298482293423272,0.06801802122791924
1,0.8043844856661045,0.043527664608961875
2,0.8465430016863407,0.02455315407535525
3,0.8414839797639123,0.011094489627099403
4,0.8752107925801011,0.0031516712641943057
5,0.8996627318718381,0.0007246989866399735
