Iteration,Accuracy,Weight Decay
0,0.7115714285714285,0.016739508918050823
1,0.7322857142857143,0.004453867730520001
2,0.8477142857142858,0.0011850370197883447
3,0.8642857142857143,0.0003153018507141175
4,0.8898571428571429,8.389211088232821e-05
5,0.9034285714285715,2.2321106750096656e-05
6,0.898,5.938958995179634e-06
7,0.9227142857142857,1.5801740631105742e-06
8,0.9242857142857143,4.204356473506604e-07
9,0.9214285714285714,1.118649759477795e-07
