Iteration,Accuracy,Weight Decay
0,0.6117142857142858,0.0033977714287433238
1,0.7718571428571429,0.003350033414075676
2,0.8307142857142857,0.0033022953994080286
3,0.83,0.003254557384740381
4,0.8451428571428572,0.0032068193700727343
5,0.8852857142857142,0.0031590813554050867
6,0.8995714285714286,0.003111343340737439
7,0.9005714285714286,0.0030636053260697915
8,0.903,0.003015867311402144
9,0.9107142857142857,0.0029681292967344963
