Iteration,Accuracy,Weight Decay
0,0.8242857142857143,0.0004646771205518586
1,0.8681428571428571,0.0001852197555778496
2,0.8914285714285715,0.0002833194997515972
3,0.906,0.004372472560229714
