Iteration,Accuracy,Weight Decay
0,0.5995402298850575,5.95501370565999e-05
1,0.6767816091954023,5.95501370565999e-05
2,0.7820689655172414,5.95501370565999e-05
3,0.8059770114942528,5.95501370565999e-05
4,0.792183908045977,5.95501370565999e-05
5,0.8137931034482758,5.95501370565999e-05
6,0.8597701149425288,5.95501370565999e-05
7,0.8896551724137931,5.95501370565999e-05
