Iteration,Accuracy,Weight Decay
0,0.7807673143996013,0.0722504203169805
1,0.8500249128051819,0.052563218514838285
2,0.8689586447433981,0.03600096937970277
3,0.8789237668161435,0.02256367291157395
4,0.8918784255107125,0.012251329110451837
5,0.8898854010961634,0.005063937976336426
6,0.8878923766816144,0.0010014995092277146
7,0.877927254608869,6.401370912570431e-05
