Iteration,Accuracy,Weight Decay
0,0.6222596964586846,0.0062539016500744804
1,0.6138279932546374,1.4661767215508028e-05
2,0.8195615514333895,1.7258195744503526e-05
3,0.857504215851602,0.0052417996343865035
4,0.8490725126475548,1.1703014744346518e-05
5,0.8625632377740303,0.0022953391186022907
