Iteration,Accuracy,Weight Decay
0,0.6472857142857142,0.0033977714287433238
1,0.7595714285714286,0.003350033414075676
2,0.7628571428571429,0.0033022953994080286
3,0.7655714285714286,0.003254557384740381
4,0.7698571428571429,0.0032068193700727343
5,0.7704285714285715,0.0031590813554050867
6,0.7642857142857142,0.003111343340737439
7,0.7762857142857142,0.0030636053260697915
8,0.7618571428571429,0.003015867311402144
9,0.7562857142857143,0.0029681292967344963
