Iteration,Accuracy,Weight Decay
0,0.5396290050590219,0.06801802122791924
1,0.6517706576728499,0.043527664608961875
2,0.6930860033726813,0.02455315407535525
3,0.739460370994941,0.011094489627099403
4,0.8541315345699831,0.0031516712641943057
5,0.8524451939291737,0.0007246989866399735
