Iteration,Accuracy,Weight Decay
0,0.46387643248629795,0.08500022719836783
1,0.5824613851519681,0.07250041653034103
2,0.6711509715994021,0.06000060586231423
3,0.6103637269556552,0.047500795194287425
4,0.7917289486796213,0.03500098452626062
5,0.772795216741405,0.022501173858233817
6,0.817140009965122,0.010001363190207016
7,0.7907324364723468,-0.0024984474778197846
