Iteration,Accuracy,Weight Decay
0,0.6158571428571429,0.002297389418863703
1,0.756,8.389211088232821e-05
2,0.7958571428571428,3.0634276498817596e-06
3,0.8142857142857143,1.118649759477795e-07
