Iteration,Accuracy,Weight Decay
0,0.6900847035376183,0.09706882132280426
1,0.7832585949177877,0.09046519793170772
2,0.815146985550573,0.07310626521668034
3,0.8420528151469856,0.04378320141530977
4,0.861484803188839,0.018243790724546134
5,0.8774289985052317,0.006010088662594013
6,0.8829098156452416,0.0018001084090777473
7,0.885401096163428,0.0005235193184478273
