Iteration,Accuracy,Weight Decay
0,0.7807757166947723,0.08245960944858459
1,0.8600337268128162,0.06591207119253231
2,0.8819561551433389,0.049364532936480035
3,0.8861720067453626,0.03281699468042776
4,0.8920741989881956,0.01626945642437548
5,0.893760539629005,-0.00027808183167679634
