Iteration,Accuracy,Weight Decay
0,0.7470489038785835,0.041773682891187935
1,0.8035413153456998,0.018334280241060232
2,0.821247892074199,0.008046832567607796
3,0.8558178752107926,0.003531718372347135
4,0.8608768971332209,0.001550055199580515
5,0.8566610455311973,0.0006803122073830045
