Iteration,Accuracy,Weight Decay
0,0.52,0.0051654272814727715
1,0.7659770114942529,0.004216259167258466
2,0.7871264367816092,0.0015115904520521717
3,0.8013793103448276,0.005204656299042212
4,0.8128735632183908,0.00012588868499885579
5,0.8344827586206897,0.00017755066894237716
6,0.8308045977011494,1.106291823549089e-05
7,0.8344827586206897,0.00022231989549908042
