Iteration,Accuracy,Weight Decay
0,0.6052857142857143,0.07482254476706554
1,0.6564285714285715,0.05852257374941756
2,0.7168571428571429,0.04422259917565277
3,0.7982857142857143,0.03192262104577116
4,0.8792857142857143,0.021622639359772756
5,0.8161428571428572,0.013322654117657533
6,0.8904285714285715,0.007022665319425497
7,0.8824285714285715,0.0027226729650766464
8,0.9192857142857143,0.00042267705461097914
9,0.9228571428571428,0.0001226775880285013
