Iteration,Accuracy,Weight Decay
0,0.5134907251264755,0.0039544721614450384
1,0.6129848229342327,0.00041890038221774713
2,0.7242833052276559,0.008351535859835373
3,0.821247892074199,0.0034122401827815
4,0.8414839797639123,0.0007320927630585182
5,0.8752107925801011,0.00015037059050285873
