Iteration,Accuracy,Weight Decay
0,0.6532857142857142,0.00644943804486073
1,0.8178571428571428,1.528495349962393e-05
2,0.8421428571428572,0.0016122211418467922
3,0.8915714285714286,0.00020522819048984133
