Iteration,Accuracy,Weight Decay
0,0.7735714285714286,1.77805840656653e-07
1,0.8192857142857143,1.77805840656653e-07
2,0.8682857142857143,1.77805840656653e-07
3,0.8875714285714286,1.77805840656653e-07
4,0.8912857142857142,1.77805840656653e-07
5,0.9104285714285715,1.77805840656653e-07
6,0.918,1.77805840656653e-07
7,0.9235714285714286,1.77805840656653e-07
8,0.9274285714285714,1.77805840656653e-07
9,0.9261428571428572,1.77805840656653e-07
