Iteration,Accuracy,Weight Decay
0,0.6418571428571429,0.08956689623880071
1,0.7154285714285714,0.041338346412298756
2,0.7435714285714285,0.005468299804777157
3,0.7892857142857143,0.00047274822582090244
