Iteration,Accuracy,Weight Decay
0,0.7882857142857143,0.08956689623880071
1,0.8684285714285714,0.041338346412298756
2,0.9032857142857142,0.005468299804777157
3,0.9068571428571428,0.00047274822582090244
