Iteration,Accuracy,Weight Decay
0,0.6795952782462057,0.09254828078406145
1,0.8145025295109612,0.07381604081063549
2,0.872681281618887,0.04879807301935227
3,0.8844856661045531,0.024197921676153977
4,0.9055649241146712,0.006607177467133997
5,0.8979763912310287,0.0007392660973616683
