Iteration,Accuracy,Weight Decay
0,0.5006896551724138,9.574917464062554e-05
1,0.5245977011494253,2.3768952454376128e-05
2,0.52,0.001602569532364456
3,0.52,9.658594125644636e-05
4,0.52,7.003168069958163e-05
5,0.52,0.0002034304104377742
6,0.52,0.00012827687998939223
7,0.8018390804597701,0.005932554561873133
