Iteration,Accuracy,Weight Decay
0,0.6397608370702541,0.09455040875321775
1,0.7269556552067763,0.08247266789928005
2,0.817140009965122,0.06545137301945098
3,0.8510214250124564,0.04607786196076218
4,0.8829098156452416,0.02730157616058396
5,0.8938714499252616,0.011981034924538829
6,0.8998505231689088,0.002448651774762514
7,0.8968609865470852,0.00015564563454001894
