Iteration,Accuracy,Weight Decay
0,0.6913996627318718,0.09623406949124648
1,0.6829679595278246,0.08285422480701589
2,0.7723440134907251,0.047877320869366004
3,0.866779089376054,0.015206179604296877
4,0.8684654300168634,0.003819399833108084
5,0.8676222596964587,0.0013164192457227669
