Iteration,Accuracy,Weight Decay
0,0.7379172894867962,0.09455040875321775
1,0.8146487294469357,0.08247266789928005
2,0.8310911808669657,0.06545137301945098
3,0.8704534130543099,0.04607786196076218
4,0.8764324862979571,0.02730157616058396
5,0.8888888888888888,0.011981034924538829
6,0.8888888888888888,0.002448651774762514
7,0.8923766816143498,0.00015564563454001894
