Iteration,Accuracy,Weight Decay
0,0.5296462381664175,5.119457994434655e-05
1,0.47583457897359244,1.1106253323246687e-05
2,0.5749875435974091,0.00034753575408723124
3,0.7040358744394619,0.0035165624769241456
4,0.7543597409068261,0.008487172188376572
5,0.8325859491778774,0.0013056562626788382
6,0.8804185351270553,6.678893783667771e-05
7,0.890881913303438,0.0006412927731030082
