Iteration,Accuracy,Weight Decay
0,0.6526138279932546,0.08245960944858459
1,0.760539629005059,0.06591207119253231
2,0.8347386172006745,0.049364532936480035
3,0.8524451939291737,0.03281699468042776
4,0.8684654300168634,0.01626945642437548
5,0.8583473861720068,-0.00027808183167679634
