Iteration,Accuracy,Weight Decay
0,0.6382799325463744,0.09623406949124648
1,0.7453625632377741,0.08285422480701589
2,0.8566610455311973,0.047877320869366004
3,0.8962900505902193,0.015206179604296877
4,0.8836424957841484,0.003819399833108084
5,0.8861720067453626,0.0013164192457227669
