Iteration,Accuracy,Weight Decay
0,0.6475548060708263,0.00031395515415205585
1,0.7672849915682968,0.00019461011748293712
2,0.7917369308600337,7.526508081381834e-05
3,0.8482293423271501,-4.407995585530041e-05
4,0.8608768971332209,-0.00016342499252441916
5,0.8844856661045531,-0.0002827700291935379
