Iteration,Accuracy,Weight Decay
0,0.6682857142857143,0.09746673418161543
1,0.547,0.09340111078410944
2,0.721,0.0838891336884537
3,0.6928571428571428,0.06570110725289291
4,0.7097142857142857,0.041338346412298756
5,0.6898571428571428,0.020587178380980863
6,0.7314285714285714,0.00870673956906492
7,0.7388571428571429,0.0033896881950003137
8,0.7742857142857142,0.0012744104865876579
9,0.8005714285714286,0.00047274822582090244
