Iteration,Accuracy,Weight Decay
0,0.7596964586846543,0.06801802122791924
1,0.7917369308600337,0.043527664608961875
2,0.8128161888701517,0.02455315407535525
3,0.8532883642495784,0.011094489627099403
4,0.8347386172006745,0.0031516712641943057
5,0.8777403035413154,0.0007246989866399735
