Iteration,Accuracy,Weight Decay
0,0.5381165919282511,0.0722504203169805
1,0.5909317389138017,0.052563218514838285
2,0.7678126557050324,0.03600096937970277
3,0.804185351270553,0.02256367291157395
4,0.8131539611360239,0.012251329110451837
5,0.8480318883906328,0.005063937976336426
6,0.8644743398106627,0.0010014995092277146
7,0.8709516691579472,6.401370912570431e-05
