Iteration,Accuracy,Weight Decay
0,0.5718571428571428,0.08956689623880071
1,0.6662857142857143,0.041338346412298756
2,0.6212857142857143,0.005468299804777157
3,0.6925714285714286,0.00047274822582090244
