Iteration,Accuracy,Weight Decay
0,0.7473841554559043,0.09706882132280426
1,0.7513702042850025,0.09046519793170772
2,0.7987045341305431,0.07310626521668034
3,0.8266068759342302,0.04378320141530977
4,0.8450423517688092,0.018243790724546134
5,0.8589935226706528,0.006010088662594013
6,0.8659691081215745,0.0018001084090777473
7,0.8629795714997509,0.0005235193184478273
