Iteration,Accuracy,Weight Decay
0,0.5401096163428002,0.09706882132280426
1,0.4838066766317887,0.09046519793170772
2,0.4718485301444943,0.07310626521668034
3,0.4808171400099651,0.04378320141530977
4,0.6168410563029397,0.018243790724546134
5,0.6875934230194319,0.006010088662594013
6,0.7428998505231689,0.0018001084090777473
7,0.7558545092177379,0.0005235193184478273
