Iteration,Accuracy,Weight Decay
0,0.6694772344013491,0.09254828078406145
1,0.7841483979763912,0.07381604081063549
2,0.8330522765598651,0.04879807301935227
3,0.8608768971332209,0.024197921676153977
4,0.8768971332209107,0.006607177467133997
5,0.8718381112984823,0.0007392660973616683
