Iteration,Accuracy,Weight Decay
0,0.8134285714285714,2.869377067127777e-06
1,0.8802857142857143,0.00277374762232651
2,0.9115714285714286,0.00190932807667502
3,0.9285714285714286,0.0019179102616724
