Iteration,Accuracy,Weight Decay
0,0.5391131041355257,0.0722504203169805
1,0.5271549576482312,0.052563218514838285
2,0.6148480318883907,0.03600096937970277
3,0.6327852516193323,0.02256367291157395
4,0.6900847035376183,0.012251329110451837
5,0.6910812157448929,0.005063937976336426
6,0.700548081714001,0.0010014995092277146
7,0.7404085700049826,6.401370912570431e-05
