Iteration,Accuracy,Weight Decay
0,0.4628799202790234,0.09706882132280426
1,0.6427503736920778,0.09046519793170772
2,0.6063776781265571,0.07310626521668034
3,0.6611858495266567,0.04378320141530977
4,0.8036870951669158,0.018243790724546134
5,0.8256103637269556,0.006010088662594013
6,0.8231190832087693,0.0018001084090777473
7,0.8290981564524166,0.0005235193184478273
