Iteration,Accuracy,Weight Decay
0,0.6382857142857142,0.09557017170827971
1,0.7294285714285714,0.08698157789648651
2,0.7367142857142858,0.07477297827681818
3,0.7281428571428571,0.06013943564236318
4,0.7374285714285714,0.04451338310406878
5,0.7881428571428571,0.029424407557493124
6,0.7922857142857143,0.01634952306020954
7,0.773,0.006568590404889097
8,0.7744285714285715,0.0010390354275995517
9,0.8211428571428572,0.0003021294961929753
