Iteration,Accuracy,Weight Decay
0,0.7268128161888702,0.06801802122791924
1,0.815345699831366,0.043527664608961875
2,0.8827993254637436,0.02455315407535525
3,0.9064080944350759,0.011094489627099403
4,0.903035413153457,0.0031516712641943057
5,0.893760539629005,0.0007246989866399735
