Iteration,Accuracy,Weight Decay
0,0.7204597701149426,0.00016258698402873262
1,0.7526436781609196,0.0003640963928863294
2,0.7866666666666666,2.1537060895092446e-05
3,0.7931034482758621,0.0077006704720729595
4,0.8045977011494253,0.00012356246306680855
5,0.8064367816091954,0.0010911852410215553
6,0.8225287356321839,0.0020802346389524585
7,0.8303448275862069,4.5162345343666525e-05
