Iteration,Accuracy,Weight Decay
0,0.6611494252873563,5.95501370565999e-05
1,0.7181609195402299,5.95501370565999e-05
2,0.7627586206896552,5.95501370565999e-05
3,0.8,5.95501370565999e-05
4,0.8055172413793104,5.95501370565999e-05
5,0.8179310344827586,5.95501370565999e-05
6,0.8091954022988506,5.95501370565999e-05
7,0.8289655172413793,5.95501370565999e-05
