Iteration,Accuracy,Weight Decay
0,0.7967142857142857,0.08126216613380753
1,0.8738571428571429,0.04451338310406878
2,0.8938571428571429,0.010978637918546164
3,0.9174285714285715,0.0003021294961929753
