Iteration,Accuracy,Weight Decay
0,0.574,0.05112258690704978
1,0.5732857142857143,0.021622639359772756
2,0.6337142857142857,0.004622669586765671
3,0.6658571428571428,0.0001226775880285013
