Iteration,Accuracy,Weight Decay
0,0.5674536256323778,0.001059040298504172
1,0.6053962900505903,4.622513955027085e-05
2,0.7790893760539629,0.007957563726774584
3,0.8254637436762225,1.098197047620098e-05
4,0.8170320404721754,0.005048063227436004
5,0.8827993254637436,2.4151338034389705e-05
