Iteration,Accuracy,Weight Decay
0,0.7040472175379426,0.09623406949124648
1,0.7436762225969646,0.08285422480701589
2,0.8322091062394603,0.047877320869366004
3,0.8591905564924115,0.015206179604296877
4,0.8743676222596964,0.003819399833108084
5,0.8929173693086003,0.0013164192457227669
