Iteration,Accuracy,Weight Decay
0,0.6745362563237775,0.09254828078406145
1,0.7360876897133221,0.07381604081063549
2,0.836424957841484,0.04879807301935227
3,0.8448566610455311,0.024197921676153977
4,0.8659359190556493,0.006607177467133997
5,0.8659359190556493,0.0007392660973616683
