Iteration,Accuracy,Weight Decay
0,0.5508571428571428,0.08650002400378849
1,0.5598571428571428,0.07650004178437256
2,0.5684285714285714,0.06650005956495662
3,0.5701428571428572,0.05650007734554069
4,0.5618571428571428,0.046500095126124755
5,0.6035714285714285,0.03650011290670882
6,0.5985714285714285,0.026500130687292886
7,0.7321428571428571,0.01650014846787695
8,0.7784285714285715,0.006500166248461017
9,0.6822857142857143,-0.003499815970954903
