Iteration,Accuracy,Weight Decay
0,0.6762225969645869,0.041773682891187935
1,0.8026981450252951,0.018334280241060232
2,0.8591905564924115,0.008046832567607796
3,0.8861720067453626,0.003531718372347135
4,0.8962900505902193,0.001550055199580515
5,0.8912310286677909,0.0006803122073830045
