Iteration,Accuracy,Weight Decay
0,0.7411428571428571,0.0034716020419487694
1,0.6744285714285714,2.5916112726091798e-05
2,0.7758571428571429,0.0016685133215658386
3,0.7652857142857142,0.006789822629133528
4,0.7554285714285714,0.00025109312829654616
5,0.7485714285714286,4.7048605105694475e-05
6,0.7715714285714286,2.77863962431224e-05
7,0.7892857142857143,7.8562258156062e-05
8,0.7632857142857142,0.0008940983740222736
9,0.7948571428571428,3.414127891401212e-05
