Iteration,Accuracy,Weight Decay
0,0.6475548060708263,0.041773682891187935
1,0.8052276559865092,0.018334280241060232
2,0.8558178752107926,0.008046832567607796
3,0.845699831365936,0.003531718372347135
4,0.8650927487352446,0.001550055199580515
5,0.8895446880269815,0.0006803122073830045
