Iteration,Accuracy,Weight Decay
0,0.7927142857142857,2.869377067127777e-06
1,0.6382857142857142,0.00277374762232651
2,0.91,0.00190932807667502
3,0.931,0.0019179102616724
