Iteration,Accuracy,Weight Decay
0,0.7884285714285715,0.0715000506746646
1,0.8441428571428572,0.046500095126124755
2,0.896,0.021500139577584912
3,0.9021428571428571,-0.003499815970954903
