Iteration,Accuracy,Weight Decay
0,0.803,0.002297389418863703
1,0.8305714285714285,8.389211088232821e-05
2,0.87,3.0634276498817596e-06
3,0.8771428571428571,1.118649759477795e-07
