Iteration,Accuracy,Weight Decay
0,0.6394285714285715,0.000325310943396594
1,0.6508571428571429,0.0011080100926191805
2,0.676,1.2947456824825428e-05
3,0.678,0.0005804681942872137
4,0.6772857142857143,0.0004895074542425036
5,0.6781428571428572,3.135824342848197e-05
6,0.6615714285714286,0.001228176930059236
7,0.6637142857142857,0.0001579336759692121
8,0.6681428571428571,0.0018720898435669443
9,0.7065714285714285,3.341266114437216e-05
