Iteration,Accuracy,Weight Decay
0,0.7867463876432487,0.0007924828983539
1,0.8550074738415545,0.00019812203523477496
2,0.8470353761833582,1.7073526474706922e-06
3,0.8759342301943199,0.00043789432981655344
4,0.8953662182361734,0.0008342823480416806
5,0.8858993522670653,6.949760391706498e-06
6,0.8993522670652716,0.0089021508544503
7,0.9083208769307424,0.0006579332246575
