Iteration,Accuracy,Weight Decay
0,0.4145490782262083,0.006279384780326849
1,0.3403089187842551,0.003864730540142479
2,0.3218734429496761,0.0005404686564783178
3,0.5505729945191828,0.0005964336308247492
4,0.6098654708520179,0.00046141319675173793
5,0.5854509217737918,0.00012193372102207427
6,0.6198305929247633,0.0007506017867844833
7,0.5944195316392625,0.0026243751019835162
