Iteration,Accuracy,Weight Decay
0,0.6762857142857143,0.09746673418161543
1,0.6788571428571428,0.09340111078410944
2,0.6862857142857143,0.0838891336884537
3,0.6872857142857143,0.06570110725289291
4,0.7114285714285714,0.041338346412298756
5,0.7312857142857143,0.020587178380980863
6,0.7337142857142858,0.00870673956906492
7,0.7494285714285714,0.0033896881950003137
8,0.7794285714285715,0.0012744104865876579
9,0.7715714285714286,0.00047274822582090244
