Iteration,Accuracy,Weight Decay
0,0.5455904334828101,0.0019651531060601536
1,0.6422521175884405,0.0018458080693910348
2,0.6706527154957648,0.0017264630327219162
3,0.6826108619830593,0.0016071179960527975
4,0.7309417040358744,0.0014877729593836787
5,0.7463876432486298,0.00136842792271456
6,0.7658196312904834,0.0012490828860454411
7,0.7573492775286498,0.0011297378493763223
