Iteration,Accuracy,Weight Decay
0,0.7491428571428571,0.0033977714287433238
1,0.7974285714285714,0.003350033414075676
2,0.8424285714285714,0.0033022953994080286
3,0.8527142857142858,0.003254557384740381
4,0.8621428571428571,0.0032068193700727343
5,0.8705714285714286,0.0031590813554050867
6,0.8798571428571429,0.003111343340737439
7,0.8857142857142857,0.0030636053260697915
8,0.8862857142857142,0.003015867311402144
9,0.8957142857142857,0.0029681292967344963
