Iteration,Accuracy,Weight Decay
0,0.7107925801011804,0.09623406949124648
1,0.8372681281618887,0.08285422480701589
2,0.8524451939291737,0.047877320869366004
3,0.8718381112984823,0.015206179604296878
4,0.8895446880269815,0.003819399833108084
5,0.8861720067453626,0.0013164192457227669
