Iteration,Accuracy,Weight Decay
0,0.6441821247892074,0.06801802122791924
1,0.7099494097807757,0.043527664608961875
2,0.8296795952782462,0.02455315407535525
3,0.8819561551433389,0.011094489627099403
4,0.8920741989881956,0.0031516712641943057
5,0.9021922428330523,0.0007246989866399735
