Iteration,Accuracy,Weight Decay
0,0.8468571428571429,0.0033261644067418524
1,0.868,0.0032068193700727343
2,0.8852857142857142,0.0030874743334036153
3,0.9015714285714286,0.0029681292967344963
