Iteration,Accuracy,Weight Decay
0,0.7535714285714286,0.0071340919757048255
1,0.8561428571428571,1.7697434982290845e-06
2,0.8968571428571429,0.00023777479666081832
3,0.8921428571428571,0.001284764685431755
4,0.9101428571428571,0.00277374762232651
5,0.9178571428571428,0.003298654464196375
6,0.9144285714285715,0.00258257950735642
7,0.9192857142857143,0.001485072748559495
8,0.9307142857142857,0.0013682422858920349
9,0.931,0.0019179102616724
