Iteration,Accuracy,Weight Decay
0,0.43248629795715,0.09455040875321775
1,0.4120577977080219,0.08247266789928005
2,0.5032386646736422,0.06545137301945098
3,0.5241654210264076,0.04607786196076218
4,0.5764823119083209,0.02730157616058396
5,0.6596910812157449,0.011981034924538829
6,0.7115097159940209,0.002448651774762514
7,0.7344294967613353,0.00015564563454001894
