Iteration,Accuracy,Weight Decay
0,0.7941428571428572,0.002297389418863703
1,0.8842857142857142,8.389211088232821e-05
2,0.9075714285714286,3.0634276498817596e-06
3,0.9178571428571428,1.118649759477795e-07
