Iteration,Accuracy,Weight Decay
0,0.5271549576482312,6.755240788248525e-05
1,0.38515196811160934,3.9188125111893154e-05
2,0.5411061285500748,0.0009388340726739197
3,0.5465869456900847,1.120588965799665e-05
4,0.5819631290483308,5.11568669242071e-05
5,0.600896860986547,0.007481499776726283
6,0.6547085201793722,1.3662147168202701e-05
7,0.656203288490284,0.0008261854256136283
