Iteration,Accuracy,Weight Decay
0,0.8337142857142857,0.002297389418863703
1,0.8921428571428571,8.389211088232821e-05
2,0.908,3.0634276498817596e-06
3,0.9281428571428572,1.118649759477795e-07
