Iteration,Accuracy,Weight Decay
0,0.7894285714285715,0.0033261644067418524
1,0.7852857142857143,0.0032068193700727343
2,0.772,0.0030874743334036153
3,0.7757142857142857,0.0029681292967344963
