Iteration,Accuracy,Weight Decay
0,0.7066666666666667,5.99030482063902e-05
1,0.767816091954023,-5.944198846272857e-05
2,0.7719540229885058,-0.00017878702513184736
3,0.7958620689655173,-0.0002981320618009661
4,0.7894252873563219,-0.0004174770984700848
5,0.8087356321839081,-0.0005368221351392036
6,0.8096551724137931,-0.0006561671718083224
7,0.8202298850574713,-0.0007755122084774412
