Iteration,Accuracy,Weight Decay
0,0.7029885057471265,5.95501370565999e-05
1,0.766896551724138,5.95501370565999e-05
2,0.799080459770115,5.95501370565999e-05
3,0.8045977011494253,5.95501370565999e-05
4,0.792183908045977,5.95501370565999e-05
5,0.8009195402298851,5.95501370565999e-05
6,0.8068965517241379,5.95501370565999e-05
7,0.8248275862068966,5.95501370565999e-05
