Iteration,Accuracy,Weight Decay
0,0.5612857142857143,0.09746673418161543
1,0.5828571428571429,0.09340111078410944
2,0.5695714285714286,0.0838891336884537
3,0.5457142857142857,0.06570110725289291
4,0.5795714285714286,0.041338346412298756
5,0.6275714285714286,0.020587178380980863
6,0.701,0.00870673956906492
7,0.6872857142857143,0.0033896881950003137
8,0.721,0.0012744104865876579
9,0.7692857142857142,0.00047274822582090244
