Iteration,Accuracy,Weight Decay
0,0.7175379426644182,0.06801802122791924
1,0.7892074198988196,0.043527664608961875
2,0.8507588532883642,0.02455315407535525
3,0.8735244519392917,0.011094489627099403
4,0.9114671163575042,0.0031516712641943057
5,0.8996627318718381,0.0007246989866399735
