Iteration,Accuracy,Weight Decay
0,0.7978571428571428,1.3372643152477729e-05
1,0.8325714285714285,0.0005274207554756432
2,0.8637142857142858,0.0038191332878949554
3,0.887,4.3778702492923465e-05
4,0.8687142857142857,0.0001409315821025586
5,0.9095714285714286,0.0013810428164822272
6,0.9162857142857143,0.004156343582940331
7,0.9138571428571428,0.00014500536888145728
8,0.9251428571428572,7.074680251495128e-05
9,0.9292857142857143,1.443124477796971e-05
