Iteration,Accuracy,Weight Decay
0,0.7344285714285714,1.77805840656653e-07
1,0.8018571428571428,1.77805840656653e-07
2,0.8562857142857143,1.77805840656653e-07
3,0.8907142857142857,1.77805840656653e-07
4,0.8908571428571429,1.77805840656653e-07
5,0.8935714285714286,1.77805840656653e-07
6,0.912,1.77805840656653e-07
7,0.9191428571428572,1.77805840656653e-07
8,0.9231428571428572,1.77805840656653e-07
9,0.9248571428571428,1.77805840656653e-07
