Iteration,Accuracy,Weight Decay
0,0.8105714285714286,0.0715000506746646
1,0.8641428571428571,0.046500095126124755
2,0.8982857142857142,0.021500139577584912
3,0.8962857142857142,-0.003499815970954903
