Iteration,Accuracy,Weight Decay
0,0.4992526158445441,0.08500022719836783
1,0.4240159441953164,0.07250041653034103
2,0.39810662680617837,0.06000060586231423
3,0.46736422521175885,0.047500795194287425
4,0.5166915794718485,0.03500098452626062
5,0.502740408570005,0.022501173858233817
6,0.6292974588938715,0.010001363190207016
7,0.6412556053811659,-0.0024984474778197846
