Iteration,Accuracy,Weight Decay
0,0.7302857142857143,0.016739508918050823
1,0.8098571428571428,0.004453867730520001
2,0.8527142857142858,0.0011850370197883447
3,0.8731428571428571,0.0003153018507141175
4,0.8471428571428572,8.389211088232821e-05
5,0.8567142857142858,2.2321106750096656e-05
6,0.8901428571428571,5.938958995179634e-06
7,0.8915714285714286,1.5801740631105742e-06
8,0.8931428571428571,4.204356473506604e-07
9,0.8962857142857142,1.118649759477795e-07
