Iteration,Accuracy,Weight Decay
0,0.7797142857142857,0.08126216613380753
1,0.843,0.04451338310406878
2,0.8807142857142857,0.010978637918546164
3,0.8952857142857142,0.0003021294961929753
