Iteration,Accuracy,Weight Decay
0,0.5998571428571429,0.08956689623880071
1,0.6531428571428571,0.041338346412298756
2,0.6905714285714286,0.005468299804777157
3,0.7094285714285714,0.00047274822582090244
