Iteration,Accuracy,Weight Decay
0,0.6957142857142857,1.77805840656653e-07
1,0.8188571428571428,1.77805840656653e-07
2,0.851,1.77805840656653e-07
3,0.882,1.77805840656653e-07
4,0.8922857142857142,1.77805840656653e-07
5,0.8991428571428571,1.77805840656653e-07
6,0.9154285714285715,1.77805840656653e-07
7,0.9177142857142857,1.77805840656653e-07
8,0.9185714285714286,1.77805840656653e-07
9,0.9265714285714286,1.77805840656653e-07
