Iteration,Accuracy,Weight Decay
0,0.5504285714285714,0.0715000506746646
1,0.5452857142857143,0.046500095126124755
2,0.5437142857142857,0.021500139577584912
3,0.6508571428571429,-0.003499815970954903
