Iteration,Accuracy,Weight Decay
0,0.7877142857142857,0.0033261644067418524
1,0.8565714285714285,0.0032068193700727343
2,0.8818571428571429,0.0030874743334036153
3,0.8947142857142857,0.0029681292967344963
