Iteration,Accuracy,Weight Decay
0,0.7912306925759841,0.0007924828983539
1,0.8256103637269556,0.00019812203523477496
2,0.8570004982561036,1.7073526474706922e-06
3,0.8599900348779272,0.00043789432981655344
4,0.8819133034379671,0.0008342823480416806
5,0.8888888888888888,6.949760391706498e-06
6,0.8873941205779771,0.0089021508544503
7,0.8998505231689088,0.0006579332246575
