Iteration,Accuracy,Weight Decay
0,0.6458684654300169,0.0003139551541520559
1,0.6652613827993255,0.00019461011748293712
2,0.8102866779089376,7.526508081381837e-05
3,0.8735244519392917,-4.4079955855300356e-05
4,0.8895446880269815,-0.0001634249925244192
5,0.8693086003372681,-0.0002827700291935379
