Iteration,Accuracy,Weight Decay
0,0.7518684603886397,0.018925488238263552
1,0.8599900348779272,0.0047270079827679235
2,0.8684603886397608,0.0011806619828161344
3,0.8794220229197808,0.00029489324383393244
4,0.8868958644743398,7.365531077021373e-05
5,0.8963627304434479,1.8396843325823638e-05
6,0.8948679621325362,4.594968656242079e-06
7,0.8928749377179871,1.1476825984711098e-06
