Iteration,Accuracy,Weight Decay
0,0.4469357249626308,0.08500022719836783
1,0.35625311410064775,0.07250041653034103
2,0.38714499252615847,0.06000060586231423
3,0.38066766317887396,0.047500795194287425
4,0.43398106626806177,0.03500098452626062
5,0.476831091180867,0.022501173858233817
6,0.5844544095665172,0.010001363190207016
7,0.5072247135027405,-0.0024984474778197846
