Iteration,Accuracy,Weight Decay
0,0.739412057797708,0.018925488238263552
1,0.7882411559541604,0.0047270079827679235
2,0.8121574489287494,0.0011806619828161344
3,0.8031888390632785,0.00029489324383393244
4,0.8126557050323866,7.365531077021373e-05
5,0.8161434977578476,1.8396843325823638e-05
6,0.8136522172396612,4.594968656242079e-06
7,0.807673143996014,1.1476825984711098e-06
