Iteration,Accuracy,Weight Decay
0,0.48,5.99030482063902e-05
1,0.7383908045977011,-5.944198846272857e-05
2,0.7622988505747127,-0.00017878702513184736
3,0.7742528735632184,-0.0002981320618009661
4,0.7963218390804597,-0.0004174770984700848
5,0.8041379310344827,-0.0005368221351392036
6,0.8101149425287356,-0.0006561671718083224
7,0.8211494252873563,-0.0007755122084774412
