Iteration,Accuracy,Weight Decay
0,0.7882411559541604,0.0009153967664397973
1,0.8490284005979073,0.00021505974026028298
2,0.8405580468360737,4.017049864439464e-05
3,0.8789237668161435,0.0075356279767760555
4,0.8878923766816144,0.00044409401644181494
5,0.8973592426507224,2.254716733200941e-05
6,0.8993522670652716,1.9887451245750064e-05
7,0.8968609865470852,2.2561879969458503e-05
