Iteration,Accuracy,Weight Decay
0,0.6604285714285715,0.07482254476706554
1,0.6147142857142858,0.05852257374941756
2,0.5695714285714286,0.04422259917565277
3,0.5778571428571428,0.03192262104577116
4,0.578,0.021622639359772756
5,0.5962857142857143,0.013322654117657533
6,0.6342857142857142,0.007022665319425497
7,0.6662857142857143,0.0027226729650766464
8,0.7252857142857143,0.00042267705461097914
9,0.8077142857142857,0.0001226775880285013
