Iteration,Accuracy,Weight Decay
0,0.5510712506228201,8.331644281299458e-05
1,0.5665171898355755,8.573991408462102e-05
2,0.5964125560538116,0.0003135476630414583
3,0.6791230692575984,0.00731403545456508
4,0.7030393622321873,0.003439831410624906
5,0.7448928749377179,2.1072020058164515e-05
6,0.7473841554559043,0.0009214156296840259
7,0.726457399103139,0.0024305563634943773
