Iteration,Accuracy,Weight Decay
0,0.7512647554806071,0.06801802122791924
1,0.760539629005059,0.043527664608961875
2,0.8145025295109612,0.02455315407535525
3,0.8566610455311973,0.011094489627099403
4,0.8532883642495784,0.0031516712641943057
5,0.8861720067453626,0.0007246989866399735
