Iteration,Accuracy,Weight Decay
0,0.6568296795952783,0.000714770463686342
1,0.8018549747048904,0.000714770463686342
2,0.8313659359190556,0.000714770463686342
3,0.8701517706576728,0.000714770463686342
4,0.866779089376054,0.000714770463686342
5,0.8903878583473862,0.000714770463686342
