Iteration,Accuracy,Weight Decay
0,0.7259591429995017,0.0019651531060601536
1,0.8375685102142502,0.0018458080693910348
2,0.8604882909815645,0.0017264630327219162
3,0.8819133034379671,0.0016071179960527975
4,0.8928749377179871,0.0014877729593836787
5,0.9003487792725461,0.00136842792271456
6,0.8968609865470852,0.0012490828860454411
7,0.9033383158943697,0.0011297378493763223
