Iteration,Accuracy,Weight Decay
0,0.5892857142857143,0.08650002400378849
1,0.5544285714285714,0.07650004178437256
2,0.5455714285714286,0.06650005956495662
3,0.5847142857142857,0.05650007734554069
4,0.5864285714285714,0.046500095126124755
5,0.5758571428571428,0.03650011290670882
6,0.7151428571428572,0.026500130687292886
7,0.7258571428571429,0.01650014846787695
8,0.728,0.006500166248461017
9,0.7331428571428571,-0.003499815970954903
