Iteration,Accuracy,Weight Decay
0,0.7777142857142857,0.0033261644067418524
1,0.8257142857142857,0.0032068193700727343
2,0.8842857142857142,0.0030874743334036153
3,0.8968571428571429,0.0029681292967344963
