Iteration,Accuracy,Weight Decay
0,0.6924137931034483,5.99030482063902e-05
1,0.7429885057471264,-5.944198846272857e-05
2,0.7664367816091954,-0.00017878702513184736
3,0.7802298850574713,-0.0002981320618009661
4,0.825287356321839,-0.0004174770984700848
5,0.8685057471264368,-0.0005368221351392036
6,0.8928735632183908,-0.0006561671718083224
7,0.9029885057471264,-0.0007755122084774412
