Iteration,Accuracy,Weight Decay
0,0.7328735632183908,2.4313285004204436e-08
1,0.767816091954023,1.7640969257885612e-07
2,0.7774712643678161,3.199267137797384e-07
3,0.7940229885057472,3.96396275506239e-05
4,0.8137931034482758,0.0005580305251442092
5,0.8188505747126437,1.5487250883917444e-05
6,0.8285057471264368,6.0274239009094145e-05
7,0.8124137931034483,1.3530477745798077e-08
