Iteration,Accuracy,Weight Decay
0,0.7715008431703204,0.09254828078406145
1,0.7925801011804384,0.07381604081063549
2,0.8397976391231029,0.04879807301935227
3,0.8617200674536256,0.024197921676153977
4,0.863406408094435,0.006607177467133997
5,0.8482293423271501,0.0007392660973616683
