Iteration,Accuracy,Weight Decay
0,0.487816091954023,0.00010910426545335922
1,0.7857471264367816,0.0001901523435946924
2,0.791264367816092,7.455384901705008e-05
3,0.8050574712643678,1.7714746361367245e-05
4,0.8091954022988506,6.475289929721019e-05
5,0.7627586206896552,4.560717424378106e-05
6,0.7880459770114943,2.3104600140656742e-05
7,0.8193103448275862,2.83876868370769e-05
