Iteration,Accuracy,Weight Decay
0,0.6264755480607083,0.004208624247808612
1,0.6753794266441822,0.00028083345877744526
2,0.739460370994941,1.6843505098461955e-05
3,0.8195615514333895,0.000882955939479535
4,0.8372681281618887,0.0005425882331782405
5,0.8887015177065767,0.0009271709177985313
