Iteration,Accuracy,Weight Decay
0,0.714,0.0005878429999443119
1,0.7778571428571428,9.363799098789809e-05
2,0.8287142857142857,1.0980671951617878e-05
3,0.8261428571428572,5.663741315942558e-05
4,0.8788571428571429,3.030605688018463e-05
5,0.8814285714285715,0.0005019872502788156
6,0.909,3.50794173649659e-05
7,0.92,1.3152624669873466e-05
8,0.927,0.0007151053381390314
9,0.9291428571428572,3.727620705063153e-05
