Iteration,Accuracy,Weight Decay
0,0.5455714285714286,0.08956689623880071
1,0.6208571428571429,0.041338346412298756
2,0.6808571428571428,0.005468299804777157
3,0.7432857142857143,0.00047274822582090244
