Iteration,Accuracy,Weight Decay
0,0.5261382799325464,2.8186939575466452e-05
1,0.40640809443507586,0.001163876532314927
2,0.8296795952782462,0.004276678769984803
3,0.8541315345699831,0.0008050196456895073
4,0.8465430016863407,0.00011484831981540556
5,0.851602023608769,0.002198348540874276
