Iteration,Accuracy,Weight Decay
0,0.7672849915682968,0.08245960944858459
1,0.7824620573355818,0.06591207119253231
2,0.8414839797639123,0.049364532936480035
3,0.8819561551433389,0.03281699468042776
4,0.9038785834738617,0.01626945642437548
5,0.8979763912310287,-0.00027808183167679634
