Iteration,Accuracy,Weight Decay
0,0.52,0.07570447663831846
1,0.52,0.05552899832223677
2,0.52,0.03847665906437205
3,0.52,0.02454745886472431
4,0.7149425287356321,0.013741397723293552
5,0.7397701149425288,0.006058475640079777
6,0.8036781609195403,0.0014986926150829848
7,0.8032183908045977,6.204864830317338e-05
