Iteration,Accuracy,Weight Decay
0,0.7006745362563238,0.000714770463686342
1,0.7925801011804384,0.000714770463686342
2,0.8406408094435076,0.000714770463686342
3,0.8659359190556493,0.000714770463686342
4,0.8709949409780776,0.000714770463686342
5,0.8962900505902193,0.000714770463686342
