Iteration,Accuracy,Weight Decay
0,0.44294967613353264,0.08500022719836783
1,0.3507722969606378,0.07250041653034103
2,0.35226706527154955,0.06000060586231423
3,0.41006477329347285,0.047500795194287425
4,0.4414549078226208,0.03500098452626062
5,0.465869456900847,0.022501173858233817
6,0.6223218734429496,0.010001363190207016
7,0.600896860986547,-0.0024984474778197846
