Iteration,Accuracy,Weight Decay
0,0.4808171400099651,0.0015829211037524304
1,0.42800199302441455,2.6462906786000446e-05
2,0.630293971101146,0.006508343662507433
3,0.7867463876432487,0.003681905574146237
4,0.7668161434977578,0.0003980101404702608
5,0.8056801195814649,0.0014399074881661581
6,0.8495266567015446,0.00033561187544037436
7,0.8664673642252118,0.000151435471188347
