Iteration,Accuracy,Weight Decay
0,0.6920777279521674,0.0722504203169805
1,0.8221225710014948,0.052563218514838285
2,0.8644743398106627,0.03600096937970277
3,0.8809167912306926,0.02256367291157395
4,0.8903836571998007,0.012251329110451837
5,0.8968609865470852,0.005063937976336426
6,0.8953662182361734,0.0010014995092277146
7,0.8898854010961634,6.401370912570431e-05
