Iteration,Accuracy,Weight Decay
0,0.6094285714285714,0.09746673418161543
1,0.7402857142857143,0.09340111078410944
2,0.7647142857142857,0.0838891336884537
3,0.7841428571428571,0.06570110725289291
4,0.7802857142857142,0.041338346412298756
5,0.837,0.020587178380980863
6,0.8614285714285714,0.00870673956906492
7,0.8815714285714286,0.0033896881950003137
8,0.9068571428571428,0.0012744104865876579
9,0.9225714285714286,0.00047274822582090244
