Iteration,Accuracy,Weight Decay
0,0.38266068759342303,0.09706882132280426
1,0.3537618335824614,0.09046519793170772
2,0.40956651718983555,0.07310626521668034
3,0.4778276033881415,0.04378320141530977
4,0.611858495266567,0.018243790724546134
5,0.6895864474339811,0.006010088662594013
6,0.6880916791230692,0.0018001084090777473
7,0.7269556552067763,0.0005235193184478273
