Iteration,Accuracy,Weight Decay
0,0.5143338954468802,0.09254828078406145
1,0.5978077571669477,0.07381604081063549
2,0.6703204047217538,0.04879807301935227
3,0.8659359190556493,0.024197921676153977
4,0.842327150084317,0.006607177467133997
5,0.8836424957841484,0.0007392660973616683
