Iteration,Accuracy,Weight Decay
0,0.2082857142857143,0.05112258690704978
1,0.8018571428571428,0.021622639359772756
2,0.8402857142857143,0.004622669586765671
3,0.8868571428571429,0.0001226775880285013
