Iteration,Accuracy,Weight Decay
0,0.5494285714285714,0.08126216613380753
1,0.6965714285714286,0.04451338310406878
2,0.8272857142857143,0.010978637918546164
3,0.8997142857142857,0.0003021294961929753
