Iteration,Accuracy,Weight Decay
0,0.7268128161888702,0.08245960944858459
1,0.8043844856661045,0.06591207119253231
2,0.8600337268128162,0.049364532936480035
3,0.8777403035413154,0.03281699468042776
4,0.9047217537942664,0.01626945642437548
5,0.9013490725126475,-0.00027808183167679634
