Iteration,Accuracy,Weight Decay
0,0.7055306427503737,0.08500022719836783
1,0.8320876930742401,0.07250041653034103
2,0.852017937219731,0.06000060586231423
3,0.8694569008470354,0.047500795194287425
4,0.8749377179870453,0.03500098452626062
5,0.8804185351270553,0.022501173858233817
6,0.8868958644743398,0.010001363190207016
7,0.874439461883408,-0.0024984474778197846
