Iteration,Accuracy,Weight Decay
0,0.7232857142857143,0.09746673418161543
1,0.8192857142857143,0.09340111078410944
2,0.8077142857142857,0.0838891336884537
3,0.8674285714285714,0.06570110725289291
4,0.8854285714285715,0.041338346412298756
5,0.8961428571428571,0.020587178380980863
6,0.875,0.00870673956906492
7,0.9052857142857142,0.0033896881950003137
8,0.9191428571428572,0.0012744104865876579
9,0.9295714285714286,0.00047274822582090244
