Iteration,Accuracy,Weight Decay
0,0.7025287356321839,5.99030482063902e-05
1,0.7324137931034482,-5.944198846272858e-05
2,0.8004597701149425,-0.00017878702513184734
3,0.8050574712643678,-0.0002981320618009661
4,0.8183908045977012,-0.00041747709847008487
5,0.8225287356321839,-0.0005368221351392036
6,0.8694252873563219,-0.0006561671718083224
7,0.8974712643678161,-0.0007755122084774412
