Iteration,Accuracy,Weight Decay
0,0.5889387144992526,0.08500022719836783
1,0.7618335824613851,0.07250041653034103
2,0.8380667663178873,0.06000060586231423
3,0.872446437468859,0.047500795194287425
4,0.8789237668161435,0.03500098452626062
5,0.8953662182361734,0.022501173858233817
6,0.9038365719980069,0.010001363190207016
7,0.8839063278525162,-0.0024984474778197846
