Iteration,Accuracy,Weight Decay
0,0.52,2.4313285004204436e-08
1,0.6795402298850575,1.7640969257885612e-07
2,0.7167816091954023,3.199267137797384e-07
3,0.7774712643678161,3.96396275506239e-05
4,0.7779310344827586,0.0005580305251442092
5,0.8032183908045977,1.5487250883917444e-05
6,0.8087356321839081,6.0274239009094145e-05
7,0.8404597701149426,1.3530477745798077e-08
