Iteration,Accuracy,Weight Decay
0,0.7681281618887015,0.06801802122791924
1,0.806070826306914,0.043527664608961875
2,0.8473861720067454,0.02455315407535525
3,0.8718381112984823,0.011094489627099403
4,0.8743676222596964,0.0031516712641943057
5,0.8752107925801011,0.0007246989866399735
