Iteration,Accuracy,Weight Decay
0,0.6155143338954469,4.815297862032934e-06
1,0.7445193929173693,0.0004982290216050967
2,0.8263069139966274,1.409240098658793e-07
3,0.8347386172006745,0.00013713943858997027
4,0.8229342327150084,2.192787454395522e-07
5,0.872681281618887,1.6297508346206433e-08
