Iteration,Accuracy,Weight Decay
0,0.5085057471264368,0.00020948630528617483
1,0.743448275862069,1.4583516920618942e-05
2,0.7940229885057472,3.08620562951114e-05
3,0.8119540229885057,0.0010394697282828972
4,0.8101149425287356,0.0001122342904099713
5,0.8275862068965517,0.0021180319200769493
6,0.8505747126436781,0.0003381487640680435
7,0.8703448275862069,3.6714126917637906e-05
