Iteration,Accuracy,Weight Decay
0,0.5701149425287356,2.4313285004204436e-08
1,0.6933333333333334,1.7640969257885612e-07
2,0.7098850574712644,3.199267137797384e-07
3,0.784367816091954,3.96396275506239e-05
4,0.7940229885057472,0.0005580305251442092
5,0.856551724137931,1.5487250883917444e-05
6,0.8910344827586207,6.0274239009094145e-05
7,0.9006896551724138,1.3530477745798077e-08
