Iteration,Accuracy,Weight Decay
0,0.6718571428571428,0.07482254476706554
1,0.7388571428571429,0.05852257374941756
2,0.7365714285714285,0.04422259917565277
3,0.8265714285714286,0.03192262104577116
4,0.8624285714285714,0.021622639359772756
5,0.8787142857142857,0.013322654117657533
6,0.8982857142857142,0.007022665319425497
7,0.9061428571428571,0.0027226729650766464
8,0.9092857142857143,0.00042267705461097914
9,0.9327142857142857,0.0001226775880285013
