Iteration,Accuracy,Weight Decay
0,0.31057142857142855,0.09557017170827971
1,0.6057142857142858,0.08698157789648651
2,0.6685714285714286,0.07477297827681818
3,0.7391428571428571,0.06013943564236318
4,0.7832857142857143,0.04451338310406878
5,0.8171428571428572,0.029424407557493124
6,0.8408571428571429,0.01634952306020954
7,0.8437142857142857,0.006568590404889097
8,0.8982857142857142,0.0010390354275995517
9,0.9054285714285715,0.0003021294961929753
