Iteration,Accuracy,Weight Decay
0,0.6829679595278246,0.06801802122791924
1,0.8440134907251264,0.043527664608961875
2,0.8549747048903878,0.02455315407535525
3,0.8777403035413154,0.011094489627099403
4,0.8979763912310287,0.0031516712641943057
5,0.9064080944350759,0.0007246989866399735
