Iteration,Accuracy,Weight Decay
0,0.6222596964586846,0.06801802122791924
1,0.7360876897133221,0.043527664608961875
2,0.8237774030354131,0.02455315407535525
3,0.8381112984822934,0.011094489627099403
4,0.863406408094435,0.0031516712641943057
5,0.8802698145025295,0.0007246989866399735
