Iteration,Accuracy,Weight Decay
0,0.6387643248629796,0.018925488238263552
1,0.7259591429995017,0.0047270079827679235
2,0.7438963627304435,0.0011806619828161344
3,0.7518684603886397,0.00029489324383393244
4,0.757847533632287,7.365531077021373e-05
5,0.7159940209267563,1.8396843325823638e-05
6,0.7110114598903836,4.594968656242079e-06
7,0.7404085700049826,1.1476825984711098e-06
