Iteration,Accuracy,Weight Decay
0,0.8043844856661045,0.06801802122791924
1,0.8389544688026982,0.043527664608961875
2,0.8642495784148398,0.02455315407535525
3,0.8929173693086003,0.011094489627099403
4,0.8920741989881956,0.0031516712641943057
5,0.9047217537942664,0.0007246989866399735
