Iteration,Accuracy,Weight Decay
0,0.5666104553119731,4.815297862032934e-06
1,0.7023608768971332,0.0004982290216050967
2,0.7580101180438449,1.409240098658793e-07
3,0.8246205733558178,0.00013713943858997027
4,0.8490725126475548,2.192787454395522e-07
5,0.8583473861720068,1.6297508346206433e-08
