Iteration,Accuracy,Weight Decay
0,0.7011494252873564,2.4313285004204436e-08
1,0.759080459770115,1.7640969257885612e-07
2,0.7875862068965517,3.199267137797384e-07
3,0.7954022988505747,3.96396275506239e-05
4,0.8114942528735632,0.0005580305251442092
5,0.825287356321839,1.5487250883917444e-05
6,0.8312643678160919,6.0274239009094145e-05
7,0.8381609195402299,1.3530477745798077e-08
