Iteration,Accuracy,Weight Decay
0,0.7622259696458684,0.06801802122791924
1,0.8305227655986509,0.043527664608961875
2,0.8617200674536256,0.02455315407535525
3,0.866779089376054,0.011094489627099403
4,0.8895446880269815,0.0031516712641943057
5,0.8802698145025295,0.0007246989866399735
