Iteration,Accuracy,Weight Decay
0,0.642495784148398,4.815297862032934e-06
1,0.7411467116357504,0.0004982290216050967
2,0.815345699831366,1.409240098658793e-07
3,0.8566610455311973,0.00013713943858997027
4,0.8768971332209107,2.192787454395522e-07
5,0.8811129848229342,1.6297508346206433e-08
