Iteration,Accuracy,Weight Decay
0,0.7865714285714286,0.09746673418161543
1,0.8315714285714285,0.09340111078410944
2,0.8358571428571429,0.0838891336884537
3,0.8611428571428571,0.06570110725289291
4,0.7125714285714285,0.041338346412298756
5,0.8871428571428571,0.020587178380980863
6,0.9048571428571428,0.00870673956906492
7,0.9028571428571428,0.0033896881950003137
8,0.9042857142857142,0.0012744104865876579
9,0.9175714285714286,0.00047274822582090244
