Iteration,Accuracy,Weight Decay
0,0.7924285714285715,0.002297389418863703
1,0.8411428571428572,8.389211088232821e-05
2,0.903,3.0634276498817596e-06
3,0.9175714285714286,1.118649759477795e-07
