Iteration,Accuracy,Weight Decay
0,0.6500843170320405,4.815297862032934e-06
1,0.7259696458684655,0.0004982290216050967
2,0.7883642495784149,1.409240098658793e-07
3,0.8499156829679595,0.00013713943858997027
4,0.8819561551433389,2.192787454395522e-07
5,0.8743676222596964,1.6297508346206433e-08
