Iteration,Accuracy,Weight Decay
0,0.458395615346288,0.0722504203169805
1,0.5959142999501744,0.052563218514838285
2,0.6576980568011959,0.03600096937970277
3,0.7678126557050324,0.02256367291157395
4,0.7907324364723468,0.012251329110451837
5,0.8589935226706528,0.005063937976336426
6,0.8719481813652217,0.0010014995092277146
7,0.8868958644743398,6.401370912570431e-05
