Iteration,Accuracy,Weight Decay
0,0.6011804384485666,0.09623406949124648
1,0.6045531197301856,0.08285422480701589
2,0.790893760539629,0.047877320869366004
3,0.815345699831366,0.015206179604296877
4,0.8381112984822934,0.003819399833108084
5,0.8591905564924115,0.0013164192457227669
