Iteration,Accuracy,Weight Decay
0,0.5338571428571428,0.09746673418161543
1,0.6657142857142857,0.09340111078410944
2,0.7218571428571429,0.0838891336884537
3,0.7471428571428571,0.06570110725289291
4,0.7671428571428571,0.041338346412298756
5,0.7612857142857142,0.020587178380980863
6,0.779,0.00870673956906492
7,0.842,0.0033896881950003137
8,0.8804285714285714,0.0012744104865876579
9,0.9108571428571428,0.00047274822582090244
