Iteration,Accuracy,Weight Decay
0,0.5101180438448567,3.924360840140919e-05
1,0.3288364249578415,1.2582379834562799e-05
2,0.7664418212478921,0.0002661188746005016
3,0.8161888701517707,0.00012508768814865993
4,0.790893760539629,0.00020493764086188229
5,0.842327150084317,7.771694048673156e-05
