Iteration,Accuracy,Weight Decay
0,0.7912306925759841,0.0007924828983539
1,0.861484803188839,0.00019812203523477496
2,0.872446437468859,1.7073526474706922e-06
3,0.8739412057797707,0.00043789432981655344
4,0.8749377179870453,0.0008342823480416806
5,0.8754359740906826,6.949760391706498e-06
6,0.8764324862979571,0.0089021508544503
7,0.8863976083707026,0.0006579332246575
