Iteration,Accuracy,Weight Decay
0,0.7386172006745363,0.0003139551541520559
1,0.8077571669477235,0.00019461011748293712
2,0.842327150084317,7.526508081381837e-05
3,0.8600337268128162,-4.4079955855300356e-05
4,0.8735244519392917,-0.0001634249925244192
5,0.8819561551433389,-0.0002827700291935379
