Iteration,Accuracy,Weight Decay
0,0.5146985550572994,0.0722504203169805
1,0.43248629795715,0.052563218514838285
2,0.700548081714001,0.03600096937970277
3,0.759840558046836,0.02256367291157395
4,0.8101644245142003,0.012251329110451837
5,0.8599900348779272,0.005063937976336426
6,0.8834080717488789,0.0010014995092277146
7,0.8938714499252616,6.401370912570431e-05
