Iteration,Accuracy,Weight Decay
0,0.5525660189337319,0.09455040875321775
1,0.5067264573991032,0.08247266789928005
2,0.4987543597409068,0.06545137301945098
3,0.5181863477827603,0.04607786196076218
4,0.5994020926756353,0.02730157616058396
5,0.6268061783756851,0.011981034924538829
6,0.7244643746885899,0.002448651774762514
7,0.7379172894867962,0.00015564563454001894
