Iteration,Accuracy,Weight Decay
0,0.7209106239460371,0.041773682891187935
1,0.7917369308600337,0.018334280241060232
2,0.821247892074199,0.008046832567607796
3,0.8549747048903878,0.003531718372347135
4,0.8558178752107926,0.001550055199580515
5,0.8861720067453626,0.0006803122073830045
