Iteration,Accuracy,Weight Decay
0,0.7458893871449925,0.0007924828983539
1,0.8111609367214748,0.00019812203523477496
2,0.8375685102142502,1.7073526474706922e-06
3,0.866965620328849,0.00043789432981655344
4,0.8804185351270553,0.0008342823480416806
5,0.8824115595416044,6.949760391706498e-06
6,0.9003487792725461,0.0089021508544503
7,0.8873941205779771,0.0006579332246575
