Iteration,Accuracy,Weight Decay
0,0.8271428571428572,0.00025246074450035463
1,0.8764285714285714,0.00012597319660493175
2,0.8821428571428571,0.0007261713848927437
3,0.932,4.4002500926523375e-05
