Iteration,Accuracy,Weight Decay
0,0.6841056302939711,0.09455040875321775
1,0.6706527154957648,0.08247266789928005
2,0.7120079720976582,0.06545137301945098
3,0.7638266068759342,0.04607786196076218
4,0.8181365221723966,0.02730157616058396
5,0.8515196811160937,0.011981034924538829
6,0.872446437468859,0.002448651774762514
7,0.8769307424015944,0.00015564563454001894
