Iteration,Accuracy,Weight Decay
0,0.6571428571428571,0.002297389418863703
1,0.8278571428571428,8.389211088232821e-05
2,0.8578571428571429,3.0634276498817596e-06
3,0.8504285714285714,1.118649759477795e-07
