Iteration,Accuracy,Weight Decay
0,0.7420689655172413,0.0007421399650972729
1,0.7291954022988506,0.00027337156529558157
2,0.8045977011494253,0.001037143405488777
3,0.8101149425287356,0.006493043139717748
4,0.8239080459770115,6.712208198060302e-05
5,0.7972413793103448,4.797073388112739e-05
6,0.8091954022988506,0.0015556072297005618
7,0.7829885057471264,9.671835052649697e-05
