Iteration,Accuracy,Weight Decay
0,0.5101180438448567,0.0032566131234218992
1,0.5902192242833052,0.003548493665562485
2,0.7934232715008431,2.2430051204812692e-05
3,0.8313659359190556,0.00025318879234878376
4,0.851602023608769,0.00010304540199142717
5,0.857504215851602,0.001796462549897599
