Iteration,Accuracy,Weight Decay
0,0.6745362563237775,0.000714770463686342
1,0.7495784148397976,0.000714770463686342
2,0.8397976391231029,0.000714770463686342
3,0.8583473861720068,0.000714770463686342
4,0.8743676222596964,0.000714770463686342
5,0.8903878583473862,0.000714770463686342
