Iteration,Accuracy,Weight Decay
0,0.44042857142857145,0.0001553883202051292
1,0.8112857142857143,1.852790348957202e-05
2,0.8601428571428571,0.00022917295639438134
3,0.8845714285714286,1.3851883081217141e-05
