Iteration,Accuracy,Weight Decay
0,0.4982561036372696,0.09455040875321775
1,0.4982561036372696,0.08247266789928005
2,0.5455904334828101,0.06545137301945098
3,0.6422521175884405,0.04607786196076218
4,0.7742899850523169,0.02730157616058396
5,0.833582461385152,0.011981034924538829
6,0.8375685102142502,0.002448651774762514
7,0.8425510712506228,0.00015564563454001894
