Iteration,Accuracy,Weight Decay
0,0.6045531197301856,0.0003139551541520559
1,0.7799325463743676,0.00019461011748293712
2,0.7942664418212478,7.526508081381837e-05
3,0.8507588532883642,-4.4079955855300356e-05
4,0.8473861720067454,-0.0001634249925244192
5,0.863406408094435,-0.0002827700291935379
