Iteration,Accuracy,Weight Decay
0,0.6914942528735633,5.95501370565999e-05
1,0.6901149425287356,5.95501370565999e-05
2,0.767816091954023,5.95501370565999e-05
3,0.7558620689655172,5.95501370565999e-05
4,0.7917241379310345,5.95501370565999e-05
5,0.8018390804597701,5.95501370565999e-05
6,0.8073563218390805,5.95501370565999e-05
7,0.8096551724137931,5.95501370565999e-05
