Iteration,Accuracy,Weight Decay
0,0.7112643678160919,4.2387040982556744e-05
1,0.7641379310344828,0.0019284542555456732
2,0.7714942528735632,0.00541442531356998
3,0.7954022988505747,0.0011543254880208604
4,0.8050574712643678,0.00030024274698613987
5,0.8133333333333334,2.9696306385410818e-05
6,0.8082758620689655,7.361395513608157e-05
7,0.8206896551724138,2.406148261591078e-05
