Iteration,Accuracy,Weight Decay
0,0.6973018549747049,0.041773682891187935
1,0.7639123102866779,0.018334280241060232
2,0.7723440134907251,0.008046832567607796
3,0.8204047217537943,0.003531718372347135
4,0.8549747048903878,0.001550055199580515
5,0.8625632377740303,0.0006803122073830045
