Iteration,Accuracy,Weight Decay
0,0.7015177065767285,0.0003139551541520559
1,0.7757166947723441,0.00019461011748293712
2,0.8069139966273187,7.526508081381837e-05
3,0.8170320404721754,-4.4079955855300356e-05
4,0.8414839797639123,-0.0001634249925244192
5,0.8010118043844857,-0.0002827700291935379
