Iteration,Accuracy,Weight Decay
0,0.6407142857142857,0.0071340919757048255
1,0.6364285714285715,1.7697434982290845e-06
2,0.6165714285714285,0.00023777479666081832
3,0.6141428571428571,0.001284764685431755
4,0.6015714285714285,0.00277374762232651
5,0.676,0.003298654464196375
6,0.6861428571428572,0.00258257950735642
7,0.6588571428571428,0.001485072748559495
8,0.7361428571428571,0.0013682422858920349
9,0.8,0.0019179102616724
