Iteration,Accuracy,Weight Decay
0,0.6397608370702541,0.0722504203169805
1,0.5650224215246636,0.052563218514838285
2,0.7020428500249128,0.03600096937970277
3,0.6337817638266069,0.02256367291157395
4,0.7568510214250125,0.012251329110451837
5,0.7658196312904834,0.005063937976336426
6,0.807673143996014,0.0010014995092277146
7,0.796711509715994,6.401370912570431e-05
