Iteration,Accuracy,Weight Decay
0,0.7055306427503737,0.0007924828983539
1,0.802192326856004,0.00019812203523477496
2,0.8136522172396612,1.7073526474706922e-06
3,0.8285999003487793,0.00043789432981655344
4,0.874439461883408,0.0008342823480416806
5,0.8769307424015944,6.949760391706498e-06
6,0.8784255107125062,0.0089021508544503
7,0.8863976083707026,0.0006579332246575
