Iteration,Accuracy,Weight Decay
0,0.6602023608768971,0.09254828078406145
1,0.6905564924114671,0.07381604081063549
2,0.8145025295109612,0.04879807301935227
3,0.8347386172006745,0.024197921676153977
4,0.8659359190556493,0.006607177467133997
5,0.8431703204047217,0.0007392660973616683
