Iteration,Accuracy,Weight Decay
0,0.6114942528735632,2.4313285004204436e-08
1,0.7167816091954023,1.7640969257885612e-07
2,0.7572413793103449,3.199267137797384e-07
3,0.774712643678161,3.96396275506239e-05
4,0.7977011494252874,0.0005580305251442092
5,0.7931034482758621,1.5487250883917444e-05
6,0.8147126436781609,6.0274239009094145e-05
7,0.8216091954022988,1.3530477745798077e-08
