Iteration,Accuracy,Weight Decay
0,0.5281514698555058,0.018925488238263552
1,0.5824613851519681,0.0047270079827679235
2,0.6163428001993024,0.0011806619828161344
3,0.6532137518684604,0.00029489324383393244
4,0.6686596910812157,7.365531077021373e-05
5,0.6631788739412058,1.8396843325823638e-05
6,0.6681614349775785,4.594968656242079e-06
7,0.7065271549576483,1.1476825984711098e-06
