Iteration,Accuracy,Weight Decay
0,0.6644182124789207,0.09623406949124648
1,0.8010118043844857,0.08285422480701589
2,0.8347386172006745,0.047877320869366004
3,0.8836424957841484,0.015206179604296877
4,0.893760539629005,0.003819399833108084
5,0.8811129848229342,0.0013164192457227669
