Iteration,Accuracy,Weight Decay
0,0.7133220910623946,0.06801802122791924
1,0.769814502529511,0.043527664608961875
2,0.8507588532883642,0.02455315407535525
3,0.8709949409780776,0.011094489627099403
4,0.8794266441821248,0.0031516712641943057
5,0.8920741989881956,0.0007246989866399735
