Iteration,Accuracy,Weight Decay
0,0.6964586846543002,0.08245960944858459
1,0.8465430016863407,0.06591207119253231
2,0.8819561551433389,0.049364532936480035
3,0.8768971332209107,0.03281699468042776
4,0.8819561551433389,0.01626945642437548
5,0.9013490725126475,-0.00027808183167679634
