Iteration,Accuracy,Weight Decay
0,0.7015445939212755,0.0722504203169805
1,0.8086696562032885,0.052563218514838285
2,0.8420528151469856,0.03600096937970277
3,0.8649725959143,0.02256367291157395
4,0.8649725959143,0.012251329110451837
5,0.8704534130543099,0.005063937976336426
6,0.8784255107125062,0.0010014995092277146
7,0.8868958644743398,6.401370912570431e-05
