Iteration,Accuracy,Weight Decay
0,0.5757142857142857,0.0071340919757048255
1,0.7484285714285714,1.7697434982290845e-06
2,0.8605714285714285,0.00023777479666081832
3,0.8775714285714286,0.001284764685431755
4,0.8995714285714286,0.00277374762232651
5,0.876,0.003298654464196375
6,0.8948571428571429,0.00258257950735642
7,0.907,0.001485072748559495
8,0.9215714285714286,0.0013682422858920349
9,0.9197142857142857,0.0019179102616724
