Iteration,Accuracy,Weight Decay
0,0.6467364225211759,0.08500022719836783
1,0.5969108121574489,0.07250041653034103
2,0.5595416043846537,0.06000060586231423
3,0.5829596412556054,0.047500795194287425
4,0.783756851021425,0.03500098452626062
5,0.8186347782760339,0.022501173858233817
6,0.8271051320378675,0.010001363190207016
7,0.8525161933233683,-0.0024984474778197846
