Iteration,Accuracy,Weight Decay
0,0.6509274873524452,0.0003139551541520559
1,0.7327150084317032,0.00019461011748293712
2,0.7647554806070826,7.526508081381837e-05
3,0.7613827993254637,-4.4079955855300356e-05
4,0.836424957841484,-0.0001634249925244192
5,0.851602023608769,-0.0002827700291935379
