Iteration,Accuracy,Weight Decay
0,0.6178375685102142,0.004284670371278639
1,0.7797708021923269,3.4510096584203966e-05
2,0.7508719481813653,0.000149891609908205
3,0.8156452416542103,8.39023254830106e-05
4,0.8091679123069258,0.0014138618415629185
5,0.8674638764324863,0.0006762827806959822
6,0.8719481813652217,1.4997930969299671e-05
7,0.8928749377179871,0.002560662402012602
