Iteration,Accuracy,Weight Decay
0,0.5236781609195402,5.99030482063902e-05
1,0.646896551724138,-5.944198846272858e-05
2,0.727816091954023,-0.00017878702513184734
3,0.7820689655172414,-0.0002981320618009661
4,0.8013793103448276,-0.00041747709847008487
5,0.7926436781609195,-0.0005368221351392036
6,0.8105747126436782,-0.0006561671718083224
7,0.8317241379310345,-0.0007755122084774412
