Iteration,Accuracy,Weight Decay
0,0.3183856502242152,0.09455040875321775
1,0.3786746387643249,0.08247266789928005
2,0.3901345291479821,0.06545137301945098
3,0.3662182361733931,0.04607786196076218
4,0.4504235176880917,0.02730157616058396
5,0.5954160438465371,0.011981034924538829
6,0.6806178375685102,0.002448651774762514
7,0.7473841554559043,0.00015564563454001894
