Iteration,Accuracy,Weight Decay
0,0.6253114100647733,0.0019651531060601536
1,0.7010463378176383,0.0018458080693910348
2,0.7902341803687095,0.0017264630327219162
3,0.8056801195814649,0.0016071179960527975
4,0.8056801195814649,0.0014877729593836787
5,0.809666168410563,0.00136842792271456
6,0.8236173393124065,0.0012490828860454411
7,0.8271051320378675,0.0011297378493763223
