Iteration,Accuracy,Weight Decay
0,0.7847533632286996,0.09455040875321775
1,0.8196312904833084,0.08247266789928005
2,0.8460388639760837,0.06545137301945098
3,0.8579970104633782,0.04607786196076218
4,0.8834080717488789,0.02730157616058396
5,0.8784255107125062,0.011981034924538829
6,0.8878923766816144,0.002448651774762514
7,0.8814150473343298,0.00015564563454001894
