Iteration,Accuracy,Weight Decay
0,0.5924265072247135,0.0019651531060601536
1,0.7020428500249128,0.0018458080693910348
2,0.7493771798704534,0.0017264630327219162
3,0.763328350772297,0.0016071179960527975
4,0.8001993024414549,0.0014877729593836787
5,0.7842551071250623,0.00136842792271456
6,0.8011958146487295,0.0012490828860454411
7,0.8066766317887394,0.0011297378493763223
