Iteration,Accuracy,Weight Decay
0,0.7234678624813154,0.0019651531060601536
1,0.7234678624813154,0.0018458080693910348
2,0.737419033383159,0.0017264630327219162
3,0.783756851021425,0.0016071179960527975
4,0.7852516193323368,0.0014877729593836787
5,0.7583457897359243,0.00136842792271456
6,0.7628300946686597,0.0012490828860454411
7,0.783756851021425,0.0011297378493763223
