Iteration,Accuracy,Weight Decay
0,0.6408094435075885,0.08245960944858459
1,0.6981450252951096,0.06591207119253231
2,0.7259696458684655,0.049364532936480035
3,0.7765598650927488,0.03281699468042776
4,0.8313659359190556,0.01626945642437548
5,0.8752107925801011,-0.00027808183167679634
