Iteration,Accuracy,Weight Decay
0,0.48480318883906326,0.018925488238263552
1,0.6093672147483806,0.0047270079827679235
2,0.7593423019431988,0.0011806619828161344
3,0.8480318883906328,0.00029489324383393244
4,0.8674638764324863,7.365531077021373e-05
5,0.8784255107125062,1.8396843325823638e-05
6,0.8849028400597907,4.594968656242079e-06
7,0.8844045839561535,1.1476825984711098e-06
