Iteration,Accuracy,Weight Decay
0,0.602866779089376,0.041773682891187935
1,0.7327150084317032,0.018334280241060232
2,0.8136593591905565,0.008046832567607796
3,0.8389544688026982,0.003531718372347135
4,0.8532883642495784,0.001550055199580515
5,0.857504215851602,0.0006803122073830045
