Iteration,Accuracy,Weight Decay
0,0.6340640809443507,0.09254828078406145
1,0.7546374367622259,0.07381604081063549
2,0.8532883642495784,0.04879807301935227
3,0.872681281618887,0.024197921676153977
4,0.866779089376054,0.006607177467133997
5,0.9013490725126475,0.0007392660973616683
