Iteration,Accuracy,Weight Decay
0,0.7027142857142857,0.08126216613380753
1,0.8448571428571429,0.04451338310406878
2,0.8511428571428571,0.010978637918546164
3,0.8962857142857142,0.0003021294961929753
