Iteration,Accuracy,Weight Decay
0,0.7655714285714286,0.016739508918050823
1,0.7858571428571428,0.004453867730520001
2,0.8408571428571429,0.0011850370197883447
3,0.849,0.0003153018507141175
4,0.859,8.389211088232821e-05
5,0.864,2.2321106750096656e-05
6,0.873,5.938958995179634e-06
7,0.8787142857142857,1.5801740631105742e-06
8,0.8855714285714286,4.204356473506604e-07
9,0.8898571428571429,1.118649759477795e-07
