Iteration,Accuracy,Weight Decay
0,0.48,5.95501370565999e-05
1,0.52,5.95501370565999e-05
2,0.52,5.95501370565999e-05
3,0.52,5.95501370565999e-05
4,0.7944827586206896,5.95501370565999e-05
5,0.8036781609195403,5.95501370565999e-05
6,0.8160919540229885,5.95501370565999e-05
7,0.8445977011494253,5.95501370565999e-05
