Iteration,Accuracy,Weight Decay
0,0.5809443507588533,0.09623406949124648
1,0.6450252951096122,0.08285422480701589
2,0.6247892074198989,0.047877320869366004
3,0.8010118043844857,0.015206179604296877
4,0.8785834738617201,0.003819399833108084
5,0.8777403035413154,0.0013164192457227669
