Iteration,Accuracy,Weight Decay
0,0.7268128161888702,0.0003139551541520559
1,0.8187183811129848,0.00019461011748293712
2,0.8499156829679595,7.526508081381837e-05
3,0.866779089376054,-4.4079955855300356e-05
4,0.8735244519392917,-0.0001634249925244192
5,0.872681281618887,-0.0002827700291935379
