Iteration,Accuracy,Weight Decay
0,0.31957142857142856,0.016739508918050823
1,0.391,0.004453867730520001
2,0.5782857142857143,0.0011850370197883447
3,0.6534285714285715,0.0003153018507141175
4,0.7827142857142857,8.389211088232821e-05
5,0.7822857142857143,2.2321106750096656e-05
6,0.7674285714285715,5.938958995179634e-06
7,0.7771428571428571,1.5801740631105742e-06
8,0.7994285714285714,4.204356473506604e-07
9,0.7895714285714286,1.118649759477795e-07
