Iteration,Accuracy,Weight Decay
0,0.7116357504215851,4.815297862032934e-06
1,0.7613827993254637,0.0004982290216050967
2,0.8161888701517707,1.409240098658793e-07
3,0.8355817875210793,0.00013713943858997027
4,0.8659359190556493,2.192787454395522e-07
5,0.8701517706576728,1.6297508346206433e-08
