Iteration,Accuracy,Weight Decay
0,0.6964586846543002,0.09254828078406145
1,0.8086003372681282,0.07381604081063549
2,0.8473861720067454,0.04879807301935227
3,0.8490725126475548,0.024197921676153977
4,0.8693086003372681,0.006607177467133997
5,0.8701517706576728,0.0007392660973616683
