Iteration,Accuracy,Weight Decay
0,0.7204597701149426,5.99030482063902e-05
1,0.7839080459770115,-5.944198846272858e-05
2,0.8068965517241379,-0.00017878702513184734
3,0.7967816091954023,-0.0002981320618009661
4,0.8133333333333334,-0.00041747709847008487
5,0.7963218390804597,-0.0005368221351392036
6,0.8225287356321839,-0.0006561671718083224
7,0.8308045977011494,-0.0007755122084774412
