Iteration,Accuracy,Weight Decay
0,0.5854285714285714,0.05112258690704978
1,0.6542857142857142,0.021622639359772756
2,0.6557142857142857,0.004622669586765671
3,0.7058571428571428,0.0001226775880285013
