Iteration,Accuracy,Weight Decay
0,0.6233183856502242,0.0019651531060601536
1,0.7269556552067763,0.0018458080693910348
2,0.7463876432486298,0.0017264630327219162
3,0.7618335824613851,0.0016071179960527975
4,0.7543597409068261,0.0014877729593836787
5,0.7304434479322371,0.00136842792271456
6,0.7508719481813653,0.0012490828860454411
7,0.7334329845540608,0.0011297378493763223
