Iteration,Accuracy,Weight Decay
0,0.6795952782462057,0.0003139551541520559
1,0.7892074198988196,0.00019461011748293712
2,0.8507588532883642,7.526508081381837e-05
3,0.8903878583473862,-4.4079955855300356e-05
4,0.8912310286677909,-0.0001634249925244192
5,0.8870151770657673,-0.0002827700291935379
