Iteration,Accuracy,Weight Decay
0,0.5464285714285714,0.08956689623880071
1,0.5535714285714286,0.041338346412298756
2,0.5884285714285714,0.005468299804777157
3,0.6857142857142857,0.00047274822582090244
