Iteration,Accuracy,Weight Decay
0,0.7107925801011804,0.041773682891187935
1,0.8220910623946037,0.018334280241060232
2,0.7706576728499157,0.008046832567607796
3,0.8583473861720068,0.003531718372347135
4,0.8870151770657673,0.001550055199580515
5,0.8777403035413154,0.0006803122073830045
