Iteration,Accuracy,Weight Decay
0,0.6568296795952783,0.000714770463686342
1,0.7571669477234402,0.000714770463686342
2,0.8102866779089376,0.000714770463686342
3,0.821247892074199,0.000714770463686342
4,0.8381112984822934,0.000714770463686342
5,0.8347386172006745,0.000714770463686342
