Iteration,Accuracy,Weight Decay
0,0.6482857142857142,0.08956689623880071
1,0.7258571428571429,0.041338346412298756
2,0.7738571428571429,0.005468299804777157
3,0.8434285714285714,0.00047274822582090244
