Iteration,Accuracy,Weight Decay
0,0.7752857142857142,2.869377067127777e-06
1,0.7117142857142857,0.00277374762232651
2,0.8381428571428572,0.00190932807667502
3,0.8525714285714285,0.0019179102616724
