Iteration,Accuracy,Weight Decay
0,0.6931428571428572,1.77805840656653e-07
1,0.795,1.77805840656653e-07
2,0.8275714285714286,1.77805840656653e-07
3,0.8768571428571429,1.77805840656653e-07
4,0.8977142857142857,1.77805840656653e-07
5,0.9004285714285715,1.77805840656653e-07
6,0.9155714285714286,1.77805840656653e-07
7,0.9177142857142857,1.77805840656653e-07
8,0.9198571428571428,1.77805840656653e-07
9,0.9318571428571428,1.77805840656653e-07
