Iteration,Accuracy,Weight Decay
0,0.37514285714285717,0.0005061733703833925
1,0.7514285714285714,0.00974528908084757
2,0.3434285714285714,0.00017192378836558396
3,0.8164285714285714,2.6265311979379132e-05
4,0.8154285714285714,1.4036909522567003e-05
5,0.8584285714285714,0.0012543320010693373
6,0.8535714285714285,0.0003295225791980033
7,0.8701428571428571,0.00011817730082139642
8,0.8874285714285715,0.0026158371097563804
9,0.9132857142857143,0.00025954959521406036
