Iteration,Accuracy,Weight Decay
0,0.136,0.08956689623880071
1,0.5902857142857143,0.041338346412298756
2,0.6577142857142857,0.005468299804777157
3,0.7414285714285714,0.00047274822582090244
