Iteration,Accuracy,Weight Decay
0,0.6915714285714286,0.0061711546597368015
1,0.7995714285714286,0.00039274101984953266
2,0.8274285714285714,9.30792308568016e-05
3,0.8285714285714286,0.006915523564045533
4,0.5524285714285714,0.00023657065842946356
5,0.8668571428571429,0.00017245486971325454
6,0.9061428571428571,1.0170187112857099e-05
7,0.913,1.2622396442975716e-05
8,0.9187142857142857,1.7693155971617198e-05
9,0.9282857142857143,5.222875125347345e-05
