Iteration,Accuracy,Weight Decay
0,0.6851021425012457,0.018925488238263552
1,0.7463876432486298,0.0047270079827679235
2,0.7807673143996013,0.0011806619828161344
3,0.7952167414050823,0.00029489324383393244
4,0.8066766317887394,7.365531077021373e-05
5,0.7957149975087194,1.8396843325823638e-05
6,0.8246138515196811,4.594968656242079e-06
7,0.8116591928251121,1.1476825984711098e-06
