Iteration,Accuracy,Weight Decay
0,0.4240159441953164,0.0722504203169805
1,0.4060787244643747,0.052563218514838285
2,0.4414549078226208,0.03600096937970277
3,0.4808171400099651,0.02256367291157395
4,0.587942202291978,0.012251329110451837
5,0.648729446935725,0.005063937976336426
6,0.7164922770303936,0.0010014995092277146
7,0.7199800697558545,6.401370912570431e-05
