Iteration,Accuracy,Weight Decay
0,0.4431428571428571,0.07482254476706554
1,0.33471428571428574,0.05852257374941756
2,0.6644285714285715,0.04422259917565277
3,0.7182857142857143,0.03192262104577116
4,0.744,0.021622639359772756
5,0.7631428571428571,0.013322654117657533
6,0.7722857142857142,0.007022665319425497
7,0.7675714285714286,0.0027226729650766464
8,0.8048571428571428,0.00042267705461097914
9,0.83,0.0001226775880285013
