Iteration,Accuracy,Weight Decay
0,0.7259696458684655,0.06801802122791924
1,0.8086003372681282,0.043527664608961875
2,0.8389544688026982,0.02455315407535525
3,0.8532883642495784,0.011094489627099403
4,0.8625632377740303,0.0031516712641943057
5,0.9013490725126475,0.0007246989866399735
