Iteration,Accuracy,Weight Decay
0,0.7411467116357504,0.08245960944858459
1,0.8271500843170321,0.06591207119253231
2,0.8768971332209107,0.049364532936480035
3,0.9005059021922428,0.03281699468042776
4,0.8988195615514334,0.01626945642437548
5,0.9114671163575042,-0.00027808183167679634
