Iteration,Accuracy,Weight Decay
0,0.5278571428571428,0.016739508918050823
1,0.6624285714285715,0.004453867730520001
2,0.6611428571428571,0.0011850370197883447
3,0.6958571428571428,0.0003153018507141175
4,0.7595714285714286,8.389211088232821e-05
5,0.7611428571428571,2.2321106750096656e-05
6,0.7565714285714286,5.938958995179634e-06
7,0.7724285714285715,1.5801740631105742e-06
8,0.821,4.204356473506604e-07
9,0.8342857142857143,1.118649759477795e-07
