Iteration,Accuracy,Weight Decay
0,0.6258096661684106,0.0007924828983539
1,0.6073741903338316,0.00019812203523477496
2,0.6103637269556552,1.7073526474706922e-06
3,0.5510712506228201,0.00043789432981655344
4,0.5590433482810164,0.0008342823480416806
5,0.6158445440956651,6.949760391706498e-06
6,0.5570503238664674,0.0089021508544503
7,0.6611858495266567,0.0006579332246575
