Iteration,Accuracy,Weight Decay
0,0.6288571428571429,0.08126216613380753
1,0.7131428571428572,0.04451338310406878
2,0.7721428571428571,0.010978637918546164
3,0.8615714285714285,0.0003021294961929753
