Iteration,Accuracy,Weight Decay
0,0.7792725460886896,0.09455040875321775
1,0.8256103637269556,0.08247266789928005
2,0.85401096163428,0.06545137301945098
3,0.8674638764324863,0.04607786196076218
4,0.8804185351270553,0.02730157616058396
5,0.8878923766816144,0.011981034924538829
6,0.8963627304434479,0.002448651774762514
7,0.8943697060288989,0.00015564563454001894
