Iteration,Accuracy,Weight Decay
0,0.6071428571428571,0.09746673418161543
1,0.7118571428571429,0.09340111078410944
2,0.7288571428571429,0.0838891336884537
3,0.77,0.06570110725289291
4,0.7291428571428571,0.041338346412298756
5,0.8014285714285714,0.020587178380980863
6,0.7741428571428571,0.00870673956906492
7,0.8374285714285714,0.0033896881950003137
8,0.8341428571428572,0.0012744104865876579
9,0.8664285714285714,0.00047274822582090244
