Iteration,Accuracy,Weight Decay
0,0.6675862068965517,2.4313285004204436e-08
1,0.6326436781609195,1.7640969257885612e-07
2,0.743448275862069,3.199267137797384e-07
3,0.7705747126436782,3.96396275506239e-05
4,0.7935632183908046,0.0005580305251442092
5,0.7981609195402298,1.5487250883917444e-05
6,0.8036781609195403,6.0274239009094145e-05
7,0.8165517241379311,1.3530477745798077e-08
