Iteration,Accuracy,Weight Decay
0,0.718381112984823,2.9968180960496067e-05
1,0.7015177065767285,0.00010690150096561645
2,0.7757166947723441,0.0024464926941279116
3,0.8220910623946037,6.126434083545158e-05
4,0.8347386172006745,1.9726680287295338e-05
5,0.8440134907251264,0.009627826121058216
