Iteration,Accuracy,Weight Decay
0,0.596,0.05112258690704978
1,0.5032857142857143,0.021622639359772756
2,0.706,0.004622669586765671
3,0.8431428571428572,0.0001226775880285013
