Iteration,Accuracy,Weight Decay
0,0.6836781609195403,0.03808331627541416
1,0.7609195402298851,0.015052031037412423
2,0.7908045977011494,0.005949157282226808
3,0.8032183908045977,0.0023513419737643954
4,0.824367816091954,0.0009293432355711351
5,0.840919540229885,0.00036731315952273603
6,0.8354022988505747,0.00014517667100213993
7,0.8395402298850575,5.7379555447043585e-05
