Iteration,Accuracy,Weight Decay
0,0.7162857142857143,0.0033261644067418524
1,0.8281428571428572,0.0032068193700727343
2,0.8755714285714286,0.0030874743334036153
3,0.8952857142857142,0.0029681292967344963
