Iteration,Accuracy,Weight Decay
0,0.7902341803687095,0.0007924828983539
1,0.84853014449427,0.00019812203523477496
2,0.8689586447433981,1.7073526474706922e-06
3,0.8764324862979571,0.00043789432981655344
4,0.8913801694070752,0.0008342823480416806
5,0.8878923766816144,6.949760391706498e-06
6,0.8943697060288989,0.0089021508544503
7,0.8938714499252616,0.0006579332246575
