Iteration,Accuracy,Weight Decay
0,0.6133532635774788,0.018925488238263552
1,0.695067264573991,0.0047270079827679235
2,0.7643248629795715,0.0011806619828161344
3,0.7847533632286996,0.00029489324383393244
4,0.8066766317887394,7.365531077021373e-05
5,0.8111609367214748,1.8396843325823638e-05
6,0.8211260587942202,4.594968656242079e-06
7,0.8081714000996513,1.1476825984711098e-06
