Iteration,Accuracy,Weight Decay
0,0.8468571428571429,0.08126216613380753
1,0.8572857142857143,0.04451338310406878
2,0.8841428571428571,0.010978637918546164
3,0.9127142857142857,0.0003021294961929753
