Iteration,Accuracy,Weight Decay
0,0.7428330522765598,0.09623406949124648
1,0.8069139966273187,0.08285422480701589
2,0.8313659359190556,0.047877320869366004
3,0.8482293423271501,0.015206179604296877
4,0.8642495784148398,0.003819399833108084
5,0.893760539629005,0.0013164192457227669
