Iteration,Accuracy,Weight Decay
0,0.654712643678161,5.99030482063902e-05
1,0.7563218390804598,-5.944198846272857e-05
2,0.720919540229885,-0.00017878702513184736
3,0.767816091954023,-0.0002981320618009661
4,0.8032183908045977,-0.0004174770984700848
5,0.8174712643678161,-0.0005368221351392036
6,0.8170114942528736,-0.0006561671718083224
7,0.8418390804597701,-0.0007755122084774412
