Iteration,Accuracy,Weight Decay
0,0.57299451918286,0.09455040875321775
1,0.8036870951669158,0.08247266789928005
2,0.8510214250124564,0.06545137301945098
3,0.866965620328849,0.04607786196076218
4,0.8963627304434479,0.02730157616058396
5,0.9038365719980069,0.011981034924538829
6,0.9008470353761834,0.002448651774762514
7,0.8968609865470852,0.00015564563454001894
