Iteration,Accuracy,Weight Decay
0,0.7289486796213254,0.09706882132280426
1,0.8101644245142003,0.09046519793170772
2,0.8390632785251619,0.07310626521668034
3,0.8385650224215246,0.04378320141530977
4,0.8624813153961136,0.018243790724546134
5,0.8794220229197808,0.006010088662594013
6,0.8878923766816144,0.0018001084090777473
7,0.8839063278525162,0.0005235193184478273
