Iteration,Accuracy,Weight Decay
0,0.7175379426644182,0.09623406949124648
1,0.8187183811129848,0.08285422480701589
2,0.8600337268128162,0.047877320869366004
3,0.8650927487352446,0.015206179604296877
4,0.887858347386172,0.003819399833108084
5,0.8903878583473862,0.0013164192457227669
