Iteration,Accuracy,Weight Decay
0,0.5733558178752108,0.06801802122791924
1,0.7217537942664418,0.043527664608961875
2,0.8431703204047217,0.02455315407535525
3,0.863406408094435,0.011094489627099403
4,0.8768971332209107,0.0031516712641943057
5,0.8735244519392917,0.0007246989866399735
