Iteration,Accuracy,Weight Decay
0,0.7717987045341306,0.018925488238263552
1,0.8106626806178375,0.0047270079827679235
2,0.833582461385152,0.0011806619828161344
3,0.8345789735924265,0.00029489324383393244
4,0.8470353761833582,7.365531077021373e-05
5,0.8530144494270054,1.8396843325823638e-05
6,0.861484803188839,4.594968656242079e-06
7,0.8684603886397608,1.1476825984711098e-06
