Iteration,Accuracy,Weight Decay
0,0.4856661045531197,0.00015620599974240794
1,0.6669477234401349,0.0011959333361816595
2,0.7487352445193929,5.995406464886354e-05
3,0.8229342327150084,0.0002598280444795752
4,0.8608768971332209,0.0027715154002217277
5,0.8819561551433389,0.00018801170584624834
