Iteration,Accuracy,Weight Decay
0,0.4797142857142857,0.08956689623880071
1,0.6084285714285714,0.041338346412298756
2,0.748,0.005468299804777157
3,0.6407142857142857,0.00047274822582090244
