Iteration,Accuracy,Weight Decay
0,0.3726955655206776,0.018925488238263552
1,0.43996013951170904,0.0047270079827679235
2,0.5191828599900349,0.0011806619828161344
3,0.5072247135027405,0.00029489324383393244
4,0.5181863477827603,7.365531077021373e-05
5,0.5381165919282511,1.8396843325823638e-05
6,0.7179870453413054,4.594968656242079e-06
7,0.7120079720976582,1.1476825984711098e-06
