Iteration,Accuracy,Weight Decay
0,0.5082212257100149,0.08500022719836783
1,0.3816641753861485,0.07250041653034103
2,0.4798206278026906,0.06000060586231423
3,0.484304932735426,0.047500795194287425
4,0.4992526158445441,0.03500098452626062
5,0.5640259093173892,0.022501173858233817
6,0.6143497757847534,0.010001363190207016
7,0.7399103139013453,-0.0024984474778197846
