Iteration,Accuracy,Weight Decay
0,0.6685057471264367,1.697486316150753e-05
1,0.7636781609195402,0.0004665773118385486
2,0.7935632183908046,0.00037987736455173383
3,0.8124137931034483,0.0002830912196693617
4,0.7595402298850574,1.339685220047807e-05
5,0.8317241379310345,0.00043238009522982853
6,0.8101149425287356,0.0011918914396652637
7,0.8266666666666667,3.270602063350845e-05
