Iteration,Accuracy,Weight Decay
0,0.52,5.99030482063902e-05
1,0.6211494252873563,-5.944198846272858e-05
2,0.7420689655172413,-0.00017878702513184734
3,0.7333333333333333,-0.0002981320618009661
4,0.728735632183908,-0.00041747709847008487
5,0.8114942528735632,-0.0005368221351392036
6,0.8170114942528736,-0.0006561671718083224
7,0.8390804597701149,-0.0007755122084774412
