Iteration,Accuracy,Weight Decay
0,0.7341428571428571,1.77805840656653e-07
1,0.7972857142857143,1.77805840656653e-07
2,0.8312857142857143,1.77805840656653e-07
3,0.8755714285714286,1.77805840656653e-07
4,0.8981428571428571,1.77805840656653e-07
5,0.895,1.77805840656653e-07
6,0.9027142857142857,1.77805840656653e-07
7,0.9187142857142857,1.77805840656653e-07
8,0.9158571428571428,1.77805840656653e-07
9,0.9195714285714286,1.77805840656653e-07
