Iteration,Accuracy,Weight Decay
0,0.7432857142857143,0.08956689623880071
1,0.799,0.041338346412298756
2,0.8474285714285714,0.005468299804777157
3,0.8898571428571429,0.00047274822582090244
