Iteration,Accuracy,Weight Decay
0,0.7447142857142857,0.08956689623880071
1,0.7731428571428571,0.041338346412298756
2,0.8392857142857143,0.005468299804777157
3,0.8737142857142857,0.00047274822582090244
