Iteration,Accuracy,Weight Decay
0,0.2665670154459392,0.09455040875321775
1,0.4947683109118087,0.08247266789928005
2,0.6387643248629796,0.06545137301945098
3,0.7722969606377678,0.04607786196076218
4,0.8221225710014948,0.02730157616058396
5,0.8584952665670155,0.011981034924538829
6,0.8714499252615845,0.002448651774762514
7,0.8834080717488789,0.00015564563454001894
