Iteration,Accuracy,Weight Decay
0,0.7428330522765598,0.06801802122791924
1,0.8237774030354131,0.043527664608961875
2,0.8330522765598651,0.02455315407535525
3,0.845699831365936,0.011094489627099403
4,0.857504215851602,0.0031516712641943057
5,0.857504215851602,0.0007246989866399735
