Iteration,Accuracy,Weight Decay
0,0.783,0.00012101719880444518
1,0.7791428571428571,0.004174062559860248
2,0.8334285714285714,0.0013637686644585125
3,0.8511428571428571,8.75890028181449e-05
