Iteration,Accuracy,Weight Decay
0,0.5218390804597701,0.0003695827858454986
1,0.7770114942528735,0.0008276125522425769
2,0.7894252873563219,0.002820589342749266
3,0.8160919540229885,2.7062939271195946e-05
4,0.8248275862068966,0.0021260235280409073
5,0.8257471264367816,0.0015416650158685192
6,0.8326436781609196,0.006527455266594107
7,0.7811494252873563,0.0007863939508658411
