Iteration,Accuracy,Weight Decay
0,0.6779089376053963,0.09254828078406145
1,0.8136593591905565,0.07381604081063549
2,0.8524451939291737,0.04879807301935227
3,0.8760539629005059,0.024197921676153977
4,0.903035413153457,0.006607177467133997
5,0.9005059021922428,0.0007392660973616683
