Iteration,Accuracy,Weight Decay
0,0.6281618887015177,4.815297862032934e-06
1,0.7048903878583473,0.0004982290216050967
2,0.8161888701517707,1.409240098658793e-07
3,0.8490725126475548,0.00013713943858997027
4,0.8549747048903878,2.192787454395522e-07
5,0.8768971332209107,1.6297508346206433e-08
