Iteration,Accuracy,Weight Decay
0,0.612141652613828,0.08245960944858459
1,0.815345699831366,0.06591207119253231
2,0.8355817875210793,0.049364532936480035
3,0.8330522765598651,0.03281699468042776
4,0.8811129848229342,0.01626945642437548
5,0.8870151770657673,-0.00027808183167679634
