Iteration,Accuracy,Weight Decay
0,0.7032040472175379,0.06801802122791924
1,0.7647554806070826,0.043527664608961875
2,0.8229342327150084,0.02455315407535525
3,0.845699831365936,0.011094489627099403
4,0.8549747048903878,0.0031516712641943057
5,0.8440134907251264,0.0007246989866399735
