Iteration,Accuracy,Weight Decay
0,0.7328735632183908,5.95501370565999e-05
1,0.7774712643678161,5.95501370565999e-05
2,0.7848275862068965,5.95501370565999e-05
3,0.782528735632184,5.95501370565999e-05
4,0.8114942528735632,5.95501370565999e-05
5,0.833103448275862,5.95501370565999e-05
6,0.8248275862068966,5.95501370565999e-05
7,0.840919540229885,5.95501370565999e-05
