Iteration,Accuracy,Weight Decay
0,0.602866779089376,0.041773682891187935
1,0.7647554806070826,0.018334280241060232
2,0.8178752107925801,0.008046832567607796
3,0.845699831365936,0.003531718372347135
4,0.8718381112984823,0.001550055199580515
5,0.8920741989881956,0.0006803122073830045
