Iteration,Accuracy,Weight Decay
0,0.6559865092748736,0.000714770463686342
1,0.8263069139966274,0.000714770463686342
2,0.8617200674536256,0.000714770463686342
3,0.8676222596964587,0.000714770463686342
4,0.842327150084317,0.000714770463686342
5,0.8768971332209107,0.000714770463686342
