Iteration,Accuracy,Weight Decay
0,0.6989881956155143,0.09623406949124648
1,0.8229342327150084,0.08285422480701589
2,0.8136593591905565,0.047877320869366004
3,0.8507588532883642,0.015206179604296877
4,0.8768971332209107,0.003819399833108084
5,0.8794266441821248,0.0013164192457227669
