Iteration,Accuracy,Weight Decay
0,0.663575042158516,0.041773682891187935
1,0.7765598650927488,0.018334280241060232
2,0.8490725126475548,0.008046832567607796
3,0.845699831365936,0.003531718372347135
4,0.8777403035413154,0.001550055199580515
5,0.8988195615514334,0.0006803122073830045
