Iteration,Accuracy,Weight Decay
0,0.6703204047217538,0.041773682891187935
1,0.8355817875210793,0.018334280241060232
2,0.8566610455311973,0.008046832567607796
3,0.8836424957841484,0.003531718372347135
4,0.8743676222596964,0.001550055199580515
5,0.8785834738617201,0.0006803122073830045
