Iteration,Accuracy,Weight Decay
0,0.718381112984823,0.09623406949124648
1,0.7630691399662732,0.08285422480701589
2,0.821247892074199,0.047877320869366004
3,0.8102866779089376,0.015206179604296877
4,0.8448566610455311,0.003819399833108084
5,0.863406408094435,0.0013164192457227669
