Iteration,Accuracy,Weight Decay
0,0.6323777403035413,0.09254828078406145
1,0.6779089376053963,0.07381604081063549
2,0.7723440134907251,0.04879807301935227
3,0.8204047217537943,0.024197921676153977
4,0.8920741989881956,0.006607177467133997
5,0.8946037099494097,0.0007392660973616683
