Iteration,Accuracy,Weight Decay
0,0.6997701149425287,0.000546652931294782
1,0.7498850574712643,0.000855309201318516
2,0.7889655172413793,1.1840627169133503e-05
3,0.7719540229885058,0.0035444391668915027
4,0.8119540229885057,0.002747633655118136
5,0.8275862068965517,7.937657360983634e-05
6,0.824367816091954,1.5363523999807014e-05
7,0.8280459770114943,3.9119959406274385e-05
