Iteration,Accuracy,Weight Decay
0,0.6665714285714286,0.08650002400378849
1,0.7697142857142857,0.07650004178437256
2,0.8352857142857143,0.06650005956495662
3,0.8167142857142857,0.05650007734554069
4,0.8657142857142858,0.046500095126124755
5,0.8897142857142857,0.03650011290670882
6,0.898,0.026500130687292886
7,0.892,0.01650014846787695
8,0.9135714285714286,0.006500166248461017
9,0.9145714285714286,-0.003499815970954903
