Iteration,Accuracy,Weight Decay
0,0.57847533632287,0.0019651531060601536
1,0.5685102142501246,0.0018458080693910348
2,0.5665171898355755,0.0017264630327219162
3,0.5605381165919282,0.0016071179960527975
4,0.547085201793722,0.0014877729593836787
5,0.5739910313901345,0.00136842792271456
6,0.6920777279521674,0.0012490828860454411
7,0.757847533632287,0.0011297378493763223
