Iteration,Accuracy,Weight Decay
0,0.6891954022988506,8.399655674302392e-05
1,0.7328735632183908,0.00030374515161372143
2,0.7770114942528735,0.0022789968157854758
3,0.7806896551724138,0.0035394692091168306
4,0.8013793103448276,0.004417481824148355
5,0.8082758620689655,0.003962773263409613
6,0.7783908045977012,1.8168141387283286e-05
7,0.8335632183908046,0.001701458977909418
