Iteration,Accuracy,Weight Decay
0,0.6298482293423272,0.09623406949124648
1,0.7360876897133221,0.08285422480701589
2,0.8305227655986509,0.047877320869366004
3,0.8532883642495784,0.015206179604296877
4,0.8414839797639123,0.003819399833108084
5,0.8768971332209107,0.0013164192457227669
