Iteration,Accuracy,Weight Decay
0,0.5480607082630692,0.09623406949124648
1,0.6686340640809444,0.08285422480701589
2,0.6610455311973018,0.047877320869366004
3,0.8414839797639123,0.015206179604296877
4,0.8541315345699831,0.003819399833108084
5,0.8676222596964587,0.0013164192457227669
