Iteration,Accuracy,Weight Decay
0,0.8518571428571429,0.0715000506746646
1,0.8928571428571429,0.046500095126124755
2,0.9027142857142857,0.021500139577584912
3,0.9228571428571428,-0.003499815970954903
