Iteration,Accuracy,Weight Decay
0,0.6777011494252874,5.99030482063902e-05
1,0.7742528735632184,-5.944198846272857e-05
2,0.8101149425287356,-0.00017878702513184736
3,0.8193103448275862,-0.0002981320618009661
4,0.783448275862069,-0.0004174770984700848
5,0.824367816091954,-0.0005368221351392036
6,0.8266666666666667,-0.0006561671718083224
7,0.8312643678160919,-0.0007755122084774412
