Iteration,Accuracy,Weight Decay
0,0.8192857142857143,0.08126216613380753
1,0.8834285714285715,0.04451338310406878
2,0.9025714285714286,0.010978637918546164
3,0.9182857142857143,0.0003021294961929753
