Iteration,Accuracy,Weight Decay
0,0.5362857142857143,0.002297389418863703
1,0.816,8.389211088232821e-05
2,0.8328571428571429,3.0634276498817596e-06
3,0.872,1.118649759477795e-07
