Iteration,Accuracy,Weight Decay
0,0.6025714285714285,0.07482254476706554
1,0.6621428571428571,0.05852257374941756
2,0.681,0.04422259917565277
3,0.7311428571428571,0.03192262104577116
4,0.7858571428571428,0.021622639359772756
5,0.7855714285714286,0.013322654117657533
6,0.862,0.007022665319425497
7,0.862,0.0027226729650766464
8,0.8585714285714285,0.00042267705461097914
9,0.8768571428571429,0.0001226775880285013
