Iteration,Accuracy,Weight Decay
0,0.7167142857142857,0.0715000506746646
1,0.7602857142857142,0.046500095126124755
2,0.8577142857142858,0.021500139577584912
3,0.889,-0.003499815970954903
