Iteration,Accuracy,Weight Decay
0,0.4786206896551724,0.00024355357492222116
1,0.4804597701149425,0.0001332062159176848
2,0.48,1.1750140067871755e-05
3,0.791264367816092,1.3298861971892021e-05
4,0.8055172413793104,1.5389458606368248e-05
5,0.8009195402298851,0.00011155846515100932
6,0.8027586206896552,0.00020822019844281316
7,0.8275862068965517,0.0005198580171166761
