Iteration,Accuracy,Weight Decay
0,0.6956155143338955,0.09254828078406145
1,0.8440134907251264,0.07381604081063549
2,0.8676222596964587,0.04879807301935227
3,0.8887015177065767,0.024197921676153977
4,0.8760539629005059,0.006607177467133997
5,0.8861720067453626,0.0007392660973616683
