Iteration,Accuracy,Weight Decay
0,0.6753794266441822,0.041773682891187935
1,0.8237774030354131,0.018334280241060232
2,0.8642495784148398,0.008046832567607796
3,0.8861720067453626,0.003531718372347135
4,0.8785834738617201,0.001550055199580515
5,0.9106239460370995,0.0006803122073830045
