Iteration,Accuracy,Weight Decay
0,0.7681428571428571,0.0006597132208813097
1,0.8558571428571429,0.00011015635710423928
2,0.91,9.491398761732213e-05
3,0.9211428571428572,0.001236047653632928
