Iteration,Accuracy,Weight Decay
0,0.5463743676222597,0.0021819496086437694
1,0.7074198988195616,6.179576732094088e-05
2,0.7512647554806071,7.807838761716559e-05
3,0.815345699831366,7.88925642374333e-05
4,0.8490725126475548,0.0009902517126510646
5,0.8659359190556493,0.002499507048514587
