Iteration,Accuracy,Weight Decay
0,0.7658571428571429,0.09557017170827971
1,0.8344285714285714,0.08698157789648651
2,0.8727142857142857,0.07477297827681818
3,0.8697142857142857,0.06013943564236318
4,0.9021428571428571,0.04451338310406878
5,0.9152857142857143,0.029424407557493124
6,0.9187142857142857,0.01634952306020954
7,0.924,0.006568590404889097
8,0.9261428571428572,0.0010390354275995517
9,0.9281428571428572,0.0003021294961929753
