Iteration,Accuracy,Weight Decay
0,0.6534569983136593,0.09254828078406145
1,0.8094435075885329,0.07381604081063549
2,0.836424957841484,0.04879807301935227
3,0.8760539629005059,0.024197921676153977
4,0.8996627318718381,0.006607177467133997
5,0.9148397976391232,0.0007392660973616683
