Iteration,Accuracy,Weight Decay
0,0.14648729446935724,0.09706882132280426
1,0.2326856003986049,0.09046519793170772
2,0.2177379172894868,0.07310626521668034
3,0.34329845540607873,0.04378320141530977
4,0.40707523667164924,0.018243790724546134
5,0.5769805680119582,0.006010088662594013
6,0.6273044344793224,0.0018001084090777473
7,0.6915794718485302,0.0005235193184478273
