Iteration,Accuracy,Weight Decay
0,0.5625311410064773,0.09455040875321775
1,0.5645241654210265,0.08247266789928005
2,0.6253114100647733,0.06545137301945098
3,0.6327852516193323,0.04607786196076218
4,0.6761335326357748,0.02730157616058396
5,0.7035376183358246,0.011981034924538829
6,0.84853014449427,0.002448651774762514
7,0.8500249128051819,0.00015564563454001894
