Iteration,Accuracy,Weight Decay
0,0.7571669477234402,0.09254828078406145
1,0.8229342327150084,0.07381604081063549
2,0.8583473861720068,0.04879807301935227
3,0.8709949409780776,0.024197921676153977
4,0.8827993254637436,0.006607177467133997
5,0.8954468802698144,0.0007392660973616683
