Iteration,Accuracy,Weight Decay
0,0.16385714285714287,0.08126216613380753
1,0.7801428571428571,0.04451338310406878
2,0.8334285714285714,0.010978637918546164
3,0.8757142857142857,0.0003021294961929753
