Iteration,Accuracy,Weight Decay
0,0.7075236671649228,0.0007924828983539
1,0.8375685102142502,0.00019812203523477496
2,0.8495266567015446,1.7073526474706922e-06
3,0.8819133034379671,0.00043789432981655344
4,0.8903836571998007,0.0008342823480416806
5,0.8883906327852517,6.949760391706498e-06
6,0.8968609865470852,0.0089021508544503
7,0.9013452914798207,0.0006579332246575
