Iteration,Accuracy,Weight Decay
0,0.375186846038864,0.09455040875321775
1,0.4319880418535127,0.08247266789928005
2,0.4334828101644245,0.06545137301945098
3,0.4743398106626806,0.04607786196076218
4,0.4743398106626806,0.02730157616058396
5,0.5650224215246636,0.011981034924538829
6,0.6811160936721475,0.002448651774762514
7,0.7030393622321873,0.00015564563454001894
