Iteration,Accuracy,Weight Decay
0,0.3487792725460887,0.09706882132280426
1,0.5022421524663677,0.09046519793170772
2,0.5595416043846537,0.07310626521668034
3,0.6980568011958147,0.04378320141530977
4,0.8046836073741903,0.018243790724546134
5,0.8599900348779272,0.006010088662594013
6,0.8694569008470354,0.0018001084090777473
7,0.8789237668161435,0.0005235193184478273
