Iteration,Accuracy,Weight Decay
0,0.693,0.0033977714287433238
1,0.8132857142857143,0.003350033414075676
2,0.8378571428571429,0.0033022953994080286
3,0.8392857142857143,0.003254557384740381
4,0.8757142857142857,0.0032068193700727343
5,0.8848571428571429,0.0031590813554050867
6,0.8838571428571429,0.003111343340737439
7,0.8855714285714286,0.0030636053260697915
8,0.8957142857142857,0.003015867311402144
9,0.902,0.0029681292967344963
