Iteration,Accuracy,Weight Decay
0,0.636593591905565,0.09254828078406145
1,0.7166947723440135,0.07381604081063549
2,0.8279932546374368,0.04879807301935227
3,0.8718381112984823,0.024197921676153977
4,0.8853288364249579,0.006607177467133997
5,0.8811129848229342,0.0007392660973616683
