Iteration,Accuracy,Weight Decay
0,0.52,0.03808331627541416
1,0.52,0.015052031037412423
2,0.6754022988505747,0.005949157282226808
3,0.7682758620689655,0.0023513419737643954
4,0.7816091954022989,0.0009293432355711351
5,0.7742528735632184,0.00036731315952273603
6,0.847816091954023,0.00014517667100213993
7,0.8528735632183908,5.7379555447043585e-05
