Iteration,Accuracy,Weight Decay
0,0.5701428571428572,0.09746673418161543
1,0.5737142857142857,0.09340111078410944
2,0.5615714285714286,0.0838891336884537
3,0.5384285714285715,0.06570110725289291
4,0.5528571428571428,0.041338346412298756
5,0.654,0.020587178380980863
6,0.6534285714285715,0.00870673956906492
7,0.7054285714285714,0.0033896881950003137
8,0.722,0.0012744104865876579
9,0.7178571428571429,0.00047274822582090244
