Iteration,Accuracy,Weight Decay
0,0.6815714285714286,2.1834545533672572e-05
1,0.826,0.00010078678556393207
2,0.8165714285714286,4.963255961978913e-05
3,0.8425714285714285,0.003541240283243456
4,0.8755714285714286,2.951674015359627e-05
5,0.8647142857142858,0.0002485595645052742
6,0.9002857142857142,0.00015839251147008732
7,0.8998571428571429,3.2128682468739875e-05
8,0.9117142857142857,0.001468501008574796
9,0.9148571428571428,1.6367061286341942e-05
