Iteration,Accuracy,Weight Decay
0,0.6492857142857142,0.008401000084529861
1,0.623,0.0035792262950647097
2,0.6301428571428571,0.0017575340559804952
3,0.631,0.004048164421098849
