Iteration,Accuracy,Weight Decay
0,0.7242833052276559,0.09254828078406145
1,0.8010118043844857,0.07381604081063549
2,0.8701517706576728,0.04879807301935227
3,0.8853288364249579,0.024197921676153977
4,0.8819561551433389,0.006607177467133997
5,0.8912310286677909,0.0007392660973616683
