Iteration,Accuracy,Weight Decay
0,0.48,5.95501370565999e-05
1,0.6652873563218391,5.95501370565999e-05
2,0.713103448275862,5.95501370565999e-05
3,0.7719540229885058,5.95501370565999e-05
4,0.8004597701149425,5.95501370565999e-05
5,0.7940229885057472,5.95501370565999e-05
6,0.8335632183908046,5.95501370565999e-05
7,0.8441379310344828,5.95501370565999e-05
