Iteration,Accuracy,Weight Decay
0,0.7977142857142857,0.0033261644067418524
1,0.8582857142857143,0.0032068193700727343
2,0.8804285714285714,0.0030874743334036153
3,0.87,0.0029681292967344963
