Iteration,Accuracy,Weight Decay
0,0.6767142857142857,2.9211566787587003e-05
1,0.6802857142857143,0.000692226971793791
2,0.7372857142857143,6.839131699162998e-05
3,0.7318571428571429,0.001056543391094247
