Iteration,Accuracy,Weight Decay
0,0.576551724137931,5.95501370565999e-05
1,0.743448275862069,5.95501370565999e-05
2,0.743448275862069,5.95501370565999e-05
3,0.8050574712643678,5.95501370565999e-05
4,0.8124137931034483,5.95501370565999e-05
5,0.8248275862068966,5.95501370565999e-05
6,0.824367816091954,5.95501370565999e-05
7,0.8514942528735632,5.95501370565999e-05
