Iteration,Accuracy,Weight Decay
0,0.5510712506228201,0.08500022719836783
1,0.6168410563029397,0.07250041653034103
2,0.5206776283009467,0.06000060586231423
3,0.7000498256103638,0.047500795194287425
4,0.8101644245142003,0.03500098452626062
5,0.8445440956651719,0.022501173858233817
6,0.8659691081215745,0.010001363190207016
7,0.8515196811160937,-0.0024984474778197846
