Iteration,Accuracy,Weight Decay
0,0.5325714285714286,0.005962673187855657
1,0.802,0.00019626724981768514
2,0.8514285714285714,0.00012049275780601267
3,0.8582857142857143,0.00097706671443111
4,0.8681428571428571,2.0076997339378437e-05
5,0.8402857142857143,0.0002092565960074959
6,0.889,0.001782173063689003
7,0.901,0.0010870828537310232
8,0.9077142857142857,0.002338347498929573
9,0.907,9.38437571599912e-05
