Iteration,Accuracy,Weight Decay
0,0.8352857142857143,0.0003402071859935082
1,0.8351428571428572,0.009092615249459441
2,0.9047142857142857,0.00045647845250640807
3,0.914,1.8943956700153883e-05
