Iteration,Accuracy,Weight Decay
0,0.7958571428571428,0.0033261644067418524
1,0.8527142857142858,0.0032068193700727343
2,0.9071428571428571,0.0030874743334036153
3,0.9047142857142857,0.0029681292967344963
