Iteration,Accuracy,Weight Decay
0,0.6703204047217538,0.08245960944858459
1,0.7807757166947723,0.06591207119253231
2,0.8465430016863407,0.049364532936480035
3,0.863406408094435,0.03281699468042776
4,0.857504215851602,0.01626945642437548
5,0.8558178752107926,-0.00027808183167679634
