Iteration,Accuracy,Weight Decay
0,0.7207142857142858,7.736219303772167e-05
1,0.7661428571428571,0.005081775137705565
2,0.8104285714285714,2.0391296221239444e-05
3,0.8172857142857143,2.033847108551542e-05
4,0.8345714285714285,1.387244037739126e-05
5,0.8612857142857143,0.008784317699146397
6,0.889,0.00010501507294113956
7,0.8882857142857142,0.003868776259337923
8,0.8975714285714286,0.00594083189065099
9,0.9031428571428571,1.1182483168110187e-05
