Iteration,Accuracy,Weight Decay
0,0.6492277030393623,0.0019651531060601536
1,0.7254608868958645,0.0018458080693910348
2,0.783756851021425,0.0017264630327219162
3,0.7952167414050823,0.0016071179960527975
4,0.8121574489287494,0.0014877729593836787
5,0.8375685102142502,0.00136842792271456
6,0.8201295465869457,0.0012490828860454411
7,0.8285999003487793,0.0011297378493763223
