Iteration,Accuracy,Weight Decay
0,0.5964285714285714,2.869377067127777e-06
1,0.5718571428571428,0.00277374762232651
2,0.5875714285714285,0.00190932807667502
3,0.5934285714285714,0.0019179102616724
