Iteration,Accuracy,Weight Decay
0,0.7713004484304933,0.0722504203169805
1,0.796711509715994,0.052563218514838285
2,0.8405580468360737,0.03600096937970277
3,0.8515196811160937,0.02256367291157395
4,0.8629795714997509,0.012251329110451837
5,0.8704534130543099,0.005063937976336426
6,0.8729446935724963,0.0010014995092277146
7,0.8789237668161435,6.401370912570431e-05
