Iteration,Accuracy,Weight Decay
0,0.7227586206896551,5.99030482063902e-05
1,0.7871264367816092,-5.944198846272857e-05
2,0.7972413793103448,-0.00017878702513184736
3,0.7963218390804597,-0.0002981320618009661
4,0.8105747126436782,-0.0004174770984700848
5,0.8183908045977012,-0.0005368221351392036
6,0.8229885057471265,-0.0006561671718083224
7,0.8225287356321839,-0.0007755122084774412
