Iteration,Accuracy,Weight Decay
0,0.5799701046337817,0.0019651531060601536
1,0.5560538116591929,0.0018458080693910348
2,0.5645241654210265,0.0017264630327219162
3,0.5376183358246138,0.0016071179960527975
4,0.5565520677628301,0.0014877729593836787
5,0.5844544095665172,0.00136842792271456
6,0.7115097159940209,0.0012490828860454411
7,0.7184853014449427,0.0011297378493763223
