Iteration,Accuracy,Weight Decay
0,0.5674285714285714,0.08956689623880071
1,0.698,0.041338346412298756
2,0.761,0.005468299804777157
3,0.7884285714285715,0.00047274822582090244
