Iteration,Accuracy,Weight Decay
0,0.7364285714285714,0.0010255546456373415
1,0.7488571428571429,2.4668283595383632e-05
2,0.7912857142857143,0.0020580923764825163
3,0.811,0.001835342533149307
