Iteration,Accuracy,Weight Decay
0,0.5874439461883408,0.0019651531060601536
1,0.5440956651718983,0.0018458080693910348
2,0.6023916292974589,0.0017264630327219162
3,0.5959142999501744,0.0016071179960527975
4,0.6058794220229198,0.0014877729593836787
5,0.7015445939212755,0.00136842792271456
6,0.7244643746885899,0.0012490828860454411
7,0.759840558046836,0.0011297378493763223
