Iteration,Accuracy,Weight Decay
0,0.7154022988505747,2.4313285004204436e-08
1,0.7222988505747127,1.7640969257885612e-07
2,0.7806896551724138,3.199267137797384e-07
3,0.7770114942528735,3.96396275506239e-05
4,0.8197701149425287,0.0005580305251442092
5,0.824367816091954,1.5487250883917444e-05
6,0.8239080459770115,6.0274239009094145e-05
7,0.832183908045977,1.3530477745798077e-08
