Iteration,Accuracy,Weight Decay
0,0.48,2.4313285004204436e-08
1,0.6680459770114943,1.7640969257885612e-07
2,0.7802298850574713,3.199267137797384e-07
3,0.8308045977011494,3.96396275506239e-05
4,0.8216091954022988,0.0005580305251442092
5,0.840919540229885,1.5487250883917444e-05
6,0.8349425287356322,6.0274239009094145e-05
7,0.8547126436781609,1.3530477745798077e-08
