Iteration,Accuracy,Weight Decay
0,0.6298482293423272,0.0003139551541520559
1,0.7470489038785835,0.00019461011748293712
2,0.8178752107925801,7.526508081381837e-05
3,0.8288364249578415,-4.4079955855300356e-05
4,0.8650927487352446,-0.0001634249925244192
5,0.866779089376054,-0.0002827700291935379
