Iteration,Accuracy,Weight Decay
0,0.52,0.0054275907646088375
1,0.7475862068965518,1.87505255045434e-05
2,0.7609195402298851,0.008652446200469864
3,0.7967816091954023,0.0011486955582750067
4,0.8142528735632184,0.00036115904713837675
5,0.8303448275862069,0.004554506908613324
6,0.8193103448275862,0.004157817828806742
7,0.8211494252873563,0.00011741576491592524
