Iteration,Accuracy,Weight Decay
0,0.4687142857142857,0.0071340919757048255
1,0.7532857142857143,1.7697434982290845e-06
2,0.8414285714285714,0.00023777479666081832
3,0.8675714285714285,0.001284764685431755
4,0.8802857142857143,0.00277374762232651
5,0.8957142857142857,0.003298654464196375
6,0.9068571428571428,0.00258257950735642
7,0.9105714285714286,0.001485072748559495
8,0.9128571428571428,0.0013682422858920349
9,0.9271428571428572,0.0019179102616724
