Iteration,Accuracy,Weight Decay
0,0.7175714285714285,0.09557017170827971
1,0.796,0.08698157789648651
2,0.8534285714285714,0.07477297827681818
3,0.8791428571428571,0.06013943564236318
4,0.8444285714285714,0.04451338310406878
5,0.8834285714285715,0.029424407557493124
6,0.8855714285714286,0.01634952306020954
7,0.8922857142857142,0.006568590404889097
8,0.8881428571428571,0.0010390354275995517
9,0.9035714285714286,0.0003021294961929753
