Iteration,Accuracy,Weight Decay
0,0.7037142857142857,0.0715000506746646
1,0.7278571428571429,0.046500095126124755
2,0.7422857142857143,0.021500139577584912
3,0.7334285714285714,-0.003499815970954903
