Iteration,Accuracy,Weight Decay
0,0.7021428571428572,0.07482254476706554
1,0.8224285714285714,0.05852257374941756
2,0.8457142857142858,0.04422259917565277
3,0.8755714285714286,0.03192262104577116
4,0.8637142857142858,0.021622639359772756
5,0.8878571428571429,0.013322654117657533
6,0.9087142857142857,0.007022665319425497
7,0.9138571428571428,0.0027226729650766464
8,0.924,0.00042267705461097914
9,0.9257142857142857,0.0001226775880285013
