Iteration,Accuracy,Weight Decay
0,0.7448928749377179,0.0019651531060601536
1,0.8116591928251121,0.0018458080693910348
2,0.8370702541106129,0.0017264630327219162
3,0.84853014449427,0.0016071179960527975
4,0.8550074738415545,0.0014877729593836787
5,0.8574987543597409,0.00136842792271456
6,0.8624813153961136,0.0012490828860454411
7,0.8629795714997509,0.0011297378493763223
