Iteration,Accuracy,Weight Decay
0,0.793,0.08126216613380753
1,0.8335714285714285,0.04451338310406878
2,0.8702857142857143,0.010978637918546164
3,0.8941428571428571,0.0003021294961929753
