Iteration,Accuracy,Weight Decay
0,0.7075236671649228,0.018925488238263552
1,0.7817638266068759,0.0047270079827679235
2,0.8126557050323866,0.0011806619828161344
3,0.8310911808669657,0.00029489324383393244
4,0.8609865470852018,7.365531077021373e-05
5,0.8699551569506726,1.8396843325823638e-05
6,0.8819133034379671,4.594968656242079e-06
7,0.8913801694070752,1.1476825984711098e-06
