Iteration,Accuracy,Weight Decay
0,0.6011804384485666,4.815297862032934e-06
1,0.6973018549747049,0.0004982290216050967
2,0.8279932546374368,1.409240098658793e-07
3,0.8608768971332209,0.00013713943858997027
4,0.8735244519392917,2.192787454395522e-07
5,0.897133220910624,1.6297508346206433e-08
