Iteration,Accuracy,Weight Decay
0,0.7757166947723441,0.06801802122791924
1,0.815345699831366,0.043527664608961875
2,0.8499156829679595,0.02455315407535525
3,0.8608768971332209,0.011094489627099403
4,0.8684654300168634,0.0031516712641943057
5,0.887858347386172,0.0007246989866399735
