Iteration,Accuracy,Weight Decay
0,0.6955655206776283,0.0019651531060601536
1,0.7678126557050324,0.0018458080693910348
2,0.7832585949177877,0.0017264630327219162
3,0.7752864972595914,0.0016071179960527975
4,0.8659691081215745,0.0014877729593836787
5,0.8819133034379671,0.00136842792271456
6,0.8888888888888888,0.0012490828860454411
7,0.8893871449925261,0.0011297378493763223
