Iteration,Accuracy,Weight Decay
0,0.7276559865092749,0.041773682891187935
1,0.739460370994941,0.018334280241060232
2,0.8507588532883642,0.008046832567607796
3,0.8819561551433389,0.003531718372347135
4,0.8929173693086003,0.001550055199580515
5,0.9038785834738617,0.0006803122073830045
