Iteration,Accuracy,Weight Decay
0,0.5374712643678161,0.0002003721737867316
1,0.7724137931034483,0.0009371430012882641
2,0.7839080459770115,0.00012769942336939515
3,0.7917241379310345,0.0027364434567072383
4,0.8133333333333334,0.00020303570033134715
5,0.8055172413793104,4.848586392523202e-05
6,0.8229885057471265,7.574522227747224e-05
7,0.8266666666666667,0.00010971399468262932
