Iteration,Accuracy,Weight Decay
0,0.7868571428571428,2.869377067127777e-06
1,0.8665714285714285,0.00277374762232651
2,0.9065714285714286,0.00190932807667502
3,0.9245714285714286,0.0019179102616724
