Iteration,Accuracy,Weight Decay
0,0.7284285714285714,0.0071340919757048255
1,0.7295714285714285,1.7697434982290845e-06
2,0.7144285714285714,0.00023777479666081832
3,0.7414285714285714,0.001284764685431755
4,0.7185714285714285,0.00277374762232651
5,0.7338571428571429,0.003298654464196375
6,0.7634285714285715,0.00258257950735642
7,0.7652857142857142,0.001485072748559495
8,0.7498571428571429,0.0013682422858920349
9,0.7475714285714286,0.0019179102616724
