Iteration,Accuracy,Weight Decay
0,0.4813153961136024,0.09706882132280426
1,0.7583457897359243,0.09046519793170772
2,0.8051818634778276,0.07310626521668034
3,0.8550074738415545,0.04378320141530977
4,0.8764324862979571,0.018243790724546134
5,0.8928749377179871,0.006010088662594013
6,0.8943697060288989,0.0018001084090777473
7,0.8953662182361734,0.0005235193184478273
