Iteration,Accuracy,Weight Decay
0,0.7747882411559541,1.51465578557073e-06
1,0.8271051320378675,1.51465578557073e-06
2,0.8455406078724464,1.51465578557073e-06
3,0.8654708520179372,1.51465578557073e-06
4,0.872446437468859,1.51465578557073e-06
5,0.8799202790234181,1.51465578557073e-06
6,0.8923766816143498,1.51465578557073e-06
7,0.885401096163428,1.51465578557073e-06
