Iteration,Accuracy,Weight Decay
0,0.5949177877428998,0.0019651531060601536
1,0.6716492277030394,0.0018458080693910348
2,0.7065271549576483,0.0017264630327219162
3,0.7284504235176881,0.0016071179960527975
4,0.7897359242650722,0.0014877729593836787
5,0.820627802690583,0.00136842792271456
6,0.8604882909815645,0.0012490828860454411
7,0.8868958644743398,0.0011297378493763223
