Iteration,Accuracy,Weight Decay
0,0.4859770114942529,1.244861286480041e-05
1,0.7328735632183908,0.0014509746430623881
2,0.7535632183908046,0.0019772324338958092
3,0.7714942528735632,0.0012718126267942805
4,0.8027586206896552,0.0008470930204868128
5,0.8229885057471265,0.000490950023268154
6,0.8354022988505747,0.00248070181722725
7,0.7917241379310345,0.0037123275987819117
