Iteration,Accuracy,Weight Decay
0,0.7992857142857143,2.869377067127777e-06
1,0.8105714285714286,0.00277374762232651
2,0.8158571428571428,0.00190932807667502
3,0.8155714285714286,0.0019179102616724
