Iteration,Accuracy,Weight Decay
0,0.7574285714285715,0.002691581853925225
1,0.8435714285714285,1.112501291317162e-05
2,0.9078571428571428,0.0006316137715346212
3,0.9197142857142857,2.8533382816867632e-05
