Iteration,Accuracy,Weight Decay
0,0.5978077571669477,0.000714770463686342
1,0.7715008431703204,0.000714770463686342
2,0.8145025295109612,0.000714770463686342
3,0.8676222596964587,0.000714770463686342
4,0.8760539629005059,0.000714770463686342
5,0.903035413153457,0.000714770463686342
