Iteration,Accuracy,Weight Decay
0,0.5104285714285715,0.0715000506746646
1,0.6471428571428571,0.046500095126124755
2,0.7145714285714285,0.021500139577584912
3,0.7004285714285714,-0.003499815970954903
