Iteration,Accuracy,Weight Decay
0,0.3444285714285714,0.07482254476706554
1,0.6864285714285714,0.05852257374941756
2,0.7645714285714286,0.04422259917565277
3,0.8398571428571429,0.03192262104577116
4,0.8875714285714286,0.021622639359772756
5,0.3982857142857143,0.013322654117657533
6,0.8821428571428571,0.007022665319425497
7,0.8347142857142857,0.0027226729650766464
8,0.9085714285714286,0.00042267705461097914
9,0.9224285714285714,0.0001226775880285013
