Iteration,Accuracy,Weight Decay
0,0.7561428571428571,0.08956689623880071
1,0.852,0.041338346412298756
2,0.8608571428571429,0.005468299804777157
3,0.9135714285714286,0.00047274822582090244
