Iteration,Accuracy,Weight Decay
0,0.5387858347386172,4.815297862032934e-06
1,0.5851602023608768,0.0004982290216050967
2,0.7664418212478921,1.409240098658793e-07
3,0.8246205733558178,0.00013713943858997027
4,0.8701517706576728,2.192787454395522e-07
5,0.8811129848229342,1.6297508346206433e-08
