Iteration,Accuracy,Weight Decay
0,0.7546374367622259,0.06801802122791924
1,0.8372681281618887,0.043527664608961875
2,0.7790893760539629,0.02455315407535525
3,0.8313659359190556,0.011094489627099403
4,0.8693086003372681,0.0031516712641943057
5,0.8752107925801011,0.0007246989866399735
