Iteration,Accuracy,Weight Decay
0,0.69,0.0071340919757048255
1,0.8338571428571429,1.7697434982290845e-06
2,0.8858571428571429,0.00023777479666081832
3,0.8898571428571429,0.001284764685431755
4,0.905,0.00277374762232651
5,0.9137142857142857,0.003298654464196375
6,0.9197142857142857,0.00258257950735642
7,0.9224285714285714,0.001485072748559495
8,0.9282857142857143,0.0013682422858920349
9,0.9332857142857143,0.0019179102616724
