Iteration,Accuracy,Weight Decay
0,0.6303448275862069,5.99030482063902e-05
1,0.7604597701149425,-5.944198846272858e-05
2,0.776551724137931,-0.00017878702513184734
3,0.7848275862068965,-0.0002981320618009661
4,0.8068965517241379,-0.00041747709847008487
5,0.8229885057471265,-0.0005368221351392036
6,0.8202298850574713,-0.0006561671718083224
7,0.8174712643678161,-0.0007755122084774412
