Iteration,Accuracy,Weight Decay
0,0.6509274873524452,0.09623406949124648
1,0.6947723440134908,0.08285422480701589
2,0.7335581787521079,0.047877320869366004
3,0.8220910623946037,0.015206179604296877
4,0.8625632377740303,0.003819399833108084
5,0.8811129848229342,0.0013164192457227669
