Iteration,Accuracy,Weight Decay
0,0.7194818136522172,0.08500022719836783
1,0.7862481315396114,0.07250041653034103
2,0.8340807174887892,0.06000060586231423
3,0.8350772296960638,0.047500795194287425
4,0.8545092177379173,0.03500098452626062
5,0.8599900348779272,0.022501173858233817
6,0.8694569008470354,0.010001363190207016
7,0.8355754857997011,-0.0024984474778197846
