Iteration,Accuracy,Weight Decay
0,0.7065767284991569,0.06801802122791924
1,0.7875210792580101,0.043527664608961875
2,0.8642495784148398,0.02455315407535525
3,0.8473861720067454,0.011094489627099403
4,0.8701517706576728,0.0031516712641943057
5,0.8988195615514334,0.0007246989866399735
