Iteration,Accuracy,Weight Decay
0,0.6208271051320379,0.09706882132280426
1,0.7414050822122571,0.09046519793170772
2,0.6268061783756851,0.07310626521668034
3,0.674638764324863,0.04378320141530977
4,0.7613353263577479,0.018243790724546134
5,0.8425510712506228,0.006010088662594013
6,0.8550074738415545,0.0018001084090777473
7,0.8360737419033383,0.0005235193184478273
