Iteration,Accuracy,Weight Decay
0,0.5952782462057336,4.815297862032934e-06
1,0.6500843170320405,0.0004982290216050967
2,0.8043844856661045,1.409240098658793e-07
3,0.8549747048903878,0.00013713943858997027
4,0.8709949409780776,2.192787454395522e-07
5,0.8861720067453626,1.6297508346206433e-08
