Iteration,Accuracy,Weight Decay
0,0.7401428571428571,2.869377067127777e-06
1,0.8188571428571428,0.00277374762232651
2,0.8698571428571429,0.00190932807667502
3,0.91,0.0019179102616724
