Iteration,Accuracy,Weight Decay
0,0.6686340640809444,0.041773682891187935
1,0.7925801011804384,0.018334280241060232
2,0.8558178752107926,0.008046832567607796
3,0.863406408094435,0.003531718372347135
4,0.8777403035413154,0.001550055199580515
5,0.8802698145025295,0.0006803122073830045
