Iteration,Accuracy,Weight Decay
0,0.6367713004484304,0.0722504203169805
1,0.8221225710014948,0.052563218514838285
2,0.8555057299451918,0.03600096937970277
3,0.8863976083707026,0.02256367291157395
4,0.8893871449925261,0.012251329110451837
5,0.8923766816143498,0.005063937976336426
6,0.9023418036870952,0.0010014995092277146
7,0.8978574987543597,6.401370912570431e-05
