Iteration,Accuracy,Weight Decay
0,0.5084317032040472,0.008418214204680837
1,0.40640809443507586,1.218420494244844e-05
2,0.806070826306914,0.00037207666613276716
3,0.8440134907251264,1.0734704839005543e-05
4,0.8473861720067454,0.0024717171279428616
5,0.8752107925801011,2.760684359232467e-05
