Iteration,Accuracy,Weight Decay
0,0.6277142857142857,0.0005985459909791782
1,0.7705714285714286,0.0003046671644995673
2,0.8224285714285714,0.0029211858815080295
3,0.8278571428571428,0.0009694294775685571
