Iteration,Accuracy,Weight Decay
0,0.6202857142857143,0.0004812769851122456
1,0.6212857142857143,0.000706134593303904
2,0.6214285714285714,0.0020361233691011966
3,0.6235714285714286,1.489227302343847e-05
4,0.6247142857142857,6.200407661280459e-05
5,0.624,0.0014859995639640387
6,0.6285714285714286,0.009011950156980187
7,0.6274285714285714,1.9682622952285204e-05
8,0.7278571428571429,0.00021000605212263164
9,0.7022857142857143,0.006228608271370348
