Iteration,Accuracy,Weight Decay
0,0.6671649227703039,0.08500022719836783
1,0.4613851519681116,0.07250041653034103
2,0.5196811160936722,0.06000060586231423
3,0.6203288490284006,0.047500795194287425
4,0.6557050323866468,0.03500098452626062
5,0.682112605879422,0.022501173858233817
6,0.804185351270553,0.010001363190207016
7,0.794718485301445,-0.0024984474778197846
