Iteration,Accuracy,Weight Decay
0,0.5961214165261383,0.0006313650920020355
1,0.6298482293423272,0.004679925521917974
2,0.7344013490725126,1.485348973208437e-05
3,0.8018549747048904,0.0038806538972965396
4,0.8701517706576728,0.005987689514641889
5,0.8920741989881956,0.00025734506272618045
