Iteration,Accuracy,Weight Decay
0,0.49156829679595276,0.008343003550686371
1,0.5767284991568297,0.001063122005795403
2,0.7571669477234402,0.0002338064568653658
3,0.8102866779089376,3.319583822694491e-05
4,0.8254637436762225,0.007069242156254371
5,0.8507588532883642,3.2438328688739776e-05
