Iteration,Accuracy,Weight Decay
0,0.7391428571428571,0.0033261644067418524
1,0.869,0.0032068193700727343
2,0.899,0.0030874743334036153
3,0.9011428571428571,0.0029681292967344963
