Iteration,Accuracy,Weight Decay
0,0.3273542600896861,0.0722504203169805
1,0.3682112605879422,0.052563218514838285
2,0.3811659192825112,0.03600096937970277
3,0.3936223218734429,0.02256367291157395
4,0.44643746885899355,0.012251329110451837
5,0.593423019431988,0.005063937976336426
6,0.6776283009466866,0.0010014995092277146
7,0.7254608868958645,6.401370912570431e-05
