Iteration,Accuracy,Weight Decay
0,0.7864285714285715,0.05112258690704978
1,0.8728571428571429,0.021622639359772756
2,0.9032857142857142,0.004622669586765671
3,0.9208571428571428,0.0001226775880285013
