Iteration,Accuracy,Weight Decay
0,0.715008431703204,0.041773682891187935
1,0.8507588532883642,0.018334280241060232
2,0.8625632377740303,0.008046832567607796
3,0.8777403035413154,0.003531718372347135
4,0.8524451939291737,0.001550055199580515
5,0.8768971332209107,0.0006803122073830045
