Iteration,Accuracy,Weight Decay
0,0.6532137518684604,1.774811087732285e-05
1,0.7698056801195815,0.0005452091760761784
2,0.8295964125560538,0.004753311172726379
3,0.8450423517688092,0.00015131836695142685
4,0.874439461883408,0.00010323217011805277
5,0.8694569008470354,0.004913218544861595
6,0.874439461883408,0.002987314651846386
7,0.8769307424015944,0.0028845605251779554
