Iteration,Accuracy,Weight Decay
0,0.8011428571428572,0.016739508918050823
1,0.7818571428571428,0.004453867730520001
2,0.8784285714285714,0.0011850370197883447
3,0.8672857142857143,0.0003153018507141175
4,0.8648571428571429,8.389211088232821e-05
5,0.8827142857142857,2.2321106750096656e-05
6,0.8857142857142857,5.938958995179634e-06
7,0.879,1.5801740631105742e-06
8,0.8925714285714286,4.204356473506604e-07
9,0.8915714285714286,1.118649759477795e-07
