Iteration,Accuracy,Weight Decay
0,0.6747142857142857,0.05112258690704978
1,0.7828571428571428,0.021622639359772756
2,0.8522857142857143,0.004622669586765671
3,0.9,0.0001226775880285013
