Iteration,Accuracy,Weight Decay
0,0.83,2.869377067127777e-06
1,0.7795714285714286,0.00277374762232651
2,0.8942857142857142,0.00190932807667502
3,0.9185714285714286,0.0019179102616724
