Iteration,Accuracy,Weight Decay
0,0.809666168410563,0.018925488238263552
1,0.8380667663178873,0.0047270079827679235
2,0.8400597907324364,0.0011806619828161344
3,0.8400597907324364,0.00029489324383393244
4,0.8450423517688092,7.365531077021373e-05
5,0.8490284005979073,1.8396843325823638e-05
6,0.8480318883906328,4.594968656242079e-06
7,0.8639760837070254,1.1476825984711098e-06
