Iteration,Accuracy,Weight Decay
0,0.6441821247892074,0.08245960944858459
1,0.7672849915682968,0.06591207119253231
2,0.7883642495784149,0.049364532936480035
3,0.8659359190556493,0.03281699468042776
4,0.8659359190556493,0.01626945642437548
5,0.8827993254637436,-0.00027808183167679634
