Iteration,Accuracy,Weight Decay
0,0.6863406408094435,0.0005231482811017788
1,0.7487352445193929,7.369430451967365e-05
2,0.8254637436762225,7.419988573587955e-05
3,0.8617200674536256,0.0029009174920602105
4,0.887858347386172,9.690334453160322e-05
5,0.9156829679595279,1.0771309808342289e-05
