Iteration,Accuracy,Weight Decay
0,0.4319880418535127,0.09455040875321775
1,0.554559043348281,0.08247266789928005
2,0.5665171898355755,0.06545137301945098
3,0.5944195316392625,0.04607786196076218
4,0.6676631788739412,0.02730157616058396
5,0.7229696063776782,0.011981034924538829
6,0.8290981564524166,0.002448651774762514
7,0.8295964125560538,0.00015564563454001894
