Iteration,Accuracy,Weight Decay
0,0.8024285714285714,0.002297389418863703
1,0.8948571428571429,8.389211088232821e-05
2,0.9135714285714286,3.0634276498817596e-06
3,0.9328571428571428,1.118649759477795e-07
