Iteration,Accuracy,Weight Decay
0,0.7488789237668162,0.0722504203169805
1,0.7882411559541604,0.052563218514838285
2,0.8320876930742401,0.03600096937970277
3,0.861484803188839,0.02256367291157395
4,0.8709516691579472,0.012251329110451837
5,0.8858993522670653,0.005063937976336426
6,0.8928749377179871,0.0010014995092277146
7,0.8844045839561535,6.401370912570431e-05
