Iteration,Accuracy,Weight Decay
0,0.585949177877429,0.018925488238263552
1,0.7050323866467364,0.0047270079827679235
2,0.7887394120577977,0.0011806619828161344
3,0.8271051320378675,0.00029489324383393244
4,0.8460388639760837,7.365531077021373e-05
5,0.861484803188839,1.8396843325823638e-05
6,0.872446437468859,4.594968656242079e-06
7,0.8903836571998007,1.1476825984711098e-06
