Iteration,Accuracy,Weight Decay
0,0.6804384485666105,0.000714770463686342
1,0.7858347386172007,0.000714770463686342
2,0.8507588532883642,0.000714770463686342
3,0.8676222596964587,0.000714770463686342
4,0.8819561551433389,0.000714770463686342
5,0.8802698145025295,0.000714770463686342
