Iteration,Accuracy,Weight Decay
0,0.6188870151770658,0.09254828078406145
1,0.7774030354131535,0.07381604081063549
2,0.8389544688026982,0.04879807301935227
3,0.8583473861720068,0.024197921676153977
4,0.887858347386172,0.006607177467133997
5,0.887858347386172,0.0007392660973616683
