Iteration,Accuracy,Weight Decay
0,0.865,0.002297389418863703
1,0.8934285714285715,8.389211088232821e-05
2,0.9181428571428571,3.0634276498817596e-06
3,0.9271428571428572,1.118649759477795e-07
