Iteration,Accuracy,Weight Decay
0,0.737419033383159,0.018925488238263552
1,0.7693074240159442,0.0047270079827679235
2,0.8241155954160438,0.0011806619828161344
3,0.8261086198305929,0.00029489324383393244
4,0.8345789735924265,7.365531077021373e-05
5,0.8435475834578974,1.8396843325823638e-05
6,0.8560039860488291,4.594968656242079e-06
7,0.8584952665670155,1.1476825984711098e-06
