Iteration,Accuracy,Weight Decay
0,0.5685714285714286,0.08650002400378849
1,0.7865714285714286,0.07650004178437256
2,0.7814285714285715,0.06650005956495662
3,0.8255714285714286,0.05650007734554069
4,0.8271428571428572,0.046500095126124755
5,0.8642857142857143,0.03650011290670882
6,0.8798571428571429,0.026500130687292886
7,0.877,0.01650014846787695
8,0.8894285714285715,0.006500166248461017
9,0.9055714285714286,-0.003499815970954903
