Iteration,Accuracy,Weight Decay
0,0.35485714285714287,0.0715000506746646
1,0.31185714285714283,0.046500095126124755
2,0.6135714285714285,0.021500139577584912
3,0.8695714285714286,-0.003499815970954903
