Iteration,Accuracy,Weight Decay
0,0.6462857142857142,0.08956689623880071
1,0.6721428571428572,0.041338346412298756
2,0.691,0.005468299804777157
3,0.7837142857142857,0.00047274822582090244
