Iteration,Accuracy,Weight Decay
0,0.3896362730443448,0.08500022719836783
1,0.4145490782262083,0.07250041653034103
2,0.3692077727952167,0.06000060586231423
3,0.41654210264075736,0.047500795194287425
4,0.4474339810662681,0.03500098452626062
5,0.47882411559541604,0.022501173858233817
6,0.5440956651718983,0.010001363190207016
7,0.645241654210264,-0.0024984474778197846
