Iteration,Accuracy,Weight Decay
0,0.5269814502529511,2.3599228031801587e-05
1,0.7032040472175379,0.0003356107793600007
2,0.7706576728499157,0.002140081195839796
3,0.8052276559865092,3.4518377468505506e-05
4,0.7824620573355818,0.0008877233376472883
5,0.8473861720067454,0.0005419723941850861
