Iteration,Accuracy,Weight Decay
0,0.7592857142857142,1.5505830707183188e-05
1,0.8411428571428572,0.0020083083645717455
2,0.8465714285714285,0.003943230187915992
3,0.8572857142857143,7.185866761593724e-05
4,0.4125714285714286,0.0072422015952292775
5,0.8132857142857143,0.004113592255905305
6,0.8282857142857143,0.002550981317540013
7,0.8441428571428572,0.00039556967829267677
8,0.8717142857142857,0.006113418899201536
9,0.8754285714285714,0.001267932114639864
