Iteration,Accuracy,Weight Decay
0,0.4763328350772297,0.00017176692190214136
1,0.49028400597907323,0.00263749384108559
2,0.7717987045341306,2.4702840901300898e-05
3,0.7648231190832088,0.004454886656255278
4,0.7992027902341804,1.0339577962395622e-05
5,0.8310911808669657,1.1422484498879976e-05
6,0.84853014449427,7.244451246662667e-05
7,0.8510214250124564,0.00012442522530971072
