Iteration,Accuracy,Weight Decay
0,0.6312857142857143,0.08650002400378849
1,0.6597142857142857,0.07650004178437256
2,0.687,0.06650005956495662
3,0.7071428571428572,0.05650007734554069
4,0.777,0.046500095126124755
5,0.7788571428571428,0.03650011290670882
6,0.8292857142857143,0.026500130687292886
7,0.8142857142857143,0.01650014846787695
8,0.8627142857142858,0.006500166248461017
9,0.8737142857142857,-0.003499815970954903
