Iteration,Accuracy,Weight Decay
0,0.6618887015177066,0.06801802122791924
1,0.8279932546374368,0.043527664608961875
2,0.8861720067453626,0.02455315407535525
3,0.8954468802698144,0.011094489627099403
4,0.8836424957841484,0.0031516712641943057
5,0.8768971332209107,0.0007246989866399735
