Iteration,Accuracy,Weight Decay
0,0.6711635750421585,4.815297862032934e-06
1,0.7774030354131535,0.0004982290216050967
2,0.8043844856661045,1.409240098658793e-07
3,0.8558178752107926,0.00013713943858997027
4,0.8903878583473862,2.192787454395522e-07
5,0.8684654300168634,1.6297508346206433e-08
