Iteration,Accuracy,Weight Decay
0,0.5922857142857143,0.0071340919757048255
1,0.5931428571428572,1.7697434982290845e-06
2,0.5895714285714285,0.00023777479666081832
3,0.5937142857142857,0.001284764685431755
4,0.584,0.00277374762232651
5,0.5751428571428572,0.003298654464196375
6,0.6671428571428571,0.00258257950735642
7,0.6914285714285714,0.001485072748559495
8,0.7291428571428571,0.0013682422858920349
9,0.7377142857142858,0.0019179102616724
