Iteration,Accuracy,Weight Decay
0,0.5755714285714286,0.09746673418161543
1,0.753,0.09340111078410944
2,0.8131428571428572,0.0838891336884537
3,0.8332857142857143,0.06570110725289291
4,0.8494285714285714,0.041338346412298756
5,0.8557142857142858,0.020587178380980863
6,0.8615714285714285,0.00870673956906492
7,0.667,0.0033896881950003137
8,0.8835714285714286,0.0012744104865876579
9,0.9001428571428571,0.00047274822582090244
