Iteration,Accuracy,Weight Decay
0,0.5177065767284992,0.0031914233925088745
1,0.7774030354131535,0.008587054460440611
2,0.8431703204047217,4.580068936023713e-05
3,0.8684654300168634,0.0030688099622145832
4,0.8853288364249579,5.9030979525048884e-05
5,0.8929173693086003,0.001175853421763645
