Iteration,Accuracy,Weight Decay
0,0.6450252951096122,4.815297862032934e-06
1,0.7512647554806071,0.0004982290216050967
2,0.8128161888701517,1.409240098658793e-07
3,0.8397976391231029,0.00013713943858997027
4,0.8676222596964587,2.192787454395522e-07
5,0.8693086003372681,1.6297508346206433e-08
