Iteration,Accuracy,Weight Decay
0,0.7847142857142857,0.0033261644067418524
1,0.799,0.0032068193700727343
2,0.8982857142857142,0.0030874743334036153
3,0.919,0.0029681292967344963
