Iteration,Accuracy,Weight Decay
0,0.6258096661684106,0.09455040875321775
1,0.4982561036372696,0.08247266789928005
2,0.5874439461883408,0.06545137301945098
3,0.7922272047832586,0.04607786196076218
4,0.7782760338814151,0.02730157616058396
5,0.802192326856004,0.011981034924538829
6,0.817140009965122,0.002448651774762514
7,0.8086696562032885,0.00015564563454001894
