Iteration,Accuracy,Weight Decay
0,0.583,0.08650002400378849
1,0.6588571428571428,0.07650004178437256
2,0.6832857142857143,0.06650005956495662
3,0.686,0.05650007734554069
4,0.8427142857142857,0.046500095126124755
5,0.8557142857142858,0.03650011290670882
6,0.817,0.026500130687292886
7,0.8468571428571429,0.01650014846787695
8,0.8534285714285714,0.006500166248461017
9,0.8637142857142858,-0.003499815970954903
