Iteration,Accuracy,Weight Decay
0,0.6721428571428572,0.00011096983500866035
1,0.7651428571428571,2.8190100507056738e-05
2,0.8197142857142857,0.0001053705793689214
3,0.8002857142857143,0.0007083532740831193
4,0.877,0.009874535455404922
5,0.8378571428571429,6.7416974160809e-05
6,0.901,0.0032114572070033186
7,0.9112857142857143,1.979181264620402e-05
8,0.9191428571428572,0.005317546547158137
9,0.9224285714285714,0.0026749113821534077
