Iteration,Accuracy,Weight Decay
0,0.6618887015177066,0.004433262508076714
1,0.7352445193929174,0.007998785776805774
2,0.7613827993254637,0.005216956881065075
3,0.8077571669477235,0.0004292512355156974
4,0.8322091062394603,0.0009901340008442241
5,0.8583473861720068,0.0012149607963892835
