Iteration,Accuracy,Weight Decay
0,0.6129848229342327,0.06801802122791924
1,0.7453625632377741,0.043527664608961875
2,0.8094435075885329,0.02455315407535525
3,0.8246205733558178,0.011094489627099403
4,0.8524451939291737,0.0031516712641943057
5,0.8752107925801011,0.0007246989866399735
