Iteration,Accuracy,Weight Decay
0,0.7689713322091062,0.041773682891187935
1,0.811973018549747,0.018334280241060232
2,0.815345699831366,0.008046832567607796
3,0.8903878583473862,0.003531718372347135
4,0.8853288364249579,0.001550055199580515
5,0.8946037099494097,0.0006803122073830045
