Iteration,Accuracy,Weight Decay
0,0.7865714285714286,0.016739508918050823
1,0.85,0.004453867730520001
2,0.8741428571428571,0.0011850370197883447
3,0.8831428571428571,0.0003153018507141175
4,0.899,8.389211088232821e-05
5,0.9087142857142857,2.2321106750096656e-05
6,0.9128571428571428,5.938958995179634e-06
7,0.9198571428571428,1.5801740631105742e-06
8,0.9288571428571428,4.204356473506604e-07
9,0.9284285714285714,1.118649759477795e-07
