Iteration,Accuracy,Weight Decay
0,0.737419033383159,0.08500022719836783
1,0.7857498754359741,0.07250041653034103
2,0.8196312904833084,0.06000060586231423
3,0.8271051320378675,0.047500795194287425
4,0.8445440956651719,0.03500098452626062
5,0.8639760837070254,0.022501173858233817
6,0.8599900348779272,0.010001363190207016
7,0.8470353761833582,-0.0024984474778197846
