Iteration,Accuracy,Weight Decay
0,0.7438963627304435,1.51465578557073e-06
1,0.8425510712506228,1.51465578557073e-06
2,0.8719481813652217,1.51465578557073e-06
3,0.8764324862979571,1.51465578557073e-06
4,0.8878923766816144,1.51465578557073e-06
5,0.9028400597907325,1.51465578557073e-06
6,0.9083208769307424,1.51465578557073e-06
7,0.9068261086198306,1.51465578557073e-06
