Iteration,Accuracy,Weight Decay
0,0.7416091954022989,5.95501370565999e-05
1,0.7733333333333333,5.95501370565999e-05
2,0.8032183908045977,5.95501370565999e-05
3,0.8059770114942528,5.95501370565999e-05
4,0.8179310344827586,5.95501370565999e-05
5,0.8248275862068966,5.95501370565999e-05
6,0.8170114942528736,5.95501370565999e-05
7,0.8229885057471265,5.95501370565999e-05
