Iteration,Accuracy,Weight Decay
0,0.5739910313901345,3.282799652837687e-05
1,0.6686596910812157,0.0005039144376386749
2,0.6965620328849028,4.011331984026038e-05
3,0.7952167414050823,1.5111778266805054e-05
4,0.8051818634778276,0.0031072521321713798
5,0.8231190832087693,0.0002856336408082421
6,0.8251121076233184,1.9814967434969446e-05
7,0.8470353761833582,0.007492058267300189
