Iteration,Accuracy,Weight Decay
0,0.7985714285714286,2.869377067127777e-06
1,0.862,0.00277374762232651
2,0.8901428571428571,0.00190932807667502
3,0.8955714285714286,0.0019179102616724
