Iteration,Accuracy,Weight Decay
0,0.5084317032040472,0.09623406949124648
1,0.5446880269814502,0.08285422480701589
2,0.6812816188870152,0.047877320869366004
3,0.7715008431703204,0.015206179604296877
4,0.8279932546374368,0.003819399833108084
5,0.872681281618887,0.0013164192457227669
