Iteration,Accuracy,Weight Decay
0,0.6306913996627319,0.000714770463686342
1,0.7925801011804384,0.000714770463686342
2,0.8102866779089376,0.000714770463686342
3,0.8676222596964587,0.000714770463686342
4,0.8566610455311973,0.000714770463686342
5,0.8861720067453626,0.000714770463686342
