Iteration,Accuracy,Weight Decay
0,0.3625632377740304,0.0009543550814608787
1,0.7403035413153457,0.0016209982114172006
2,0.8026981450252951,2.337321304793659e-05
3,0.8237774030354131,4.6755030874736906e-05
4,0.8355817875210793,0.004367749053712918
5,0.8431703204047217,0.00020882644309355215
