Iteration,Accuracy,Weight Decay
0,0.8254285714285714,1.6537522626492296e-05
1,0.838,0.0008578971938312101
2,0.8877142857142857,0.001110104806470811
3,0.8878571428571429,0.00010249737773977191
