Iteration,Accuracy,Weight Decay
0,0.29842857142857143,0.08126216613380753
1,0.5057142857142857,0.04451338310406878
2,0.6322857142857143,0.010978637918546164
3,0.8172857142857143,0.0003021294961929753
