Iteration,Accuracy,Weight Decay
0,0.5311973018549747,0.00124126251076035
1,0.4376053962900506,0.00022440828363310978
2,0.6568296795952783,1.691673833020604e-05
3,0.7284991568296796,1.3459707306945567e-05
4,0.8077571669477235,0.00182620673571407
5,0.8372681281618887,0.0002417467093819669
