Iteration,Accuracy,Weight Decay
0,0.6092857142857143,0.08650002400378849
1,0.5811428571428572,0.07650004178437256
2,0.5634285714285714,0.06650005956495662
3,0.5448571428571428,0.05650007734554069
4,0.5448571428571428,0.046500095126124755
5,0.6218571428571429,0.03650011290670882
6,0.6668571428571428,0.026500130687292886
7,0.6547142857142857,0.01650014846787695
8,0.6762857142857143,0.006500166248461017
9,0.6921428571428572,-0.003499815970954903
