Iteration,Accuracy,Weight Decay
0,0.5952782462057336,0.06801802122791924
1,0.7268128161888702,0.043527664608961875
2,0.7833052276559865,0.02455315407535525
3,0.8794266441821248,0.011094489627099403
4,0.9021922428330523,0.0031516712641943057
5,0.9114671163575042,0.0007246989866399735
