Iteration,Accuracy,Weight Decay
0,0.6597701149425287,0.00014329858932334317
1,0.7135632183908046,0.0013552108937759802
2,0.7347126436781609,0.005116627801416883
3,0.7797701149425287,0.0005889633501563522
4,0.7954022988505747,0.004966149727948811
5,0.8009195402298851,0.0007658161886781203
6,0.8096551724137931,0.0009070451027945848
7,0.8137931034482758,2.009325688952272e-05
