Iteration,Accuracy,Weight Decay
0,0.5949177877428998,8.519920395650389e-05
1,0.6895864474339811,2.3429944123185277e-05
2,0.715495764823119,0.001275800172006675
3,0.7932237169905332,0.0024363412983311144
4,0.8574987543597409,0.0003371499201374152
5,0.8455406078724464,0.00034466485785604836
6,0.8799202790234181,4.1064740505294384e-05
7,0.8893871449925261,0.0005696907668888899
