Iteration,Accuracy,Weight Decay
0,0.6627318718381113,0.06801802122791924
1,0.7209106239460371,0.043527664608961875
2,0.8178752107925801,0.02455315407535525
3,0.8693086003372681,0.011094489627099403
4,0.8988195615514334,0.0031516712641943057
5,0.893760539629005,0.0007246989866399735
