Iteration,Accuracy,Weight Decay
0,0.5495764823119084,0.0722504203169805
1,0.5401096163428002,0.052563218514838285
2,0.57299451918286,0.03600096937970277
3,0.6522172396611858,0.02256367291157395
4,0.6731439960139511,0.012251329110451837
5,0.7867463876432487,0.005063937976336426
6,0.8251121076233184,0.0010014995092277146
7,0.817140009965122,6.401370912570431e-05
