Iteration,Accuracy,Weight Decay
0,0.8351428571428572,1.6858381756912666e-05
1,0.7774285714285715,7.52040280298887e-05
2,0.8527142857142858,1.6685097264729894e-05
3,0.8792857142857143,2.5713350039049066e-05
