Iteration,Accuracy,Weight Decay
0,0.6517142857142857,0.05112258690704978
1,0.74,0.021622639359772756
2,0.8368571428571429,0.004622669586765671
3,0.892,0.0001226775880285013
