Iteration,Accuracy,Weight Decay
0,0.4304932735426009,0.0722504203169805
1,0.3487792725460887,0.052563218514838285
2,0.3811659192825112,0.03600096937970277
3,0.3756851021425012,0.02256367291157395
4,0.43447932237169906,0.012251329110451837
5,0.5789735924265073,0.005063937976336426
6,0.6711509715994021,0.0010014995092277146
7,0.7244643746885899,6.401370912570431e-05
