Iteration,Accuracy,Weight Decay
0,0.6531428571428571,0.08650002400378849
1,0.7552857142857143,0.07650004178437256
2,0.7964285714285714,0.06650005956495662
3,0.8087142857142857,0.05650007734554069
4,0.8267142857142857,0.046500095126124755
5,0.8744285714285714,0.03650011290670882
6,0.8818571428571429,0.026500130687292886
7,0.8835714285714286,0.01650014846787695
8,0.9027142857142857,0.006500166248461017
9,0.8891428571428571,-0.003499815970954903
