Iteration,Accuracy,Weight Decay
0,0.3193821624314898,0.09706882132280426
1,0.45739910313901344,0.09046519793170772
2,0.6312904833084205,0.07310626521668034
3,0.7897359242650722,0.04378320141530977
4,0.8181365221723966,0.018243790724546134
5,0.8709516691579472,0.006010088662594013
6,0.8769307424015944,0.0018001084090777473
7,0.8729446935724963,0.0005235193184478273
