Iteration,Accuracy,Weight Decay
0,0.7225969645868465,0.09623406949124648
1,0.7858347386172007,0.08285422480701589
2,0.8263069139966274,0.047877320869366004
3,0.8591905564924115,0.015206179604296877
4,0.863406408094435,0.003819399833108084
5,0.8802698145025295,0.0013164192457227669
