Iteration,Accuracy,Weight Decay
0,0.7706576728499157,0.041773682891187935
1,0.8094435075885329,0.018334280241060232
2,0.845699831365936,0.008046832567607796
3,0.8591905564924115,0.003531718372347135
4,0.8659359190556493,0.001550055199580515
5,0.8676222596964587,0.0006803122073830045
