Iteration,Accuracy,Weight Decay
0,0.6178571428571429,0.09746673418161543
1,0.6892857142857143,0.09340111078410944
2,0.8058571428571428,0.0838891336884537
3,0.8405714285714285,0.06570110725289291
4,0.854,0.041338346412298756
5,0.8812857142857143,0.020587178380980863
6,0.8962857142857142,0.00870673956906492
7,0.9017142857142857,0.0033896881950003137
8,0.9147142857142857,0.0012744104865876579
9,0.9177142857142857,0.00047274822582090244
