Iteration,Accuracy,Weight Decay
0,0.7398571428571429,0.08650002400378849
1,0.8047142857142857,0.07650004178437256
2,0.8507142857142858,0.06650005956495662
3,0.8622857142857143,0.05650007734554069
4,0.8765714285714286,0.046500095126124755
5,0.8961428571428571,0.03650011290670882
6,0.8985714285714286,0.026500130687292886
7,0.9098571428571428,0.01650014846787695
8,0.9128571428571428,0.006500166248461017
9,0.909,-0.003499815970954903
