Iteration,Accuracy,Weight Decay
0,0.8421428571428572,0.08956689623880071
1,0.8782857142857143,0.041338346412298756
2,0.8847142857142857,0.005468299804777157
3,0.9202857142857143,0.00047274822582090244
