Iteration,Accuracy,Weight Decay
0,0.7787742899850523,0.0007924828983539
1,0.8246138515196811,0.00019812203523477496
2,0.8599900348779272,1.7073526474706922e-06
3,0.8804185351270553,0.00043789432981655344
4,0.8938714499252616,0.0008342823480416806
5,0.8973592426507224,6.949760391706498e-06
6,0.9013452914798207,0.0089021508544503
7,0.9068261086198306,0.0006579332246575
