Iteration,Accuracy,Weight Decay
0,0.6457399103139013,0.0007924828983539
1,0.6860986547085202,0.00019812203523477496
2,0.7518684603886397,1.7073526474706922e-06
3,0.7419033383158944,0.00043789432981655344
4,0.817140009965122,0.0008342823480416806
5,0.7777777777777778,6.949760391706498e-06
6,0.71350274040857,0.0089021508544503
7,0.8181365221723966,0.0006579332246575
