Iteration,Accuracy,Weight Decay
0,0.578,0.09746673418161543
1,0.5761428571428572,0.09340111078410944
2,0.6282857142857143,0.0838891336884537
3,0.6397142857142857,0.06570110725289291
4,0.6148571428571429,0.041338346412298756
5,0.6195714285714286,0.020587178380980863
6,0.6297142857142857,0.00870673956906492
7,0.6925714285714286,0.0033896881950003137
8,0.7305714285714285,0.0012744104865876579
9,0.715,0.00047274822582090244
