Iteration,Accuracy,Weight Decay
0,0.8325714285714285,0.0715000506746646
1,0.8572857142857143,0.046500095126124755
2,0.8378571428571429,0.021500139577584912
3,0.8845714285714286,-0.003499815970954903
