Iteration,Accuracy,Weight Decay
0,0.6804384485666105,0.000714770463686342
1,0.8406408094435076,0.000714770463686342
2,0.8431703204047217,0.000714770463686342
3,0.887858347386172,0.000714770463686342
4,0.8827993254637436,0.000714770463686342
5,0.8954468802698144,0.000714770463686342
