Iteration,Accuracy,Weight Decay
0,0.8332857142857143,0.0033261644067418524
1,0.8911428571428571,0.0032068193700727343
2,0.8942857142857142,0.0030874743334036153
3,0.8938571428571429,0.0029681292967344963
