Iteration,Accuracy,Weight Decay
0,0.6973018549747049,0.0021625959794532735
1,0.7824620573355818,0.008050541627101244
2,0.8128161888701517,0.0003557865767545912
3,0.8220910623946037,0.0013394807897695732
4,0.8558178752107926,1.0848677259635369e-05
5,0.866779089376054,0.0025427456422966095
