Iteration,Accuracy,Weight Decay
0,0.76,1.77805840656653e-07
1,0.8058571428571428,1.77805840656653e-07
2,0.8381428571428572,1.77805840656653e-07
3,0.8942857142857142,1.77805840656653e-07
4,0.904,1.77805840656653e-07
5,0.9178571428571428,1.77805840656653e-07
6,0.9222857142857143,1.77805840656653e-07
7,0.9301428571428572,1.77805840656653e-07
8,0.9282857142857143,1.77805840656653e-07
9,0.93,1.77805840656653e-07
