Iteration,Accuracy,Weight Decay
0,0.7643248629795715,0.00011065965884766973
1,0.7932237169905332,0.00027000187963689237
2,0.8525161933233683,0.008793462471290788
3,0.8739412057797707,0.00014058821782163324
4,0.8868958644743398,0.0004527384742352532
5,0.8913801694070752,0.0003014887504595038
6,0.8998505231689088,0.00015261950561507018
7,0.905829596412556,4.828534027634412e-05
