Iteration,Accuracy,Weight Decay
0,0.5841428571428572,0.0715000506746646
1,0.6762857142857143,0.046500095126124755
2,0.6844285714285714,0.021500139577584912
3,0.7491428571428571,-0.003499815970954903
