Iteration,Accuracy,Weight Decay
0,0.6087689713322091,0.000714770463686342
1,0.7192242833052277,0.000714770463686342
2,0.7917369308600337,0.000714770463686342
3,0.8389544688026982,0.000714770463686342
4,0.8372681281618887,0.000714770463686342
5,0.8836424957841484,0.000714770463686342
