Iteration,Accuracy,Weight Decay
0,0.7871428571428571,0.009875604118581308
1,0.8058571428571428,0.0005351112984702519
2,0.8497142857142858,0.00010784596814835427
3,0.8757142857142857,5.880426363655883e-05
4,0.8885714285714286,0.0036892067523117363
5,0.8915714285714286,0.007994899239129402
6,0.9041428571428571,2.602570778420437e-05
7,0.7212857142857143,4.855813732397757e-05
8,0.9191428571428572,0.001194953839998532
9,0.9228571428571428,0.004000613165683632
