Iteration,Accuracy,Weight Decay
0,0.2782857142857143,0.0715000506746646
1,0.5481428571428572,0.046500095126124755
2,0.581,0.021500139577584912
3,0.643,-0.003499815970954903
