Iteration,Accuracy,Weight Decay
0,0.7927254608868959,0.09455040875321775
1,0.7742899850523169,0.08247266789928005
2,0.7917289486796213,0.06545137301945098
3,0.828101644245142,0.04607786196076218
4,0.8574987543597409,0.02730157616058396
5,0.8634778276033881,0.011981034924538829
6,0.8749377179870453,0.002448651774762514
7,0.8764324862979571,0.00015564563454001894
