Iteration,Accuracy,Weight Decay
0,0.6372695565520677,0.0722504203169805
1,0.624813153961136,0.052563218514838285
2,0.6626806178375685,0.03600096937970277
3,0.7802690582959642,0.02256367291157395
4,0.8046836073741903,0.012251329110451837
5,0.8360737419033383,0.005063937976336426
6,0.8251121076233184,0.0010014995092277146
7,0.8345789735924265,6.401370912570431e-05
