Iteration,Accuracy,Weight Decay
0,0.8287142857142857,0.002297389418863703
1,0.8832857142857143,8.389211088232821e-05
2,0.9057142857142857,3.0634276498817596e-06
3,0.9324285714285714,1.118649759477795e-07
