Iteration,Accuracy,Weight Decay
0,0.7802857142857142,0.08126216613380753
1,0.8255714285714286,0.04451338310406878
2,0.8905714285714286,0.010978637918546164
3,0.9107142857142857,0.0003021294961929753
