Iteration,Accuracy,Weight Decay
0,0.638,0.002297389418863703
1,0.6417142857142857,8.389211088232821e-05
2,0.7368571428571429,3.0634276498817596e-06
3,0.6958571428571428,1.118649759477795e-07
