Iteration,Accuracy,Weight Decay
0,0.52,5.99030482063902e-05
1,0.52,-5.944198846272858e-05
2,0.52,-0.00017878702513184734
3,0.7797701149425287,-0.0002981320618009661
4,0.8091954022988506,-0.00041747709847008487
5,0.8216091954022988,-0.0005368221351392036
6,0.8340229885057471,-0.0006561671718083224
7,0.8455172413793104,-0.0007755122084774412
