Iteration,Accuracy,Weight Decay
0,0.5979073243647235,0.08500022719836783
1,0.4977578475336323,0.07250041653034103
2,0.6711509715994021,0.06000060586231423
3,0.776283009466866,0.047500795194287425
4,0.7862481315396114,0.03500098452626062
5,0.8380667663178873,0.022501173858233817
6,0.8415545590433483,0.010001363190207016
7,0.8241155954160438,-0.0024984474778197846
