Iteration,Accuracy,Weight Decay
0,0.4384653712007972,0.0722504203169805
1,0.4145490782262083,0.052563218514838285
2,0.4449427005480817,0.03600096937970277
3,0.515695067264574,0.02256367291157395
4,0.5670154459392127,0.012251329110451837
5,0.6402590931738914,0.005063937976336426
6,0.6651718983557549,0.0010014995092277146
7,0.6960637767812655,6.401370912570431e-05
