Iteration,Accuracy,Weight Decay
0,0.6290050590219224,0.041773682891187935
1,0.7723440134907251,0.018334280241060232
2,0.8305227655986509,0.008046832567607796
3,0.842327150084317,0.003531718372347135
4,0.8718381112984823,0.001550055199580515
5,0.8768971332209107,0.0006803122073830045
