Iteration,Accuracy,Weight Decay
0,0.7269556552067763,0.08500022719836783
1,0.7797708021923269,0.07250041653034103
2,0.8201295465869457,0.06000060586231423
3,0.8350772296960638,0.047500795194287425
4,0.8420528151469856,0.03500098452626062
5,0.852017937219731,0.022501173858233817
6,0.8584952665670155,0.010001363190207016
7,0.8251121076233184,-0.0024984474778197846
