Iteration,Accuracy,Weight Decay
0,0.5625311410064773,0.0012170273705174066
1,0.502740408570005,3.5755625952711836e-05
2,0.6422521175884405,0.006802719903550243
3,0.7329347284504235,7.12645487781578e-05
4,0.820627802690583,2.0538470371371792e-05
5,0.8570004982561036,7.051957802534415e-05
6,0.8734429496761336,0.005646446338859516
7,0.8739412057797707,0.0035372069792303684
