Iteration,Accuracy,Weight Decay
0,0.6724285714285714,0.0071340919757048255
1,0.7071428571428572,1.7697434982290845e-06
2,0.6922857142857143,0.00023777479666081832
3,0.7568571428571429,0.001284764685431755
4,0.782,0.00277374762232651
5,0.7928571428571428,0.003298654464196375
6,0.8225714285714286,0.00258257950735642
7,0.7788571428571428,0.001485072748559495
8,0.85,0.0013682422858920349
9,0.8444285714285714,0.0019179102616724
