Iteration,Accuracy,Weight Decay
0,0.8452857142857143,0.0023625549400201782
1,0.8658571428571429,1.0566256530139165e-05
2,0.9005714285714286,0.006339576847299342
3,0.9274285714285714,0.00047081433636154583
