Iteration,Accuracy,Weight Decay
0,0.7175379426644182,0.08245960944858459
1,0.8077571669477235,0.06591207119253231
2,0.8448566610455311,0.049364532936480035
3,0.8777403035413154,0.03281699468042776
4,0.8895446880269815,0.01626945642437548
5,0.8473861720067454,-0.00027808183167679634
