Iteration,Accuracy,Weight Decay
0,0.6652613827993255,0.000714770463686342
1,0.7445193929173693,0.000714770463686342
2,0.8043844856661045,0.000714770463686342
3,0.821247892074199,0.000714770463686342
4,0.8861720067453626,0.000714770463686342
5,0.8920741989881956,0.000714770463686342
