Iteration,Accuracy,Weight Decay
0,0.4772344013490725,0.0055377929980109505
1,0.5092748735244519,1.3548444459859506e-05
2,0.7799325463743676,0.0019749176033528994
3,0.8254637436762225,6.1750841450076e-05
4,0.8128161888701517,0.000977502127166648
5,0.8558178752107926,0.004896094632183428
