Iteration,Accuracy,Weight Decay
0,0.6762225969645869,0.0009264910166212885
1,0.7596964586846543,1.4739085145336695e-05
2,0.7934232715008431,0.0009400337087591237
3,0.7951096121416527,0.0013485379179100138
4,0.8709949409780776,0.002895432728464283
5,0.8709949409780776,2.9361719908686814e-05
