Iteration,Accuracy,Weight Decay
0,0.8222857142857143,0.0014610286081923475
1,0.8681428571428571,2.9949811832911335e-05
2,0.899,3.135600898032199e-05
3,0.9204285714285714,3.1697486920172366e-05
