Iteration,Accuracy,Weight Decay
0,0.611,0.0715000506746646
1,0.6931428571428572,0.046500095126124755
2,0.7852857142857143,0.021500139577584912
3,0.8497142857142858,-0.003499815970954903
