Iteration,Accuracy,Weight Decay
0,0.6551433389544689,1.5922284843503003e-05
1,0.6913996627318718,1.4294726327927728e-05
2,0.7495784148397976,0.0007540548993859765
3,0.8347386172006745,5.123447521604633e-05
4,0.8591905564924115,0.006351520324287941
5,0.8532883642495784,0.0004712645356434878
