Iteration,Accuracy,Weight Decay
0,0.7424015944195317,0.0019651531060601536
1,0.783756851021425,0.0018458080693910348
2,0.8101644245142003,0.0017264630327219162
3,0.8046836073741903,0.0016071179960527975
4,0.828101644245142,0.0014877729593836787
5,0.8181365221723966,0.00136842792271456
6,0.8320876930742401,0.0012490828860454411
7,0.8315894369706028,0.0011297378493763223
