Iteration,Accuracy,Weight Decay
0,0.7302857142857143,0.0015680899513605784
1,0.7122857142857143,0.0012244551634971223
2,0.7697142857142857,3.3887157358658163e-05
3,0.8508571428571429,0.008963908288532284
4,0.8211428571428572,0.0010379673130868192
5,0.8194285714285714,0.00067614882867565
6,0.8178571428571428,0.0018023623770061206
7,0.8454285714285714,2.857502850469877e-05
8,0.8722857142857143,0.0001379560865444882
9,0.875,0.00011186348735441978
