Iteration,Accuracy,Weight Decay
0,0.5801011804384486,0.08245960944858459
1,0.6323777403035413,0.06591207119253231
2,0.6408094435075885,0.049364532936480035
3,0.7925801011804384,0.03281699468042776
4,0.8895446880269815,0.01626945642437548
5,0.8929173693086003,-0.00027808183167679634
