Iteration,Accuracy,Weight Decay
0,0.2057142857142857,0.08126216613380753
1,0.604,0.04451338310406878
2,0.7707142857142857,0.010978637918546164
3,0.8218571428571428,0.0003021294961929753
