Iteration,Accuracy,Weight Decay
0,0.7847142857142857,0.07482254476706554
1,0.83,0.05852257374941756
2,0.8531428571428571,0.04422259917565277
3,0.6631428571428571,0.03192262104577116
4,0.8495714285714285,0.021622639359772756
5,0.8047142857142857,0.013322654117657533
6,0.8038571428571428,0.007022665319425497
7,0.8195714285714286,0.0027226729650766464
8,0.8362857142857143,0.00042267705461097914
9,0.8485714285714285,0.0001226775880285013
