Iteration,Accuracy,Weight Decay
0,0.6641753861484804,0.0007924828983539
1,0.6626806178375685,0.00019812203523477496
2,0.7329347284504235,1.7073526474706922e-06
3,0.7777777777777778,0.00043789432981655344
4,0.8116591928251121,0.0008342823480416806
5,0.807673143996014,6.949760391706498e-06
6,0.7862481315396114,0.0089021508544503
7,0.8176382660687593,0.0006579332246575
