Iteration,Accuracy,Weight Decay
0,0.6838111298482293,0.000714770463686342
1,0.8001686340640809,0.000714770463686342
2,0.872681281618887,0.000714770463686342
3,0.8617200674536256,0.000714770463686342
4,0.8827993254637436,0.000714770463686342
5,0.9080944350758853,0.000714770463686342
