Iteration,Accuracy,Weight Decay
0,0.7204783258594918,0.018925488238263552
1,0.8161434977578476,0.0047270079827679235
2,0.8191330343796711,0.0011806619828161344
3,0.8375685102142502,0.00029489324383393244
4,0.8505231689088192,7.365531077021373e-05
5,0.8560039860488291,1.8396843325823638e-05
6,0.8664673642252118,4.594968656242079e-06
7,0.872446437468859,1.1476825984711098e-06
