Iteration,Accuracy,Weight Decay
0,0.6734285714285714,0.0715000506746646
1,0.7961428571428572,0.046500095126124755
2,0.8704285714285714,0.021500139577584912
3,0.9072857142857143,-0.003499815970954903
