Iteration,Accuracy,Weight Decay
0,0.688026981450253,0.0003139551541520559
1,0.7470489038785835,0.00019461011748293712
2,0.8161888701517707,7.526508081381837e-05
3,0.8372681281618887,-4.4079955855300356e-05
4,0.8128161888701517,-0.0001634249925244192
5,0.8372681281618887,-0.0002827700291935379
