Iteration,Accuracy,Weight Decay
0,0.7717987045341306,0.08500022719836783
1,0.8276033881415047,0.07250041653034103
2,0.8375685102142502,0.06000060586231423
3,0.8415545590433483,0.047500795194287425
4,0.8734429496761336,0.03500098452626062
5,0.8734429496761336,0.022501173858233817
6,0.8858993522670653,0.010001363190207016
7,0.8839063278525162,-0.0024984474778197846
