Iteration,Accuracy,Weight Decay
0,0.7951428571428572,0.08956689623880071
1,0.88,0.041338346412298756
2,0.9062857142857143,0.005468299804777157
3,0.9205714285714286,0.00047274822582090244
