Iteration,Accuracy,Weight Decay
0,0.635774788241156,0.0007924828983539
1,0.6841056302939711,0.00019812203523477496
2,0.7294469357249627,1.7073526474706922e-06
3,0.7533632286995515,0.00043789432981655344
4,0.8036870951669158,0.0008342823480416806
5,0.7957149975087194,6.949760391706498e-06
6,0.7972097658196313,0.0089021508544503
7,0.8226208271051321,0.0006579332246575
