Iteration,Accuracy,Weight Decay
0,0.6583908045977012,2.4313285004204436e-08
1,0.7268965517241379,1.7640969257885612e-07
2,0.7609195402298851,3.199267137797384e-07
3,0.7816091954022989,3.96396275506239e-05
4,0.8096551724137931,0.0005580305251442092
5,0.8280459770114943,1.5487250883917444e-05
6,0.8662068965517241,6.0274239009094145e-05
7,0.8813793103448276,1.3530477745798077e-08
