Iteration,Accuracy,Weight Decay
0,0.5487142857142857,0.08956689623880071
1,0.5697142857142857,0.041338346412298756
2,0.6378571428571429,0.005468299804777157
3,0.6832857142857143,0.00047274822582090244
