Iteration,Accuracy,Weight Decay
0,0.6534569983136593,0.0003139551541520559
1,0.7807757166947723,0.00019461011748293712
2,0.8254637436762225,7.526508081381837e-05
3,0.8229342327150084,-4.4079955855300356e-05
4,0.8617200674536256,-0.0001634249925244192
5,0.8954468802698144,-0.0002827700291935379
