Iteration,Accuracy,Weight Decay
0,0.7717142857142857,0.0715000506746646
1,0.8398571428571429,0.046500095126124755
2,0.861,0.021500139577584912
3,0.7822857142857143,-0.003499815970954903
