Iteration,Accuracy,Weight Decay
0,0.6804384485666105,0.0003139551541520559
1,0.8195615514333895,0.00019461011748293712
2,0.8448566610455311,7.526508081381837e-05
3,0.8026981450252951,-4.4079955855300356e-05
4,0.7757166947723441,-0.0001634249925244192
5,0.8465430016863407,-0.0002827700291935379
