Iteration,Accuracy,Weight Decay
0,0.48,2.4313285004204436e-08
1,0.6914942528735633,1.7640969257885612e-07
2,0.7724137931034483,3.199267137797384e-07
3,0.7908045977011494,3.96396275506239e-05
4,0.8170114942528736,0.0005580305251442092
5,0.8271264367816092,1.5487250883917444e-05
6,0.8395402298850575,6.0274239009094145e-05
7,0.8298850574712644,1.3530477745798077e-08
