Iteration,Accuracy,Weight Decay
0,0.7722969606377678,0.0007924828983539
1,0.8405580468360737,0.00019812203523477496
2,0.8689586447433981,1.7073526474706922e-06
3,0.877927254608869,0.00043789432981655344
4,0.8784255107125062,0.0008342823480416806
5,0.8868958644743398,6.949760391706498e-06
6,0.8953662182361734,0.0089021508544503
7,0.8998505231689088,0.0006579332246575
