Iteration,Accuracy,Weight Decay
0,0.7447142857142857,0.08650002400378849
1,0.8221428571428572,0.07650004178437256
2,0.8262857142857143,0.06650005956495662
3,0.8538571428571429,0.05650007734554069
4,0.853,0.046500095126124755
5,0.8242857142857143,0.03650011290670882
6,0.8335714285714285,0.026500130687292886
7,0.8507142857142858,0.01650014846787695
8,0.8754285714285714,0.006500166248461017
9,0.865,-0.003499815970954903
