Iteration,Accuracy,Weight Decay
0,0.7179870453413054,0.09455040875321775
1,0.7792725460886896,0.08247266789928005
2,0.8156452416542103,0.06545137301945098
3,0.8390632785251619,0.04607786196076218
4,0.8465371200797209,0.02730157616058396
5,0.8659691081215745,0.011981034924538829
6,0.8769307424015944,0.002448651774762514
7,0.8754359740906826,0.00015564563454001894
