Iteration,Accuracy,Weight Decay
0,0.8111428571428572,0.0033261644067418524
1,0.8925714285714286,0.0032068193700727343
2,0.9158571428571428,0.0030874743334036153
3,0.9201428571428572,0.0029681292967344963
