Iteration,Accuracy,Weight Decay
0,0.6772413793103448,3.148485647382322e-05
1,0.6726436781609195,8.73596942275443e-05
2,0.7724137931034483,0.0002324842395843737
3,0.7926436781609195,0.00016413735911159662
4,0.8018390804597701,0.001789575114471921
5,0.7977011494252874,0.0017311133923314968
6,0.7894252873563219,0.0006471715425323013
7,0.8133333333333334,8.07864566643559e-05
