Iteration,Accuracy,Weight Decay
0,0.7583457897359243,0.018925488238263552
1,0.8634778276033881,0.0047270079827679235
2,0.866965620328849,0.0011806619828161344
3,0.8819133034379671,0.00029489324383393244
4,0.8888888888888888,7.365531077021373e-05
5,0.8948679621325362,1.8396843325823638e-05
6,0.8933731938216243,4.594968656242079e-06
7,0.898355754857997,1.1476825984711098e-06
