Iteration,Accuracy,Weight Decay
0,0.7947142857142857,0.08956689623880071
1,0.8351428571428572,0.041338346412298756
2,0.8398571428571429,0.005468299804777157
3,0.8935714285714286,0.00047274822582090244
