Iteration,Accuracy,Weight Decay
0,0.7309417040358744,0.0722504203169805
1,0.796711509715994,0.052563218514838285
2,0.8470353761833582,0.03600096937970277
3,0.8579970104633782,0.02256367291157395
4,0.872446437468859,0.012251329110451837
5,0.8844045839561535,0.005063937976336426
6,0.8898854010961634,0.0010014995092277146
7,0.8893871449925261,6.401370912570431e-05
