Iteration,Accuracy,Weight Decay
0,0.5530642750373692,9.131712481175373e-05
1,0.45590433482810166,0.0001901063841926892
2,0.6557050323866468,0.0023316146440169844
3,0.7344294967613353,0.00656899048557707
4,0.8310911808669657,0.0016185613343726577
5,0.8515196811160937,0.00037573068412249965
6,0.8545092177379173,0.0007901705261412206
7,0.8574987543597409,0.00022141707436657788
