Iteration,Accuracy,Weight Decay
0,0.7937219730941704,0.0019651531060601536
1,0.8535127055306427,0.0018458080693910348
2,0.8729446935724963,0.0017264630327219162
3,0.8878923766816144,0.0016071179960527975
4,0.8878923766816144,0.0014877729593836787
5,0.890881913303438,0.00136842792271456
6,0.8918784255107125,0.0012490828860454411
7,0.8953662182361734,0.0011297378493763223
