Iteration,Accuracy,Weight Decay
0,0.6094285714285714,6.70082887156786e-05
1,0.6327142857142857,0.005900395747501553
2,0.667,1.1372612534742001e-05
3,0.6744285714285714,0.008650619720916769
4,0.6674285714285715,0.006509985644373057
5,0.6528571428571428,3.5399926394741766e-05
6,0.6524285714285715,0.00023954269266751057
7,0.671,0.0005592083380481271
8,0.5678571428571428,0.0016019315811322838
9,0.6498571428571429,0.004452930278910083
