Iteration,Accuracy,Weight Decay
0,0.7812655705032386,0.09455040875321775
1,0.8460388639760837,0.08247266789928005
2,0.8490284005979073,0.06545137301945098
3,0.8579970104633782,0.04607786196076218
4,0.8739412057797707,0.02730157616058396
5,0.8873941205779771,0.011981034924538829
6,0.8834080717488789,0.002448651774762514
7,0.8749377179870453,0.00015564563454001894
