Iteration,Accuracy,Weight Decay
0,0.6644285714285715,0.0033977714287433238
1,0.663,0.003350033414075676
2,0.6557142857142857,0.0033022953994080286
3,0.6472857142857142,0.003254557384740381
4,0.6502857142857142,0.0032068193700727343
5,0.6472857142857142,0.0031590813554050867
6,0.6518571428571428,0.003111343340737439
7,0.7184285714285714,0.0030636053260697915
8,0.7214285714285714,0.003015867311402144
9,0.7572857142857143,0.0029681292967344963
