Iteration,Accuracy,Weight Decay
0,0.711,0.002297389418863703
1,0.7157142857142857,8.389211088232821e-05
2,0.7104285714285714,3.0634276498817596e-06
3,0.7251428571428571,1.118649759477795e-07
