Iteration,Accuracy,Weight Decay
0,0.7207142857142858,0.07482254476706554
1,0.8035714285714286,0.05852257374941756
2,0.7691428571428571,0.04422259917565277
3,0.8407142857142857,0.03192262104577116
4,0.8697142857142857,0.021622639359772756
5,0.8775714285714286,0.013322654117657533
6,0.901,0.007022665319425497
7,0.8947142857142857,0.0027226729650766464
8,0.9055714285714286,0.00042267705461097914
9,0.903,0.0001226775880285013
