Iteration,Accuracy,Weight Decay
0,0.6332835077229696,0.0722504203169805
1,0.776283009466866,0.052563218514838285
2,0.8310911808669657,0.03600096937970277
3,0.8570004982561036,0.02256367291157395
4,0.8789237668161435,0.012251329110451837
5,0.8923766816143498,0.005063937976336426
6,0.8998505231689088,0.0010014995092277146
7,0.8973592426507224,6.401370912570431e-05
