Iteration,Accuracy,Weight Decay
0,0.6608571428571428,0.08956689623880071
1,0.7142857142857143,0.041338346412298756
2,0.8602857142857143,0.005468299804777157
3,0.9045714285714286,0.00047274822582090244
