Iteration,Accuracy,Weight Decay
0,0.8011958146487295,0.0007924828983539
1,0.8515196811160937,0.00019812203523477496
2,0.8809167912306926,1.7073526474706922e-06
3,0.8844045839561535,0.00043789432981655344
4,0.8948679621325362,0.0008342823480416806
5,0.898355754857997,6.949760391706498e-06
6,0.9023418036870952,0.0089021508544503
7,0.9028400597907325,0.0006579332246575
