Iteration,Accuracy,Weight Decay
0,0.6771300448430493,0.018925488238263552
1,0.8051818634778276,0.0047270079827679235
2,0.8325859491778774,0.0011806619828161344
3,0.8525161933233683,0.00029489324383393244
4,0.8659691081215745,7.365531077021373e-05
5,0.872446437468859,1.8396843325823638e-05
6,0.8729446935724963,4.594968656242079e-06
7,0.8739412057797707,1.1476825984711098e-06
