Iteration,Accuracy,Weight Decay
0,0.636593591905565,0.0003139551541520559
1,0.7681281618887015,0.00019461011748293712
2,0.7959527824620574,7.526508081381837e-05
3,0.8549747048903878,-4.4079955855300356e-05
4,0.8549747048903878,-0.0001634249925244192
5,0.821247892074199,-0.0002827700291935379
