Iteration,Accuracy,Weight Decay
0,0.636593591905565,0.06801802122791924
1,0.8128161888701517,0.043527664608961875
2,0.842327150084317,0.02455315407535525
3,0.8676222596964587,0.011094489627099403
4,0.8785834738617201,0.0031516712641943057
5,0.8684654300168634,0.0007246989866399735
