Iteration,Accuracy,Weight Decay
0,0.7715008431703204,0.041773682891187935
1,0.7740303541315345,0.018334280241060232
2,0.7967959527824621,0.008046832567607796
3,0.8229342327150084,0.003531718372347135
4,0.8406408094435076,0.001550055199580515
5,0.863406408094435,0.0006803122073830045
