Iteration,Accuracy,Weight Decay
0,0.7478824115595416,0.00044194262739961145
1,0.8061783756851021,5.287984379225954e-05
2,0.8634778276033881,0.00014151380817889112
3,0.8689586447433981,4.048293808190102e-05
4,0.8878923766816144,9.957794589741744e-05
5,0.8893871449925261,5.26582624476471e-05
6,0.8958644743398106,0.000738062074399483
7,0.8968609865470852,2.3869905322310755e-05
