Iteration,Accuracy,Weight Decay
0,0.4922770303936223,0.0722504203169805
1,0.43996013951170904,0.052563218514838285
2,0.4922770303936223,0.03600096937970277
3,0.523168908819133,0.02256367291157395
4,0.5854509217737918,0.012251329110451837
5,0.6038863976083707,0.005063937976336426
6,0.6920777279521674,0.0010014995092277146
7,0.726457399103139,6.401370912570431e-05
