Iteration,Accuracy,Weight Decay
0,0.7602857142857142,0.003533165646482614
1,0.872,9.219277640535514e-05
2,0.8625714285714285,0.0027729937289616546
3,0.908,1.6740656648723337e-05
