Iteration,Accuracy,Weight Decay
0,0.5640259093173892,0.018925488238263552
1,0.5680119581464873,0.0047270079827679235
2,0.5864474339810662,0.0011806619828161344
3,0.5829596412556054,0.00029489324383393244
4,0.5714997508719482,7.365531077021373e-05
5,0.5749875435974091,1.8396843325823638e-05
6,0.6885899352267065,4.594968656242079e-06
7,0.6860986547085202,1.1476825984711098e-06
