Iteration,Accuracy,Weight Decay
0,0.739460370994941,0.0003139551541520559
1,0.7478920741989882,0.00019461011748293712
2,0.8043844856661045,7.526508081381837e-05
3,0.8322091062394603,-4.4079955855300356e-05
4,0.8279932546374368,-0.0001634249925244192
5,0.8861720067453626,-0.0002827700291935379
