Iteration,Accuracy,Weight Decay
0,0.6180438448566611,0.0003139551541520559
1,0.7748735244519392,0.00019461011748293712
2,0.8010118043844857,7.526508081381837e-05
3,0.7967959527824621,-4.4079955855300356e-05
4,0.8490725126475548,-0.0001634249925244192
5,0.8659359190556493,-0.0002827700291935379
