Iteration,Accuracy,Weight Decay
0,0.822,0.08126216613380753
1,0.8141428571428572,0.04451338310406878
2,0.8851428571428571,0.010978637918546164
3,0.905,0.0003021294961929753
