Iteration,Accuracy,Weight Decay
0,0.6671428571428571,0.09746673418161543
1,0.6844285714285714,0.09340111078410944
2,0.6778571428571428,0.0838891336884537
3,0.6831428571428572,0.06570110725289291
4,0.6751428571428572,0.041338346412298756
5,0.7198571428571429,0.020587178380980863
6,0.7511428571428571,0.00870673956906492
7,0.8085714285714286,0.0033896881950003137
8,0.8018571428571428,0.0012744104865876579
9,0.7961428571428572,0.00047274822582090244
