Iteration,Accuracy,Weight Decay
0,0.699,0.05112258690704978
1,0.688,0.021622639359772756
2,0.7625714285714286,0.004622669586765671
3,0.813,0.0001226775880285013
