Iteration,Accuracy,Weight Decay
0,0.7107925801011804,0.09623406949124648
1,0.8263069139966274,0.08285422480701589
2,0.8338954468802698,0.047877320869366004
3,0.857504215851602,0.015206179604296877
4,0.8743676222596964,0.003819399833108084
5,0.8785834738617201,0.0013164192457227669
