Iteration,Accuracy,Weight Decay
0,0.48,5.99030482063902e-05
1,0.744367816091954,-5.944198846272858e-05
2,0.7650574712643678,-0.00017878702513184734
3,0.7995402298850575,-0.0002981320618009661
4,0.8101149425287356,-0.00041747709847008487
5,0.8239080459770115,-0.0005368221351392036
6,0.8537931034482759,-0.0006561671718083224
7,0.8726436781609196,-0.0007755122084774412
