Iteration,Accuracy,Weight Decay
0,0.8115714285714286,0.002297389418863703
1,0.8828571428571429,8.389211088232821e-05
2,0.9114285714285715,3.0634276498817596e-06
3,0.9234285714285714,1.118649759477795e-07
