Iteration,Accuracy,Weight Decay
0,0.49975087194818135,0.08500022719836783
1,0.34329845540607873,0.07250041653034103
2,0.33482810164424515,0.06000060586231423
3,0.369706028898854,0.047500795194287425
4,0.4110612855007474,0.03500098452626062
5,0.44892874937717986,0.022501173858233817
6,0.5171898355754858,0.010001363190207016
7,0.5884404583956153,-0.0024984474778197846
