Iteration,Accuracy,Weight Decay
0,0.7360876897133221,0.041773682891187935
1,0.7462057335581788,0.018334280241060232
2,0.851602023608769,0.008046832567607796
3,0.8625632377740303,0.003531718372347135
4,0.872681281618887,0.001550055199580515
5,0.8709949409780776,0.0006803122073830045
