Iteration,Accuracy,Weight Decay
0,0.6671428571428571,0.002297389418863703
1,0.803,8.389211088232821e-05
2,0.7912857142857143,3.0634276498817596e-06
3,0.8262857142857143,1.118649759477795e-07
