Iteration,Accuracy,Weight Decay
0,0.678,0.016739508918050823
1,0.7635714285714286,0.004453867730520001
2,0.8405714285714285,0.0011850370197883447
3,0.843,0.0003153018507141175
4,0.8572857142857143,8.389211088232821e-05
5,0.8677142857142857,2.2321106750096656e-05
6,0.892,5.938958995179634e-06
7,0.9097142857142857,1.5801740631105742e-06
8,0.911,4.204356473506604e-07
9,0.9214285714285714,1.118649759477795e-07
