Iteration,Accuracy,Weight Decay
0,0.6537120079720976,0.0019651531060601536
1,0.6761335326357748,0.0018458080693910348
2,0.6651718983557549,0.0017264630327219162
3,0.6706527154957648,0.0016071179960527975
4,0.7354260089686099,0.0014877729593836787
5,0.7179870453413054,0.00136842792271456
6,0.7389138016940707,0.0012490828860454411
7,0.7912306925759841,0.0011297378493763223
