Iteration,Accuracy,Weight Decay
0,0.7944285714285715,0.0071340919757048255
1,0.7702857142857142,1.7697434982290845e-06
2,0.872,0.00023777479666081832
3,0.8898571428571429,0.001284764685431755
4,0.8924285714285715,0.00277374762232651
5,0.887,0.003298654464196375
6,0.8844285714285715,0.00258257950735642
7,0.8968571428571429,0.001485072748559495
8,0.9052857142857142,0.0013682422858920349
9,0.8917142857142857,0.0019179102616724
