Iteration,Accuracy,Weight Decay
0,0.7234401349072512,0.041773682891187935
1,0.7833052276559865,0.018334280241060232
2,0.8760539629005059,0.008046832567607796
3,0.8819561551433389,0.003531718372347135
4,0.9005059021922428,0.001550055199580515
5,0.9106239460370995,0.0006803122073830045
