Iteration,Accuracy,Weight Decay
0,0.7090184354758345,0.0007924828983539
1,0.6970602889885401,0.00019812203523477496
2,0.7125062282012955,1.7073526474706922e-06
3,0.8216243148978575,0.00043789432981655344
4,0.8236173393124065,0.0008342823480416806
5,0.8355754857997011,6.949760391706498e-06
6,0.841056302939711,0.0089021508544503
7,0.8510214250124564,0.0006579332246575
