Iteration,Accuracy,Weight Decay
0,0.6527154957648231,0.0019651531060601536
1,0.7219730941704036,0.0018458080693910348
2,0.7369207772795217,0.0017264630327219162
3,0.7887394120577977,0.0016071179960527975
4,0.7922272047832586,0.0014877729593836787
5,0.7887394120577977,0.00136842792271456
6,0.7937219730941704,0.0012490828860454411
7,0.7917289486796213,0.0011297378493763223
