Iteration,Accuracy,Weight Decay
0,0.8312857142857143,2.869377067127777e-06
1,0.8907142857142857,0.00277374762232651
2,0.9005714285714286,0.00190932807667502
3,0.9012857142857142,0.0019179102616724
