Iteration,Accuracy,Weight Decay
0,0.7227586206896551,5.99030482063902e-05
1,0.7379310344827587,-5.944198846272858e-05
2,0.7770114942528735,-0.00017878702513184734
3,0.7898850574712644,-0.0002981320618009661
4,0.7724137931034483,-0.00041747709847008487
5,0.8335632183908046,-0.0005368221351392036
6,0.8685057471264368,-0.0006561671718083224
7,0.8758620689655172,-0.0007755122084774412
