Iteration,Accuracy,Weight Decay
0,0.7971428571428572,0.08956689623880071
1,0.8187142857142857,0.041338346412298756
2,0.8551428571428571,0.005468299804777157
3,0.8974285714285715,0.00047274822582090244
