Iteration,Accuracy,Weight Decay
0,0.6593591905564924,0.08245960944858459
1,0.8077571669477235,0.06591207119253231
2,0.8558178752107926,0.049364532936480035
3,0.8836424957841484,0.03281699468042776
4,0.7757166947723441,0.01626945642437548
5,0.8946037099494097,-0.00027808183167679634
