Iteration,Accuracy,Weight Decay
0,0.672,2.869377067127777e-06
1,0.8494285714285714,0.00277374762232651
2,0.7918571428571428,0.00190932807667502
3,0.8708571428571429,0.0019179102616724
