Iteration,Accuracy,Weight Decay
0,0.6804384485666105,0.09623406949124648
1,0.8069139966273187,0.08285422480701589
2,0.8271500843170321,0.047877320869366004
3,0.8524451939291737,0.015206179604296877
4,0.863406408094435,0.003819399833108084
5,0.8819561551433389,0.0013164192457227669
