Iteration,Accuracy,Weight Decay
0,0.6322869955156951,0.09455040875321775
1,0.8056801195814649,0.08247266789928005
2,0.8131539611360239,0.06545137301945098
3,0.8565022421524664,0.04607786196076218
4,0.8938714499252616,0.02730157616058396
5,0.8988540109616343,0.011981034924538829
6,0.9063278525161933,0.002448651774762514
7,0.9003487792725461,0.00015564563454001894
