Iteration,Accuracy,Weight Decay
0,0.6243148978574987,0.08500022719836783
1,0.7942202291978077,0.07250041653034103
2,0.8425510712506228,0.06000060586231423
3,0.8574987543597409,0.047500795194287425
4,0.8789237668161435,0.03500098452626062
5,0.8928749377179871,0.022501173858233817
6,0.9088191330343797,0.010001363190207016
7,0.872446437468859,-0.0024984474778197846
