Iteration,Accuracy,Weight Decay
0,0.5625311410064773,0.0007924828983539
1,0.6646736422521176,0.00019812203523477496
2,0.796711509715994,1.7073526474706922e-06
3,0.8500249128051819,0.00043789432981655344
4,0.8654708520179372,0.0008342823480416806
5,0.8759342301943199,6.949760391706498e-06
6,0.8814150473343298,0.0089021508544503
7,0.8968609865470852,0.0006579332246575
