Iteration,Accuracy,Weight Decay
0,0.8182857142857143,0.002297389418863703
1,0.8794285714285714,8.389211088232821e-05
2,0.9055714285714286,3.0634276498817596e-06
3,0.9201428571428572,1.118649759477795e-07
