Iteration,Accuracy,Weight Decay
0,0.6964586846543002,0.09623406949124648
1,0.821247892074199,0.08285422480701589
2,0.8229342327150084,0.047877320869366004
3,0.851602023608769,0.015206179604296877
4,0.8659359190556493,0.003819399833108084
5,0.8844856661045531,0.0013164192457227669
