Iteration,Accuracy,Weight Decay
0,0.7379172894867962,0.0019651531060601536
1,0.7992027902341804,0.0018458080693910348
2,0.8589935226706528,0.0017264630327219162
3,0.872446437468859,0.0016071179960527975
4,0.8839063278525162,0.0014877729593836787
5,0.8863976083707026,0.00136842792271456
6,0.9008470353761834,0.0012490828860454411
7,0.8943697060288989,0.0011297378493763223
