Iteration,Accuracy,Weight Decay
0,0.663448275862069,5.99030482063902e-05
1,0.7577011494252873,-5.944198846272858e-05
2,0.7797701149425287,-0.00017878702513184734
3,0.7871264367816092,-0.0002981320618009661
4,0.7926436781609195,-0.00041747709847008487
5,0.8124137931034483,-0.0005368221351392036
6,0.8105747126436782,-0.0006561671718083224
7,0.8294252873563218,-0.0007755122084774412
