Iteration,Accuracy,Weight Decay
0,0.7034285714285714,0.0715000506746646
1,0.778,0.046500095126124755
2,0.8214285714285714,0.021500139577584912
3,0.894,-0.003499815970954903
