Iteration,Accuracy,Weight Decay
0,0.6965714285714286,1.77805840656653e-07
1,0.7987142857142857,1.77805840656653e-07
2,0.8357142857142857,1.77805840656653e-07
3,0.8177142857142857,1.77805840656653e-07
4,0.8511428571428571,1.77805840656653e-07
5,0.8928571428571429,1.77805840656653e-07
6,0.9068571428571428,1.77805840656653e-07
7,0.917,1.77805840656653e-07
8,0.9215714285714286,1.77805840656653e-07
9,0.9292857142857143,1.77805840656653e-07
