Iteration,Accuracy,Weight Decay
0,0.5177065767284992,1.8959116059412917e-05
1,0.6382799325463744,0.007976052292897764
2,0.8094435075885329,0.0011646751182799529
3,0.7866779089376054,0.0035686332837633543
4,0.8617200674536256,0.005281320385627815
5,0.8431703204047217,1.4650451622564714e-05
