Iteration,Accuracy,Weight Decay
0,0.6225287356321839,2.4313285004204436e-08
1,0.7627586206896552,1.7640969257885612e-07
2,0.7926436781609195,3.199267137797384e-07
3,0.7963218390804597,3.96396275506239e-05
4,0.7931034482758621,0.0005580305251442092
5,0.7903448275862069,1.5487250883917444e-05
6,0.825287356321839,6.0274239009094145e-05
7,0.8317241379310345,1.3530477745798077e-08
