Iteration,Accuracy,Weight Decay
0,0.4210264075734928,0.09455040875321775
1,0.37917289486796213,0.08247266789928005
2,0.3716990533134031,0.06545137301945098
3,0.42152466367713004,0.04607786196076218
4,0.5057299451918286,0.02730157616058396
5,0.6228201295465869,0.011981034924538829
6,0.6766317887394121,0.002448651774762514
7,0.6766317887394121,0.00015564563454001894
