Iteration,Accuracy,Weight Decay
0,0.6985714285714286,0.0715000506746646
1,0.7301428571428571,0.046500095126124755
2,0.8265714285714286,0.021500139577584912
3,0.8688571428571429,-0.003499815970954903
