Iteration,Accuracy,Weight Decay
0,0.7697142857142857,0.00018578870159559425
1,0.8232857142857143,0.0011576818351043336
2,0.8394285714285714,0.006159087326745272
3,0.8872857142857142,0.0050432052575083855
