Iteration,Accuracy,Weight Decay
0,0.7349277528649726,0.0007924828983539
1,0.8006975585450922,0.00019812203523477496
2,0.8136522172396612,1.7073526474706922e-06
3,0.85949177877429,0.00043789432981655344
4,0.8794220229197808,0.0008342823480416806
5,0.8774289985052317,6.949760391706498e-06
6,0.8644743398106627,0.0089021508544503
7,0.877927254608869,0.0006579332246575
