Iteration,Accuracy,Weight Decay
0,0.3188839063278525,0.09455040875321775
1,0.4828101644245142,0.08247266789928005
2,0.6552067762830095,0.06545137301945098
3,0.7688091679123069,0.04607786196076218
4,0.8530144494270054,0.02730157616058396
5,0.8584952665670155,0.011981034924538829
6,0.8714499252615845,0.002448651774762514
7,0.8709516691579472,0.00015564563454001894
