Iteration,Accuracy,Weight Decay
0,0.7765714285714286,0.09746673418161543
1,0.8004285714285714,0.09340111078410944
2,0.8418571428571429,0.0838891336884537
3,0.842,0.06570110725289291
4,0.8562857142857143,0.041338346412298756
5,0.8652857142857143,0.020587178380980863
6,0.8771428571428571,0.00870673956906492
7,0.873,0.0033896881950003137
8,0.891,0.0012744104865876579
9,0.8968571428571429,0.00047274822582090244
