Iteration,Accuracy,Weight Decay
0,0.5480459770114943,1.2928359319455712e-05
1,0.6137931034482759,0.002166634617034211
2,0.7705747126436782,4.227054150167816e-05
3,0.7898850574712644,0.006595426319587045
4,0.8,8.194157836021845e-05
5,0.807816091954023,0.0004504971827136673
6,0.824367816091954,0.0002051490182203525
7,0.8142528735632184,0.0005478341554473415
