Iteration,Accuracy,Weight Decay
0,0.7027142857142857,3.8979919757091893e-05
1,0.698,2.973452802740949e-05
2,0.7107142857142857,0.00019005017600936446
3,0.7505714285714286,0.00934177155935901
4,0.7705714285714286,0.008263376059252986
5,0.767,2.487326208760872e-05
6,0.7904285714285715,4.139456088207963e-05
7,0.791,0.0005744806647101084
8,0.775,1.593456666466357e-05
9,0.8168571428571428,0.0010233872890440282
