Iteration,Accuracy,Weight Decay
0,0.809,0.08956689623880071
1,0.8305714285714285,0.041338346412298756
2,0.8702857142857143,0.005468299804777157
3,0.9138571428571428,0.00047274822582090244
