Iteration,Accuracy,Weight Decay
0,0.71,0.09746673418161543
1,0.7152857142857143,0.09340111078410944
2,0.6957142857142857,0.0838891336884537
3,0.6892857142857143,0.06570110725289291
4,0.6918571428571428,0.041338346412298756
5,0.7042857142857143,0.020587178380980863
6,0.7698571428571429,0.00870673956906492
7,0.7682857142857142,0.0033896881950003137
8,0.8071428571428572,0.0012744104865876579
9,0.8147142857142857,0.00047274822582090244
