Iteration,Accuracy,Weight Decay
0,0.5181863477827603,3.40244085267584e-05
1,0.3687095166915795,0.0008578675954646067
2,0.3358246138515197,0.0009418408056839383
3,0.5386148480318884,0.00043265938146277267
4,0.5465869456900847,0.0031847239113171693
5,0.4808171400099651,0.005486515649526186
6,0.6661684105630294,0.00022668599869319313
7,0.6307922272047832,0.0047531554554093
