Iteration,Accuracy,Weight Decay
0,0.5526436781609195,2.6551935250616376e-05
1,0.7609195402298851,2.6425985524369756e-05
2,0.7903448275862069,6.533719752169265e-05
3,0.8119540229885057,7.297322554110272e-05
4,0.8147126436781609,3.785153905210967e-05
5,0.8018390804597701,0.002426611801518216
6,0.8193103448275862,0.001127197501403608
7,0.8156321839080459,0.006482304006514559
