Iteration,Accuracy,Weight Decay
0,0.7174285714285714,0.07482254476706554
1,0.8011428571428572,0.05852257374941756
2,0.8552857142857143,0.04422259917565277
3,0.8635714285714285,0.03192262104577116
4,0.8874285714285715,0.021622639359772756
5,0.8908571428571429,0.013322654117657533
6,0.8977142857142857,0.007022665319425497
7,0.8864285714285715,0.0027226729650766464
8,0.91,0.00042267705461097914
9,0.9207142857142857,0.0001226775880285013
