Iteration,Accuracy,Weight Decay
0,0.8177142857142857,0.0715000506746646
1,0.8307142857142857,0.046500095126124755
2,0.8721428571428571,0.021500139577584912
3,0.91,-0.003499815970954903
