Iteration,Accuracy,Weight Decay
0,0.7209106239460371,0.09254828078406145
1,0.7799325463743676,0.07381604081063549
2,0.7993254637436762,0.04879807301935227
3,0.8271500843170321,0.024197921676153977
4,0.8600337268128162,0.006607177467133997
5,0.8254637436762225,0.0007392660973616683
