Iteration,Accuracy,Weight Decay
0,0.8058571428571428,2.8743149462241112e-05
1,0.885,0.0018337113522977348
2,0.9044285714285715,9.413381847255585e-05
3,0.918,0.004319802788316056
