Iteration,Accuracy,Weight Decay
0,0.7628300946686597,0.09706882132280426
1,0.8285999003487793,0.09046519793170772
2,0.8345789735924265,0.07310626521668034
3,0.8530144494270054,0.04378320141530977
4,0.8684603886397608,0.018243790724546134
5,0.872446437468859,0.006010088662594013
6,0.8844045839561535,0.0018001084090777473
7,0.8928749377179871,0.0005235193184478273
