Iteration,Accuracy,Weight Decay
0,0.7712857142857142,0.05112258690704978
1,0.7941428571428572,0.021622639359772756
2,0.873,0.004622669586765671
3,0.8908571428571429,0.0001226775880285013
