Iteration,Accuracy,Weight Decay
0,0.7922272047832586,0.0007924828983539
1,0.8460388639760837,0.00019812203523477496
2,0.866965620328849,1.7073526474706922e-06
3,0.8784255107125062,0.00043789432981655344
4,0.8953662182361734,0.0008342823480416806
5,0.8933731938216243,6.949760391706498e-06
6,0.9033383158943697,0.0089021508544503
7,0.9053313403089188,0.0006579332246575
