Iteration,Accuracy,Weight Decay
0,0.7525714285714286,0.07482254476706554
1,0.7861428571428571,0.05852257374941756
2,0.8277142857142857,0.04422259917565277
3,0.6677142857142857,0.03192262104577116
4,0.8781428571428571,0.021622639359772756
5,0.8908571428571429,0.013322654117657533
6,0.8974285714285715,0.007022665319425497
7,0.9017142857142857,0.0027226729650766464
8,0.9075714285714286,0.00042267705461097914
9,0.9198571428571428,0.0001226775880285013
