Iteration,Accuracy,Weight Decay
0,0.7038571428571428,0.0071340919757048255
1,0.7568571428571429,1.7697434982290845e-06
2,0.8545714285714285,0.00023777479666081832
3,0.8904285714285715,0.001284764685431755
4,0.8968571428571429,0.00277374762232651
5,0.9111428571428571,0.003298654464196375
6,0.904,0.00258257950735642
7,0.9245714285714286,0.001485072748559495
8,0.9274285714285714,0.0013682422858920349
9,0.9244285714285714,0.0019179102616724
