Iteration,Accuracy,Weight Decay
0,0.5351270553064275,0.09706882132280426
1,0.7603388141504733,0.09046519793170772
2,0.8320876930742401,0.07310626521668034
3,0.8555057299451918,0.04378320141530977
4,0.8809167912306926,0.018243790724546134
5,0.8988540109616343,0.006010088662594013
6,0.8993522670652716,0.0018001084090777473
7,0.8988540109616343,0.0005235193184478273
