Iteration,Accuracy,Weight Decay
0,0.6585160202360877,0.00031395515415205585
1,0.7630691399662732,0.00019461011748293712
2,0.8187183811129848,7.526508081381834e-05
3,0.8381112984822934,-4.407995585530041e-05
4,0.8389544688026982,-0.00016342499252441916
5,0.8389544688026982,-0.0002827700291935379
