Iteration,Accuracy,Weight Decay
0,0.8302857142857143,3.6258963650758376e-05
1,0.8405714285714285,2.9287294321432056e-05
2,0.8614285714285714,1.91021788160648e-05
3,0.8627142857142858,2.5662297003389997e-05
