Iteration,Accuracy,Weight Decay
0,0.674,0.05112258690704978
1,0.7784285714285715,0.021622639359772756
2,0.8581428571428571,0.004622669586765671
3,0.881,0.0001226775880285013
