Iteration,Accuracy,Weight Decay
0,0.7082630691399663,0.06801802122791924
1,0.8608768971332209,0.043527664608961875
2,0.8802698145025295,0.02455315407535525
3,0.8996627318718381,0.011094489627099403
4,0.8895446880269815,0.0031516712641943057
5,0.9072512647554806,0.0007246989866399735
