Iteration,Accuracy,Weight Decay
0,0.6256323777403036,4.815297862032934e-06
1,0.715008431703204,0.0004982290216050967
2,0.8220910623946037,1.409240098658793e-07
3,0.8347386172006745,0.00013713943858997027
4,0.872681281618887,2.192787454395522e-07
5,0.8962900505902193,1.6297508346206433e-08
