Iteration,Accuracy,Weight Decay
0,0.8315714285714285,0.006300337821564494
1,0.896,0.001322411392156885
2,0.9161428571428571,0.0006645842638381082
3,0.926,4.749577240916016e-05
