Iteration,Accuracy,Weight Decay
0,0.5454285714285714,0.08956689623880071
1,0.546,0.041338346412298756
2,0.6868571428571428,0.005468299804777157
3,0.6941428571428572,0.00047274822582090244
