Iteration,Accuracy,Weight Decay
0,0.6245714285714286,0.0033977714287433238
1,0.185,0.003350033414075676
2,0.7087142857142857,0.0033022953994080286
3,0.79,0.003254557384740381
4,0.8135714285714286,0.0032068193700727343
5,0.8581428571428571,0.0031590813554050867
6,0.8437142857142857,0.003111343340737439
7,0.8331428571428572,0.0030636053260697915
8,0.8965714285714286,0.003015867311402144
9,0.8994285714285715,0.0029681292967344963
