Iteration,Accuracy,Weight Decay
0,0.6868571428571428,0.016739508918050823
1,0.807,0.004453867730520001
2,0.8268571428571428,0.0011850370197883447
3,0.8528571428571429,0.0003153018507141175
4,0.8741428571428571,8.389211088232821e-05
5,0.8965714285714286,2.2321106750096656e-05
6,0.9011428571428571,5.938958995179634e-06
7,0.9145714285714286,1.5801740631105742e-06
8,0.9127142857142857,4.204356473506604e-07
9,0.9241428571428572,1.118649759477795e-07
