Iteration,Accuracy,Weight Decay
0,0.8151428571428572,0.05112258690704978
1,0.8667142857142857,0.021622639359772756
2,0.8771428571428571,0.004622669586765671
3,0.9011428571428571,0.0001226775880285013
