Iteration,Accuracy,Weight Decay
0,0.6667142857142857,0.05112258690704978
1,0.6958571428571428,0.021622639359772756
2,0.6981428571428572,0.004622669586765671
3,0.7354285714285714,0.0001226775880285013
