Iteration,Accuracy,Weight Decay
0,0.688026981450253,0.041773682891187935
1,0.7892074198988196,0.018334280241060232
2,0.8128161888701517,0.008046832567607796
3,0.8608768971332209,0.003531718372347135
4,0.8895446880269815,0.001550055199580515
5,0.9097807757166948,0.0006803122073830045
