Iteration,Accuracy,Weight Decay
0,0.6467142857142857,0.08650002400378849
1,0.6264285714285714,0.07650004178437256
2,0.6677142857142857,0.06650005956495662
3,0.7937142857142857,0.05650007734554069
4,0.8327142857142857,0.046500095126124755
5,0.8272857142857143,0.03650011290670882
6,0.8271428571428572,0.026500130687292886
7,0.8527142857142858,0.01650014846787695
8,0.8814285714285715,0.006500166248461017
9,0.8895714285714286,-0.003499815970954903
