Iteration,Accuracy,Weight Decay
0,0.8364285714285714,0.002297389418863703
1,0.892,8.389211088232821e-05
2,0.9054285714285715,3.0634276498817596e-06
3,0.9172857142857143,1.118649759477795e-07
