Iteration,Accuracy,Weight Decay
0,0.604384653712008,0.0007924828983539
1,0.71350274040857,0.00019812203523477496
2,0.7533632286995515,1.7073526474706922e-06
3,0.8236173393124065,0.00043789432981655344
4,0.8649725959143,0.0008342823480416806
5,0.8809167912306926,6.949760391706498e-06
6,0.8829098156452416,0.0089021508544503
7,0.8883906327852517,0.0006579332246575
