Iteration,Accuracy,Weight Decay
0,0.8034285714285714,0.0004615709942892919
1,0.8704285714285714,0.0010289744765724577
2,0.8945714285714286,5.390196240822675e-05
3,0.9214285714285714,2.753961799345646e-05
