Iteration,Accuracy,Weight Decay
0,0.751264367816092,0.07570447663831846
1,0.7572413793103449,0.05552899832223677
2,0.7793103448275862,0.03847665906437205
3,0.7880459770114943,0.02454745886472431
4,0.8206896551724138,0.013741397723293552
5,0.8229885057471265,0.006058475640079777
6,0.8225287356321839,0.0014986926150829848
7,0.8395402298850575,6.204864830317338e-05
