Iteration,Accuracy,Weight Decay
0,0.7319540229885058,0.00035543168354276733
1,0.751264367816092,0.0005070242721709098
2,0.784367816091954,0.005596026632694429
3,0.8018390804597701,0.0005835079223815493
4,0.8188505747126437,0.000266279930003758
5,0.8211494252873563,2.3578432962585885e-05
6,0.8170114942528736,2.5823421710038926e-05
7,0.8349425287356322,4.0806065287917734e-05
