Iteration,Accuracy,Weight Decay
0,0.739460370994941,0.09623406949124648
1,0.8170320404721754,0.08285422480701589
2,0.857504215851602,0.047877320869366004
3,0.8650927487352446,0.015206179604296877
4,0.8844856661045531,0.003819399833108084
5,0.8979763912310287,0.0013164192457227669
