Iteration,Accuracy,Weight Decay
0,0.6656701544593921,0.0722504203169805
1,0.8176382660687593,0.052563218514838285
2,0.8510214250124564,0.03600096937970277
3,0.8844045839561535,0.02256367291157395
4,0.8863976083707026,0.012251329110451837
5,0.8948679621325362,0.005063937976336426
6,0.9018435475834579,0.0010014995092277146
7,0.9048330842052815,6.401370912570431e-05
