Iteration,Accuracy,Weight Decay
0,0.30842052815146986,0.09455040875321775
1,0.3243647234678625,0.08247266789928005
2,0.36571998006975587,0.06545137301945098
3,0.369706028898854,0.04607786196076218
4,0.45241654210264076,0.02730157616058396
5,0.5037369207772795,0.011981034924538829
6,0.547085201793722,0.002448651774762514
7,0.770802192326856,0.00015564563454001894
