Iteration,Accuracy,Weight Decay
0,0.7194818136522172,0.09455040875321775
1,0.6337817638266069,0.08247266789928005
2,0.6811160936721475,0.06545137301945098
3,0.7214748380667663,0.04607786196076218
4,0.8166417538614849,0.02730157616058396
5,0.8465371200797209,0.011981034924538829
6,0.8325859491778774,0.002448651774762514
7,0.7942202291978077,0.00015564563454001894
