Iteration,Accuracy,Weight Decay
0,0.6682857142857143,0.05112258690704978
1,0.8441428571428572,0.021622639359772756
2,0.8684285714285714,0.004622669586765671
3,0.8898571428571429,0.0001226775880285013
