Iteration,Accuracy,Weight Decay
0,0.4653712007972098,0.0722504203169805
1,0.3188839063278525,0.052563218514838285
2,0.3761833582461385,0.03600096937970277
3,0.471350274040857,0.02256367291157395
4,0.4828101644245142,0.012251329110451837
5,0.560039860488291,0.005063937976336426
6,0.6168410563029397,0.0010014995092277146
7,0.6263079222720478,6.401370912570431e-05
