Iteration,Accuracy,Weight Decay
0,0.8357142857142857,0.05112258690704978
1,0.8902857142857142,0.021622639359772756
2,0.9078571428571428,0.004622669586765671
3,0.917,0.0001226775880285013
