Iteration,Accuracy,Weight Decay
0,0.367,0.00018554130718239153
1,0.6175714285714285,0.003979667588480495
2,0.7301428571428571,5.323294986049202e-05
3,0.8165714285714286,9.61997964231923e-05
4,0.8308571428571428,1.0608628131633057e-05
5,0.8417142857142857,0.00045985053091608517
6,0.8768571428571429,5.8960774458874274e-05
7,0.901,8.542274480085011e-05
8,0.9008571428571429,0.00021977571599885533
9,0.9194285714285715,0.0072319613725755506
