Iteration,Accuracy,Weight Decay
0,0.43099152964623816,3.489482713923734e-05
1,0.2999501743896363,0.00018330013981004297
2,0.521175884404584,0.0005907185985568134
3,0.5221723966118585,1.3352579805684857e-05
4,0.5331340308918784,2.520982711091475e-05
5,0.5226706527154957,0.007553147133489299
6,0.7344294967613353,1.0358189211588446e-05
7,0.7663178873941205,0.007283058329925046
