Iteration,Accuracy,Weight Decay
0,0.7628300946686597,0.08500022719836783
1,0.8061783756851021,0.07250041653034103
2,0.841056302939711,0.06000060586231423
3,0.8261086198305929,0.047500795194287425
4,0.8510214250124564,0.03500098452626062
5,0.8574987543597409,0.022501173858233817
6,0.8674638764324863,0.010001363190207016
7,0.8390632785251619,-0.0024984474778197846
