Iteration,Accuracy,Weight Decay
0,0.5789735924265073,0.0722504203169805
1,0.7977080219232685,0.052563218514838285
2,0.84853014449427,0.03600096937970277
3,0.8654708520179372,0.02256367291157395
4,0.8903836571998007,0.012251329110451837
5,0.8918784255107125,0.005063937976336426
6,0.8963627304434479,0.0010014995092277146
7,0.8978574987543597,6.401370912570431e-05
