Iteration,Accuracy,Weight Decay
0,0.4514200298953662,0.0722504203169805
1,0.5585450921773791,0.052563218514838285
2,0.5326357747882412,0.03600096937970277
3,0.6033881415047334,0.02256367291157395
4,0.6502242152466368,0.012251329110451837
5,0.6736422521175884,0.005063937976336426
6,0.7015445939212755,0.0010014995092277146
7,0.7080219232685601,6.401370912570431e-05
