Iteration,Accuracy,Weight Decay
0,0.7404285714285714,3.230703616451307e-05
1,0.7647142857142857,0.00011014654305525043
2,0.808,0.00030030806973313333
3,0.8815714285714286,0.0033296926050964426
