Iteration,Accuracy,Weight Decay
0,0.6601428571428571,3.9608927892549726e-05
1,0.6665714285714286,8.43392671720797e-05
2,0.668,1.4921838624356753e-05
3,0.6482857142857142,0.0010440679155028433
