Iteration,Accuracy,Weight Decay
0,0.6105747126436781,2.4313285004204436e-08
1,0.7650574712643678,1.7640969257885612e-07
2,0.7852873563218391,3.199267137797384e-07
3,0.7967816091954023,3.96396275506239e-05
4,0.8041379310344827,0.0005580305251442092
5,0.8114942528735632,1.5487250883917444e-05
6,0.8101149425287356,6.0274239009094145e-05
7,0.824367816091954,1.3530477745798077e-08
