Iteration,Accuracy,Weight Decay
0,0.3996013951170902,0.09455040875321775
1,0.49327354260089684,0.08247266789928005
2,0.57847533632287,0.06545137301945098
3,0.6716492277030394,0.04607786196076218
4,0.7354260089686099,0.02730157616058396
5,0.8500249128051819,0.011981034924538829
6,0.8689586447433981,0.002448651774762514
7,0.866965620328849,0.00015564563454001894
