Iteration,Accuracy,Weight Decay
0,0.6922428330522765,0.041773682891187935
1,0.7892074198988196,0.018334280241060232
2,0.8617200674536256,0.008046832567607796
3,0.8844856661045531,0.003531718372347135
4,0.8718381112984823,0.001550055199580515
5,0.897133220910624,0.0006803122073830045
