Iteration,Accuracy,Weight Decay
0,0.52,5.95501370565999e-05
1,0.52,5.95501370565999e-05
2,0.52,5.95501370565999e-05
3,0.52,5.95501370565999e-05
4,0.52,5.95501370565999e-05
5,0.52,5.95501370565999e-05
6,0.8648275862068966,5.95501370565999e-05
7,0.8694252873563219,5.95501370565999e-05
