Iteration,Accuracy,Weight Decay
0,0.6644182124789207,0.08245960944858459
1,0.6973018549747049,0.06591207119253231
2,0.7428330522765598,0.049364532936480035
3,0.7858347386172007,0.03281699468042776
4,0.8347386172006745,0.01626945642437548
5,0.872681281618887,-0.00027808183167679634
