Iteration,Accuracy,Weight Decay
0,0.5910623946037099,0.0003139551541520559
1,0.6964586846543002,0.00019461011748293712
2,0.7411467116357504,7.526508081381837e-05
3,0.8229342327150084,-4.4079955855300356e-05
4,0.8204047217537943,-0.0001634249925244192
5,0.8431703204047217,-0.0002827700291935379
