Iteration,Accuracy,Weight Decay
0,0.16890881913303438,0.09455040875321775
1,0.2242152466367713,0.08247266789928005
2,0.21674140508221226,0.06545137301945098
3,0.293971101145989,0.04607786196076218
4,0.42700548081714,0.02730157616058396
5,0.44245142002989535,0.011981034924538829
6,0.5759840558046836,0.002448651774762514
7,0.7508719481813653,0.00015564563454001894
