Iteration,Accuracy,Weight Decay
0,0.7688091679123069,0.018925488238263552
1,0.8181365221723966,0.0047270079827679235
2,0.8430493273542601,0.0011806619828161344
3,0.8470353761833582,0.00029489324383393244
4,0.8535127055306427,7.365531077021373e-05
5,0.8465371200797209,1.8396843325823638e-05
6,0.8570004982561036,4.594968656242079e-06
7,0.8674638764324863,1.1476825984711098e-06
