Iteration,Accuracy,Weight Decay
0,0.607,0.07482254476706554
1,0.5805714285714285,0.05852257374941756
2,0.7145714285714285,0.04422259917565277
3,0.7555714285714286,0.03192262104577116
4,0.8032857142857143,0.021622639359772756
5,0.8542857142857143,0.013322654117657533
6,0.8451428571428572,0.007022665319425497
7,0.864,0.0027226729650766464
8,0.8875714285714286,0.00042267705461097914
9,0.8915714285714286,0.0001226775880285013
