Iteration,Accuracy,Weight Decay
0,0.7379172894867962,0.0007924828983539
1,0.8370702541106129,0.00019812203523477496
2,0.8649725959143,1.7073526474706922e-06
3,0.8694569008470354,0.00043789432981655344
4,0.8873941205779771,0.0008342823480416806
5,0.8819133034379671,6.949760391706498e-06
6,0.8968609865470852,0.0089021508544503
7,0.8988540109616343,0.0006579332246575
