Iteration,Accuracy,Weight Decay
0,0.7120079720976582,0.08500022719836783
1,0.6273044344793224,0.07250041653034103
2,0.6681614349775785,0.06000060586231423
3,0.6268061783756851,0.047500795194287425
4,0.7693074240159442,0.03500098452626062
5,0.8305929247633284,0.022501173858233817
6,0.8465371200797209,0.010001363190207016
7,0.8191330343796711,-0.0024984474778197846
