Iteration,Accuracy,Weight Decay
0,0.521175884404584,0.0722504203169805
1,0.49676133532635774,0.052563218514838285
2,0.46885899352267063,0.03600096937970277
3,0.5426008968609866,0.02256367291157395
4,0.5710014947683109,0.012251329110451837
5,0.6606875934230194,0.005063937976336426
6,0.6806178375685102,0.0010014995092277146
7,0.7140009965122073,6.401370912570431e-05
