Iteration,Accuracy,Weight Decay
0,0.6878571428571428,0.07482254476706554
1,0.8092857142857143,0.05852257374941756
2,0.8675714285714285,0.04422259917565277
3,0.8528571428571429,0.03192262104577116
4,0.8625714285714285,0.021622639359772756
5,0.8788571428571429,0.013322654117657533
6,0.8985714285714286,0.007022665319425497
7,0.9025714285714286,0.0027226729650766464
8,0.9227142857142857,0.00042267705461097914
9,0.9294285714285714,0.0001226775880285013
