Iteration,Accuracy,Weight Decay
0,0.6618887015177066,0.041773682891187935
1,0.8018549747048904,0.018334280241060232
2,0.8381112984822934,0.008046832567607796
3,0.8448566610455311,0.003531718372347135
4,0.8844856661045531,0.001550055199580515
5,0.8659359190556493,0.0006803122073830045
