Iteration,Accuracy,Weight Decay
0,0.7588440458395616,0.0007924828983539
1,0.8440458395615347,0.00019812203523477496
2,0.8679621325361235,1.7073526474706922e-06
3,0.877927254608869,0.00043789432981655344
4,0.8888888888888888,0.0008342823480416806
5,0.8943697060288989,6.949760391706498e-06
6,0.8893871449925261,0.0089021508544503
7,0.8988540109616343,0.0006579332246575
