Iteration,Accuracy,Weight Decay
0,0.8334285714285714,2.869377067127777e-06
1,0.8751428571428571,0.00277374762232651
2,0.912,0.00190932807667502
3,0.92,0.0019179102616724
