Iteration,Accuracy,Weight Decay
0,0.5767142857142857,0.002297389418863703
1,0.7051428571428572,8.389211088232821e-05
2,0.7018571428571428,3.0634276498817596e-06
3,0.6998571428571428,1.118649759477795e-07
