Iteration,Accuracy,Weight Decay
0,0.6607142857142857,0.08956689623880071
1,0.7408571428571429,0.041338346412298756
2,0.8527142857142858,0.005468299804777157
3,0.896,0.00047274822582090244
