Iteration,Accuracy,Weight Decay
0,0.6467142857142857,0.0033261644067418524
1,0.6142857142857143,0.0032068193700727343
2,0.7091428571428572,0.0030874743334036153
3,0.7084285714285714,0.0029681292967344963
