Iteration,Accuracy,Weight Decay
0,0.6961428571428572,0.08650002400378849
1,0.6807142857142857,0.07650004178437256
2,0.7125714285714285,0.06650005956495662
3,0.7222857142857143,0.05650007734554069
4,0.7625714285714286,0.046500095126124755
5,0.7735714285714286,0.03650011290670882
6,0.7787142857142857,0.026500130687292886
7,0.7938571428571428,0.01650014846787695
8,0.7947142857142857,0.006500166248461017
9,0.7955714285714286,-0.003499815970954903
