Iteration,Accuracy,Weight Decay
0,0.6930860033726813,0.06801802122791924
1,0.7765598650927488,0.043527664608961875
2,0.8558178752107926,0.02455315407535525
3,0.8532883642495784,0.011094489627099403
4,0.8979763912310287,0.0031516712641943057
5,0.8853288364249579,0.0007246989866399735
