Iteration,Accuracy,Weight Decay
0,0.5919282511210763,0.0009959117371320409
1,0.6831091180866966,1.9468050055808508e-05
2,0.7269556552067763,0.0008552435288074215
3,0.7409068261086198,5.302921317692419e-05
4,0.7777777777777778,5.8129788987689925e-05
5,0.8121574489287494,4.3233539355196794e-05
6,0.8340807174887892,0.0016115260446012485
7,0.8370702541106129,1.927337012796259e-05
