Iteration,Accuracy,Weight Decay
0,0.4828571428571429,0.08650002400378849
1,0.6302857142857143,0.07650004178437256
2,0.6008571428571429,0.06650005956495662
3,0.6821428571428572,0.05650007734554069
4,0.7451428571428571,0.046500095126124755
5,0.8081428571428572,0.03650011290670882
6,0.8417142857142857,0.026500130687292886
7,0.8731428571428571,0.01650014846787695
8,0.8492857142857143,0.006500166248461017
9,0.8994285714285715,-0.003499815970954903
