Iteration,Accuracy,Weight Decay
0,0.52,0.003510103825983103
1,0.52,0.002403755928215511
2,0.52,0.00012671530658541697
3,0.7894252873563219,0.001989805972681553
4,0.7926436781609195,0.00024323546865327546
5,0.8050574712643678,5.34008495139652e-05
6,0.8285057471264368,9.848986832203596e-05
7,0.7986206896551724,0.00022676151388240453
