Iteration,Accuracy,Weight Decay
0,0.476831091180867,0.0722504203169805
1,0.5062282012954659,0.052563218514838285
2,0.746885899352267,0.03600096937970277
3,0.7608370702541106,0.02256367291157395
4,0.8405580468360737,0.012251329110451837
5,0.8689586447433981,0.005063937976336426
6,0.8739412057797707,0.0010014995092277146
7,0.8789237668161435,6.401370912570431e-05
