Iteration,Accuracy,Weight Decay
0,0.6897133220910624,0.000714770463686342
1,0.8001686340640809,0.000714770463686342
2,0.8322091062394603,0.000714770463686342
3,0.8954468802698144,0.000714770463686342
4,0.8996627318718381,0.000714770463686342
5,0.903035413153457,0.000714770463686342
