Iteration,Accuracy,Weight Decay
0,0.7608571428571429,2.869377067127777e-06
1,0.8435714285714285,0.00277374762232651
2,0.8644285714285714,0.00190932807667502
3,0.897,0.0019179102616724
