Iteration,Accuracy,Weight Decay
0,0.38714499252615847,0.08500022719836783
1,0.38016940707523666,0.07250041653034103
2,0.3702042850024913,0.06000060586231423
3,0.39810662680617837,0.047500795194287425
4,0.45241654210264076,0.03500098452626062
5,0.4678624813153961,0.022501173858233817
6,0.648729446935725,0.010001363190207016
7,0.7419033383158944,-0.0024984474778197846
