Iteration,Accuracy,Weight Decay
0,0.6689655172413793,0.0006604512611001707
1,0.7245977011494252,0.0022611305548455446
2,0.752183908045977,0.000978727002589053
3,0.7508045977011494,0.0031501896112803825
4,0.7963218390804597,4.5178683731167495e-05
5,0.8151724137931035,0.0021295429469136823
6,0.8280459770114943,0.008651600811212311
7,0.8142528735632184,7.72046056039667e-05
