Iteration,Accuracy,Weight Decay
0,0.645,0.016739508918050823
1,0.8135714285714286,0.004453867730520001
2,0.8702857142857143,0.0011850370197883447
3,0.8628571428571429,0.0003153018507141175
4,0.893,8.389211088232821e-05
5,0.8958571428571429,2.2321106750096656e-05
6,0.8908571428571429,5.938958995179634e-06
7,0.9061428571428571,1.5801740631105742e-06
8,0.9192857142857143,4.204356473506604e-07
9,0.9205714285714286,1.118649759477795e-07
