Iteration,Accuracy,Weight Decay
0,0.6399662731871838,0.000714770463686342
1,0.7875210792580101,0.000714770463686342
2,0.836424957841484,0.000714770463686342
3,0.8591905564924115,0.000714770463686342
4,0.8271500843170321,0.000714770463686342
5,0.8355817875210793,0.000714770463686342
