Iteration,Accuracy,Weight Decay
0,0.7774285714285715,0.0033261644067418524
1,0.7965714285714286,0.0032068193700727343
2,0.8554285714285714,0.0030874743334036153
3,0.8727142857142857,0.0029681292967344963
