Iteration,Accuracy,Weight Decay
0,0.6928571428571428,0.09746673418161543
1,0.6772857142857143,0.09340111078410944
2,0.7337142857142858,0.0838891336884537
3,0.7434285714285714,0.06570110725289291
4,0.7971428571428572,0.041338346412298756
5,0.8055714285714286,0.020587178380980863
6,0.8025714285714286,0.00870673956906492
7,0.8595714285714285,0.0033896881950003137
8,0.8848571428571429,0.0012744104865876579
9,0.891,0.00047274822582090244
