Iteration,Accuracy,Weight Decay
0,0.8148571428571428,0.0071340919757048255
1,0.8781428571428571,1.7697434982290845e-06
2,0.8808571428571429,0.00023777479666081832
3,0.8931428571428571,0.001284764685431755
4,0.8081428571428572,0.00277374762232651
5,0.7137142857142857,0.003298654464196375
6,0.908,0.00258257950735642
7,0.9191428571428572,0.001485072748559495
8,0.7148571428571429,0.0013682422858920349
9,0.9277142857142857,0.0019179102616724
