Iteration,Accuracy,Weight Decay
0,0.6138571428571429,0.08650002400378849
1,0.6082857142857143,0.07650004178437256
2,0.593,0.06650005956495662
3,0.5428571428571428,0.05650007734554069
4,0.5428571428571428,0.046500095126124755
5,0.586,0.03650011290670882
6,0.6291428571428571,0.026500130687292886
7,0.6278571428571429,0.01650014846787695
8,0.7841428571428571,0.006500166248461017
9,0.7655714285714286,-0.003499815970954903
