Iteration,Accuracy,Weight Decay
0,0.5088571428571429,0.09557017170827971
1,0.4627142857142857,0.08698157789648651
2,0.7382857142857143,0.07477297827681818
3,0.7584285714285715,0.06013943564236318
4,0.804,0.04451338310406878
5,0.8618571428571429,0.029424407557493124
6,0.8747142857142857,0.01634952306020954
7,0.8965714285714286,0.006568590404889097
8,0.9052857142857142,0.0010390354275995517
9,0.9151428571428571,0.0003021294961929753
