Iteration,Accuracy,Weight Decay
0,0.6297957149975087,0.0007924828983539
1,0.6900847035376183,0.00019812203523477496
2,0.7040358744394619,1.7073526474706922e-06
3,0.7887394120577977,0.00043789432981655344
4,0.7987045341305431,0.0008342823480416806
5,0.8131539611360239,6.949760391706498e-06
6,0.8071748878923767,0.0089021508544503
7,0.828101644245142,0.0006579332246575
