Iteration,Accuracy,Weight Decay
0,0.49409780775716694,3.210632532452629e-05
1,0.6264755480607083,0.002541338578204344
2,0.688026981450253,0.00010172497828990823
3,0.7411467116357504,1.1630090505034447e-05
4,0.7959527824620574,0.0005946851673860267
5,0.8642495784148398,0.0004820689321932851
