Iteration,Accuracy,Weight Decay
0,0.6450574712643679,5.95501370565999e-05
1,0.7379310344827587,5.95501370565999e-05
2,0.7714942528735632,5.95501370565999e-05
3,0.8032183908045977,5.95501370565999e-05
4,0.8183908045977012,5.95501370565999e-05
5,0.8482758620689655,5.95501370565999e-05
6,0.8708045977011494,5.95501370565999e-05
7,0.8813793103448276,5.95501370565999e-05
