Iteration,Accuracy,Weight Decay
0,0.7568571428571429,0.0715000506746646
1,0.8867142857142857,0.046500095126124755
2,0.6677142857142857,0.021500139577584912
3,0.9081428571428571,-0.003499815970954903
