Iteration,Accuracy,Weight Decay
0,0.642495784148398,4.815297862032934e-06
1,0.7478920741989882,0.0004982290216050967
2,0.8069139966273187,1.409240098658793e-07
3,0.8431703204047217,0.00013713943858997027
4,0.8836424957841484,2.192787454395522e-07
5,0.897133220910624,1.6297508346206433e-08
