Iteration,Accuracy,Weight Decay
0,0.5674536256323778,0.00045605542713399774
1,0.5961214165261383,0.004011466077038664
2,0.663575042158516,0.0036952049486255493
3,0.8111298482293423,0.0005528338654987089
4,0.8178752107925801,3.8508959147118227e-05
5,0.8650927487352446,0.0017222731566591066
