Iteration,Accuracy,Weight Decay
0,0.6512207274539114,0.0007924828983539
1,0.8271051320378675,0.00019812203523477496
2,0.8609865470852018,1.7073526474706922e-06
3,0.872446437468859,0.00043789432981655344
4,0.885401096163428,0.0008342823480416806
5,0.8809167912306926,6.949760391706498e-06
6,0.8923766816143498,0.0089021508544503
7,0.9033383158943697,0.0006579332246575
