Iteration,Accuracy,Weight Decay
0,0.712,0.016739508918050823
1,0.7894285714285715,0.004453867730520001
2,0.8057142857142857,0.0011850370197883447
3,0.8718571428571429,0.0003153018507141175
4,0.8917142857142857,8.389211088232821e-05
5,0.9038571428571428,2.2321106750096656e-05
6,0.9068571428571428,5.938958995179634e-06
7,0.9107142857142857,1.5801740631105742e-06
8,0.9167142857142857,4.204356473506604e-07
9,0.9182857142857143,1.118649759477795e-07
