Iteration,Accuracy,Weight Decay
0,0.5733558178752108,0.0003139551541520559
1,0.6753794266441822,0.00019461011748293712
2,0.7580101180438449,7.526508081381837e-05
3,0.8440134907251264,-4.4079955855300356e-05
4,0.8684654300168634,-0.0001634249925244192
5,0.8642495784148398,-0.0002827700291935379
