Iteration,Accuracy,Weight Decay
0,0.6137142857142858,0.0033977714287433238
1,0.6804285714285714,0.003350033414075676
2,0.7492857142857143,0.0033022953994080286
3,0.7562857142857143,0.003254557384740381
4,0.8311428571428572,0.0032068193700727343
5,0.8558571428571429,0.0031590813554050867
6,0.8568571428571429,0.003111343340737439
7,0.8745714285714286,0.0030636053260697915
8,0.9007142857142857,0.003015867311402144
9,0.9047142857142857,0.0029681292967344963
