Iteration,Accuracy,Weight Decay
0,0.4803188839063279,0.09706882132280426
1,0.3188839063278525,0.09046519793170772
2,0.3243647234678625,0.07310626521668034
3,0.36771300448430494,0.04378320141530977
4,0.43447932237169906,0.018243790724546134
5,0.4952665670154459,0.006010088662594013
6,0.5739910313901345,0.0018001084090777473
7,0.661684105630294,0.0005235193184478273
