Iteration,Accuracy,Weight Decay
0,0.7502857142857143,0.09746673418161543
1,0.8147142857142857,0.09340111078410944
2,0.8165714285714286,0.0838891336884537
3,0.8304285714285714,0.06570110725289291
4,0.8225714285714286,0.041338346412298756
5,0.8432857142857143,0.020587178380980863
6,0.8722857142857143,0.00870673956906492
7,0.9032857142857142,0.0033896881950003137
8,0.9065714285714286,0.0012744104865876579
9,0.9177142857142857,0.00047274822582090244
