Iteration,Accuracy,Weight Decay
0,0.6045531197301856,0.08245960944858459
1,0.7116357504215851,0.06591207119253231
2,0.7453625632377741,0.049364532936480035
3,0.8465430016863407,0.03281699468042776
4,0.8583473861720068,0.01626945642437548
5,0.8482293423271501,-0.00027808183167679634
