Iteration,Accuracy,Weight Decay
0,0.8024285714285714,0.05112258690704978
1,0.8472857142857143,0.021622639359772756
2,0.8702857142857143,0.004622669586765671
3,0.9117142857142857,0.0001226775880285013
