Iteration,Accuracy,Weight Decay
0,0.7187142857142857,0.05112258690704978
1,0.7397142857142858,0.021622639359772756
2,0.854,0.004622669586765671
3,0.8845714285714286,0.0001226775880285013
