Iteration,Accuracy,Weight Decay
0,0.6374367622259697,0.000714770463686342
1,0.7799325463743676,0.000714770463686342
2,0.8237774030354131,0.000714770463686342
3,0.8372681281618887,0.000714770463686342
4,0.8499156829679595,0.000714770463686342
5,0.8650927487352446,0.000714770463686342
