Iteration,Accuracy,Weight Decay
0,0.8305929247633284,0.018925488238263552
1,0.8634778276033881,0.0047270079827679235
2,0.8699551569506726,0.0011806619828161344
3,0.8764324862979571,0.00029489324383393244
4,0.8809167912306926,7.365531077021373e-05
5,0.8849028400597907,1.8396843325823638e-05
6,0.8814150473343298,4.594968656242079e-06
7,0.8883906327852517,1.1476825984711098e-06
