Iteration,Accuracy,Weight Decay
0,0.6258571428571429,0.08126216613380753
1,0.7427142857142857,0.04451338310406878
2,0.779,0.010978637918546164
3,0.7755714285714286,0.0003021294961929753
