Iteration,Accuracy,Weight Decay
0,0.4697142857142857,0.0715000506746646
1,0.595,0.046500095126124755
2,0.7437142857142857,0.021500139577584912
3,0.8361428571428572,-0.003499815970954903
