Iteration,Accuracy,Weight Decay
0,0.6198305929247633,0.018925488238263552
1,0.5894369706028899,0.0047270079827679235
2,0.554559043348281,0.0011806619828161344
3,0.5714997508719482,0.00029489324383393244
4,0.57299451918286,7.365531077021373e-05
5,0.658196312904833,1.8396843325823638e-05
6,0.6472346786248132,4.594968656242079e-06
7,0.6721474838066767,1.1476825984711098e-06
