Iteration,Accuracy,Weight Decay
0,0.5995714285714285,0.08956689623880071
1,0.6347142857142857,0.041338346412298756
2,0.6955714285714286,0.005468299804777157
3,0.7281428571428571,0.00047274822582090244
