Iteration,Accuracy,Weight Decay
0,0.5876897133220911,0.09623406949124648
1,0.6087689713322091,0.08285422480701589
2,0.6357504215851602,0.047877320869366004
3,0.7445193929173693,0.015206179604296877
4,0.7774030354131535,0.003819399833108084
5,0.8406408094435076,0.0013164192457227669
