Iteration,Accuracy,Weight Decay
0,0.7228571428571429,0.016739508918050823
1,0.7214285714285714,0.004453867730520001
2,0.741,0.0011850370197883447
3,0.7588571428571429,0.0003153018507141175
4,0.8041428571428572,8.389211088232821e-05
5,0.8235714285714286,2.2321106750096656e-05
6,0.8647142857142858,5.938958995179634e-06
7,0.8645714285714285,1.5801740631105742e-06
8,0.8772857142857143,4.204356473506604e-07
9,0.8814285714285715,1.118649759477795e-07
