Iteration,Accuracy,Weight Decay
0,0.6247892074198989,0.041773682891187935
1,0.739460370994941,0.018334280241060232
2,0.7630691399662732,0.008046832567607796
3,0.8389544688026982,0.003531718372347135
4,0.8583473861720068,0.001550055199580515
5,0.8541315345699831,0.0006803122073830045
