Iteration,Accuracy,Weight Decay
0,0.6571428571428571,0.05112258690704978
1,0.7372857142857143,0.021622639359772756
2,0.7971428571428572,0.004622669586765671
3,0.7802857142857142,0.0001226775880285013
