Iteration,Accuracy,Weight Decay
0,0.6500843170320405,0.0003139551541520559
1,0.760539629005059,0.00019461011748293712
2,0.7588532883642496,7.526508081381837e-05
3,0.8355817875210793,-4.4079955855300356e-05
4,0.8305227655986509,-0.0001634249925244192
5,0.8591905564924115,-0.0002827700291935379
