Iteration,Accuracy,Weight Decay
0,0.43796711509715996,0.08500022719836783
1,0.3941205779770802,0.07250041653034103
2,0.44593921275535625,0.06000060586231423
3,0.44643746885899355,0.047500795194287425
4,0.4564025909317389,0.03500098452626062
5,0.5022421524663677,0.022501173858233817
6,0.5749875435974091,0.010001363190207016
7,0.5585450921773791,-0.0024984474778197846
