Iteration,Accuracy,Weight Decay
0,0.7462057335581788,0.08245960944858459
1,0.8204047217537943,0.06591207119253231
2,0.8676222596964587,0.049364532936480035
3,0.8811129848229342,0.03281699468042776
4,0.8836424957841484,0.01626945642437548
5,0.9047217537942664,-0.00027808183167679634
