Iteration,Accuracy,Weight Decay
0,0.5573355817875211,0.09623406949124648
1,0.6897133220910624,0.08285422480701589
2,0.7571669477234402,0.047877320869366004
3,0.8204047217537943,0.015206179604296877
4,0.8473861720067454,0.003819399833108084
5,0.8853288364249579,0.0013164192457227669
