Iteration,Accuracy,Weight Decay
0,0.5118043844856661,0.005252297615524365
1,0.524451939291737,0.00097362037159222
2,0.8052276559865092,0.00045870073580554847
3,0.836424957841484,0.0021655614948852984
4,0.845699831365936,0.005524696095387179
5,0.863406408094435,0.0008609927964427457
