Iteration,Accuracy,Weight Decay
0,0.6964586846543002,0.08245960944858459
1,0.7335581787521079,0.06591207119253231
2,0.8381112984822934,0.049364532936480035
3,0.8322091062394603,0.03281699468042776
4,0.8381112984822934,0.01626945642437548
5,0.8431703204047217,-0.00027808183167679634
