Iteration,Accuracy,Weight Decay
0,0.7695714285714286,1.7635562193575503e-05
1,0.8344285714285714,0.0005728189331574662
2,0.8514285714285714,2.0023522807470324e-05
3,0.8712857142857143,1.4965686885191566e-05
4,0.8801428571428571,0.00011263197923746989
5,0.8322857142857143,6.886710374860085e-05
6,0.9034285714285715,0.0013420985200452615
7,0.9124285714285715,0.00047829989059017616
8,0.9165714285714286,0.0014838277957944207
9,0.9222857142857143,2.5791050386297816e-05
