Iteration,Accuracy,Weight Decay
0,0.2640757349277529,0.0722504203169805
1,0.3941205779770802,0.052563218514838285
2,0.3457897359242651,0.03600096937970277
3,0.41504733432984553,0.02256367291157395
4,0.4539113104135526,0.012251329110451837
5,0.5296462381664175,0.005063937976336426
6,0.6895864474339811,0.0010014995092277146
7,0.7483806676631789,6.401370912570431e-05
