Iteration,Accuracy,Weight Decay
0,0.6925759840558047,0.0019651531060601536
1,0.7115097159940209,0.0018458080693910348
2,0.7603388141504733,0.0017264630327219162
3,0.7698056801195815,0.0016071179960527975
4,0.7693074240159442,0.0014877729593836787
5,0.7722969606377678,0.00136842792271456
6,0.8116591928251121,0.0012490828860454411
7,0.8106626806178375,0.0011297378493763223
