Iteration,Accuracy,Weight Decay
0,0.7752864972595914,0.0722504203169805
1,0.8231190832087693,0.052563218514838285
2,0.8490284005979073,0.03600096937970277
3,0.8609865470852018,0.02256367291157395
4,0.8684603886397608,0.012251329110451837
5,0.8809167912306926,0.005063937976336426
6,0.872446437468859,0.0010014995092277146
7,0.8789237668161435,6.401370912570431e-05
