Iteration,Accuracy,Weight Decay
0,0.6935724962630793,0.0722504203169805
1,0.8251121076233184,0.052563218514838285
2,0.8445440956651719,0.03600096937970277
3,0.8619830592924763,0.02256367291157395
4,0.8734429496761336,0.012251329110451837
5,0.8809167912306926,0.005063937976336426
6,0.8824115595416044,0.0010014995092277146
7,0.8893871449925261,6.401370912570431e-05
