Iteration,Accuracy,Weight Decay
0,0.5181428571428571,0.09746673418161543
1,0.5298571428571428,0.09340111078410944
2,0.426,0.0838891336884537
3,0.4077142857142857,0.06570110725289291
4,0.5597142857142857,0.041338346412298756
5,0.492,0.020587178380980863
6,0.506,0.00870673956906492
7,0.6565714285714286,0.0033896881950003137
8,0.7375714285714285,0.0012744104865876579
9,0.7685714285714286,0.00047274822582090244
