Iteration,Accuracy,Weight Decay
0,0.5151968111609367,0.0722504203169805
1,0.6781265570503239,0.052563218514838285
2,0.695067264573991,0.03600096937970277
3,0.7603388141504733,0.02256367291157395
4,0.85401096163428,0.012251329110451837
5,0.8644743398106627,0.005063937976336426
6,0.8694569008470354,0.0010014995092277146
7,0.8774289985052317,6.401370912570431e-05
