Iteration,Accuracy,Weight Decay
0,0.7276559865092749,0.000714770463686342
1,0.8069139966273187,0.000714770463686342
2,0.8659359190556493,0.000714770463686342
3,0.8524451939291737,0.000714770463686342
4,0.8600337268128162,0.000714770463686342
5,0.8229342327150084,0.000714770463686342
