Iteration,Accuracy,Weight Decay
0,0.5837142857142857,0.08126216613380753
1,0.5332857142857143,0.04451338310406878
2,0.49128571428571427,0.010978637918546164
3,0.6782857142857143,0.0003021294961929753
