Iteration,Accuracy,Weight Decay
0,0.7658196312904834,0.0007924828983539
1,0.8480318883906328,0.00019812203523477496
2,0.8659691081215745,1.7073526474706922e-06
3,0.8550074738415545,0.00043789432981655344
4,0.8729446935724963,0.0008342823480416806
5,0.8729446935724963,6.949760391706498e-06
6,0.8729446935724963,0.0089021508544503
7,0.8769307424015944,0.0006579332246575
