Iteration,Accuracy,Weight Decay
0,0.849,0.002297389418863703
1,0.8721428571428571,8.389211088232821e-05
2,0.8762857142857143,3.0634276498817596e-06
3,0.8842857142857142,1.118649759477795e-07
