Iteration,Accuracy,Weight Decay
0,0.7401428571428571,0.08126216613380753
1,0.7468571428571429,0.04451338310406878
2,0.7518571428571429,0.010978637918546164
3,0.821,0.0003021294961929753
