Iteration,Accuracy,Weight Decay
0,0.7234678624813154,0.0722504203169805
1,0.7917289486796213,0.052563218514838285
2,0.8639760837070254,0.03600096937970277
3,0.8774289985052317,0.02256367291157395
4,0.8888888888888888,0.012251329110451837
5,0.8978574987543597,0.005063937976336426
6,0.8973592426507224,0.0010014995092277146
7,0.8943697060288989,6.401370912570431e-05
