Iteration,Accuracy,Weight Decay
0,0.7441428571428571,0.08650002400378849
1,0.8267142857142857,0.07650004178437256
2,0.8457142857142858,0.06650005956495662
3,0.8558571428571429,0.05650007734554069
4,0.8824285714285715,0.046500095126124755
5,0.8922857142857142,0.03650011290670882
6,0.9141428571428571,0.026500130687292886
7,0.9112857142857143,0.01650014846787695
8,0.8872857142857142,0.006500166248461017
9,0.9197142857142857,-0.003499815970954903
