Iteration,Accuracy,Weight Decay
0,0.5741989881956155,0.0005820696310470618
1,0.6433389544688027,0.002645109331563097
2,0.7495784148397976,1.4354039896920572e-05
3,0.8279932546374368,0.00012112177677836436
4,0.8414839797639123,0.0023715966467263206
5,0.8903878583473862,0.006191623093158134
