Iteration,Accuracy,Weight Decay
0,0.6888571428571428,0.08126216613380753
1,0.7142857142857143,0.04451338310406878
2,0.706,0.010978637918546164
3,0.6638571428571428,0.0003021294961929753
