Iteration,Accuracy,Weight Decay
0,0.6984285714285714,0.0715000506746646
1,0.7808571428571428,0.046500095126124755
2,0.7995714285714286,0.021500139577584912
3,0.7481428571428571,-0.003499815970954903
