Iteration,Accuracy,Weight Decay
0,0.5674536256323778,0.041773682891187935
1,0.760539629005059,0.018334280241060232
2,0.851602023608769,0.008046832567607796
3,0.8819561551433389,0.003531718372347135
4,0.8802698145025295,0.001550055199580515
5,0.8473861720067454,0.0006803122073830045
