Iteration,Accuracy,Weight Decay
0,0.6905747126436782,5.99030482063902e-05
1,0.7167816091954023,-5.944198846272857e-05
2,0.7710344827586207,-0.00017878702513184736
3,0.8363218390804598,-0.0002981320618009661
4,0.8570114942528736,-0.0004174770984700848
5,0.8708045977011494,-0.0005368221351392036
6,0.8740229885057471,-0.0006561671718083224
7,0.8845977011494253,-0.0007755122084774412
