Iteration,Accuracy,Weight Decay
0,0.6045714285714285,3.6137098096646335e-05
1,0.615,4.574112968642734e-05
2,0.6171428571428571,1.536405970948239e-05
3,0.6184285714285714,0.0008847762141820823
4,0.6172857142857143,0.0006629130189564238
5,0.6187142857142857,0.000719001586402775
6,0.6258571428571429,0.0007657995023019723
7,0.6232857142857143,0.00035832484830826183
8,0.6974285714285714,0.00034986941814521387
9,0.7141428571428572,1.9735757719085816e-05
