Iteration,Accuracy,Weight Decay
0,0.6895714285714286,0.08126216613380753
1,0.6118571428571429,0.04451338310406878
2,0.6864285714285714,0.010978637918546164
3,0.8795714285714286,0.0003021294961929753
