Iteration,Accuracy,Weight Decay
0,0.6073741903338316,0.018925488238263552
1,0.57299451918286,0.0047270079827679235
2,0.585949177877429,0.0011806619828161344
3,0.56751370204285,0.00029489324383393244
4,0.5849526656701545,7.365531077021373e-05
5,0.604384653712008,1.8396843325823638e-05
6,0.6198305929247633,4.594968656242079e-06
7,0.7010463378176383,1.1476825984711098e-06
