Iteration,Accuracy,Weight Decay
0,0.6618571428571428,0.07482254476706554
1,0.6635714285714286,0.05852257374941756
2,0.6695714285714286,0.04422259917565277
3,0.7072857142857143,0.03192262104577116
4,0.7222857142857143,0.021622639359772756
5,0.6908571428571428,0.013322654117657533
6,0.8002857142857143,0.007022665319425497
7,0.7878571428571428,0.0027226729650766464
8,0.8067142857142857,0.00042267705461097914
9,0.8267142857142857,0.0001226775880285013
