Iteration,Accuracy,Weight Decay
0,0.6104553119730185,0.000714770463686342
1,0.784991568296796,0.000714770463686342
2,0.8229342327150084,0.000714770463686342
3,0.8693086003372681,0.000714770463686342
4,0.8844856661045531,0.000714770463686342
5,0.8912310286677909,0.000714770463686342
