Iteration,Accuracy,Weight Decay
0,0.8166417538614849,0.018925488238263552
1,0.8325859491778774,0.0047270079827679235
2,0.8644743398106627,0.0011806619828161344
3,0.8734429496761336,0.00029489324383393244
4,0.8873941205779771,7.365531077021373e-05
5,0.8888888888888888,1.8396843325823638e-05
6,0.8928749377179871,4.594968656242079e-06
7,0.8923766816143498,1.1476825984711098e-06
