Iteration,Accuracy,Weight Decay
0,0.7268128161888702,0.09623406949124648
1,0.7200674536256324,0.08285422480701589
2,0.8406408094435076,0.047877320869366004
3,0.863406408094435,0.015206179604296877
4,0.8389544688026982,0.003819399833108084
5,0.8743676222596964,0.0013164192457227669
