Iteration,Accuracy,Weight Decay
0,0.7224713502740409,0.0722504203169805
1,0.7912306925759841,0.052563218514838285
2,0.8226208271051321,0.03600096937970277
3,0.866965620328849,0.02256367291157395
4,0.8888888888888888,0.012251329110451837
5,0.8998505231689088,0.005063937976336426
6,0.9003487792725461,0.0010014995092277146
7,0.9028400597907325,6.401370912570431e-05
