Iteration,Accuracy,Weight Decay
0,0.6437142857142857,0.0033261644067418524
1,0.74,0.0032068193700727343
2,0.7545714285714286,0.0030874743334036153
3,0.687,0.0029681292967344963
