Iteration,Accuracy,Weight Decay
0,0.7000498256103638,0.08500022719836783
1,0.7757847533632287,0.07250041653034103
2,0.7892376681614349,0.06000060586231423
3,0.8216243148978575,0.047500795194287425
4,0.8385650224215246,0.03500098452626062
5,0.8664673642252118,0.022501173858233817
6,0.8739412057797707,0.010001363190207016
7,0.8505231689088192,-0.0024984474778197846
