Iteration,Accuracy,Weight Decay
0,0.5610363726955655,0.08500022719836783
1,0.5077229696063776,0.07250041653034103
2,0.4927752864972596,0.06000060586231423
3,0.5171898355754858,0.047500795194287425
4,0.4957648231190832,0.03500098452626062
5,0.5555555555555556,0.022501173858233817
6,0.6297957149975087,0.010001363190207016
7,0.6955655206776283,-0.0024984474778197846
