Iteration,Accuracy,Weight Decay
0,0.7090184354758345,0.09706882132280426
1,0.7683109118086696,0.09046519793170772
2,0.8500249128051819,0.07310626521668034
3,0.8649725959143,0.04378320141530977
4,0.8883906327852517,0.018243790724546134
5,0.8834080717488789,0.006010088662594013
6,0.8933731938216243,0.0018001084090777473
7,0.8938714499252616,0.0005235193184478273
