Iteration,Accuracy,Weight Decay
0,0.414050822122571,0.09455040875321775
1,0.32536123567513703,0.08247266789928005
2,0.37369207772795215,0.06545137301945098
3,0.4564025909317389,0.04607786196076218
4,0.458395615346288,0.02730157616058396
5,0.5142002989536621,0.011981034924538829
6,0.6068759342301944,0.002448651774762514
7,0.624813153961136,0.00015564563454001894
