Iteration,Accuracy,Weight Decay
0,0.7645714285714286,0.0071340919757048255
1,0.7597142857142857,1.7697434982290845e-06
2,0.8358571428571429,0.00023777479666081832
3,0.8511428571428571,0.001284764685431755
4,0.8515714285714285,0.00277374762232651
5,0.8872857142857142,0.003298654464196375
6,0.8878571428571429,0.00258257950735642
7,0.8877142857142857,0.001485072748559495
8,0.8921428571428571,0.0013682422858920349
9,0.9014285714285715,0.0019179102616724
