Iteration,Accuracy,Weight Decay
0,0.6465714285714286,0.08126216613380753
1,0.7451428571428571,0.04451338310406878
2,0.7527142857142857,0.010978637918546164
3,0.8824285714285715,0.0003021294961929753
