Iteration,Accuracy,Weight Decay
0,0.6652873563218391,5.99030482063902e-05
1,0.7291954022988506,-5.944198846272858e-05
2,0.743448275862069,-0.00017878702513184734
3,0.7760919540229885,-0.0002981320618009661
4,0.8018390804597701,-0.00041747709847008487
5,0.8248275862068966,-0.0005368221351392036
6,0.8432183908045977,-0.0006561671718083224
7,0.8317241379310345,-0.0007755122084774412
