Iteration,Accuracy,Weight Decay
0,0.8155714285714286,0.005867297515967454
1,0.7875714285714286,0.001491036165013503
2,0.885,1.3287769959637042e-05
3,0.9058571428571428,0.0001400968628184647
