Iteration,Accuracy,Weight Decay
0,0.5666104553119731,0.0003396219283484515
1,0.6922428330522765,0.00781415701285007
2,0.836424957841484,0.009734997158934973
3,0.8296795952782462,5.9531404818864726e-05
4,0.8490725126475548,7.756755705464213e-05
5,0.866779089376054,1.438842248894516e-05
