Iteration,Accuracy,Weight Decay
0,0.52,3.4852577637972e-05
1,0.52,0.0006974309589162125
2,0.52,3.086755425733234e-05
3,0.52,1.1193199127650613e-05
4,0.48,1.8636628977003486e-05
5,0.48,1.6446508316324208e-05
6,0.48,0.005985086439130403
7,0.48,0.0003652706446674128
