Iteration,Accuracy,Weight Decay
0,0.817140009965122,7.27461701745764e-05
1,0.8231190832087693,0.00012525037534390587
2,0.8774289985052317,1.6007693795654382e-05
3,0.8863976083707026,5.332945104020402e-05
4,0.9018435475834579,7.128845622983673e-05
5,0.909317389138017,0.005377335147220137
6,0.9108121574489287,0.002071357731230496
7,0.9073243647234679,0.005933701957141673
