Iteration,Accuracy,Weight Decay
0,0.770802192326856,0.09706882132280426
1,0.8051818634778276,0.09046519793170772
2,0.8131539611360239,0.07310626521668034
3,0.8285999003487793,0.04378320141530977
4,0.8545092177379173,0.018243790724546134
5,0.8629795714997509,0.006010088662594013
6,0.8729446935724963,0.0018001084090777473
7,0.877927254608869,0.0005235193184478273
