Iteration,Accuracy,Weight Decay
0,0.7018571428571428,0.00023375637512193046
1,0.7837142857142857,2.1417545674169924e-05
2,0.826,2.4045038164855737e-05
3,0.856,0.002681907828551231
4,0.8878571428571429,0.005510495899252123
5,0.8884285714285715,2.460313198787953e-05
6,0.9037142857142857,0.0013872763033355774
7,0.9144285714285715,0.00015769549094328279
8,0.923,0.003902070287185298
9,0.9191428571428572,2.689253327393244e-05
