Iteration,Accuracy,Weight Decay
0,0.7251428571428571,0.08956689623880071
1,0.7311428571428571,0.041338346412298756
2,0.7378571428571429,0.005468299804777157
3,0.7567142857142857,0.00047274822582090244
