Iteration,Accuracy,Weight Decay
0,0.48757142857142854,0.07482254476706554
1,0.5902857142857143,0.05852257374941756
2,0.7124285714285714,0.04422259917565277
3,0.6891428571428572,0.03192262104577116
4,0.7838571428571428,0.021622639359772756
5,0.8098571428571428,0.013322654117657533
6,0.8374285714285714,0.007022665319425497
7,0.8461428571428572,0.0027226729650766464
8,0.876,0.00042267705461097914
9,0.88,0.0001226775880285013
