Iteration,Accuracy,Weight Decay
0,0.7098850574712644,0.0009156816844035977
1,0.6928735632183908,0.0060161188270919505
2,0.7885057471264367,0.0010445063686627197
3,0.791264367816092,6.139700941775452e-05
4,0.8160919540229885,0.0014501701972985974
5,0.8101149425287356,0.0029375816417806016
6,0.8193103448275862,0.0014965114383411295
7,0.8294252873563218,0.0028705627182722443
