Iteration,Accuracy,Weight Decay
0,0.5585450921773791,0.018925488238263552
1,0.6003986048829099,0.0047270079827679235
2,0.6342800199302442,0.0011806619828161344
3,0.6776283009466866,0.00029489324383393244
4,0.7314399601395117,7.365531077021373e-05
5,0.7603388141504733,1.8396843325823638e-05
6,0.7972097658196313,4.594968656242079e-06
7,0.8246138515196811,1.1476825984711098e-06
