Iteration,Accuracy,Weight Decay
0,0.20285714285714285,0.00035405061464167036
1,0.6127142857142858,5.057388579122212e-05
2,0.6575714285714286,1.9602329261522652e-05
3,0.74,0.00011972324277414382
4,0.7018571428571428,0.0004637493760093237
5,0.7651428571428571,0.0008928502686649931
6,0.8015714285714286,0.0035893610891107527
7,0.8025714285714286,0.004036929502750834
8,0.8057142857142857,0.0069783045840006745
9,0.8238571428571428,2.6219433761227322e-05
