Iteration,Accuracy,Weight Decay
0,0.6418571428571429,0.09557017170827971
1,0.6141428571428571,0.08698157789648651
2,0.6145714285714285,0.07477297827681818
3,0.6895714285714286,0.06013943564236318
4,0.6842857142857143,0.04451338310406878
5,0.7598571428571429,0.029424407557493124
6,0.7668571428571429,0.01634952306020954
7,0.7732857142857142,0.006568590404889097
8,0.7941428571428572,0.0010390354275995517
9,0.7991428571428572,0.0003021294961929753
