Iteration,Accuracy,Weight Decay
0,0.6644182124789207,0.09254828078406145
1,0.7470489038785835,0.07381604081063549
2,0.8170320404721754,0.04879807301935227
3,0.8853288364249579,0.024197921676153977
4,0.8861720067453626,0.006607177467133997
5,0.9064080944350759,0.0007392660973616683
