Iteration,Accuracy,Weight Decay
0,0.7767142857142857,0.0715000506746646
1,0.8535714285714285,0.046500095126124755
2,0.886,0.021500139577584912
3,0.9134285714285715,-0.003499815970954903
