Iteration,Accuracy,Weight Decay
0,0.46714285714285714,0.08650002400378849
1,0.6178571428571429,0.07650004178437256
2,0.7342857142857143,0.06650005956495662
3,0.6812857142857143,0.05650007734554069
4,0.8051428571428572,0.046500095126124755
5,0.8381428571428572,0.03650011290670882
6,0.8431428571428572,0.026500130687292886
7,0.887,0.01650014846787695
8,0.897,0.006500166248461017
9,0.9048571428571428,-0.003499815970954903
