Iteration,Accuracy,Weight Decay
0,0.5342528735632184,1.1860416211152857e-05
1,0.7540229885057471,0.0002796852032342084
2,0.7701149425287356,3.7280300971201096e-05
3,0.8,1.8795269295547835e-05
4,0.8110344827586207,2.478365245897036e-05
5,0.832183908045977,0.00013210457948061876
6,0.8358620689655173,0.00028211665438675107
7,0.8216091954022988,0.0002982449672554812
