Iteration,Accuracy,Weight Decay
0,0.637767812655705,0.0019651531060601536
1,0.6661684105630294,0.0018458080693910348
2,0.7179870453413054,0.0017264630327219162
3,0.7314399601395117,0.0016071179960527975
4,0.7334329845540608,0.0014877729593836787
5,0.7732934728450424,0.00136842792271456
6,0.7892376681614349,0.0012490828860454411
7,0.8031888390632785,0.0011297378493763223
