Iteration,Accuracy,Weight Decay
0,0.3158943697060289,0.09706882132280426
1,0.36273044344793226,0.09046519793170772
2,0.36123567513702043,0.07310626521668034
3,0.3976083707025411,0.04378320141530977
4,0.4892874937717987,0.018243790724546134
5,0.6547085201793722,0.006010088662594013
6,0.6880916791230692,0.0018001084090777473
7,0.7498754359740907,0.0005235193184478273
