Iteration,Accuracy,Weight Decay
0,0.7175379426644182,0.000714770463686342
1,0.7706576728499157,0.000714770463686342
2,0.8237774030354131,0.000714770463686342
3,0.8465430016863407,0.000714770463686342
4,0.8279932546374368,0.000714770463686342
5,0.863406408094435,0.000714770463686342
