Iteration,Accuracy,Weight Decay
0,0.6473563218390804,5.95501370565999e-05
1,0.7526436781609196,5.95501370565999e-05
2,0.7604597701149425,5.95501370565999e-05
3,0.8059770114942528,5.95501370565999e-05
4,0.8229885057471265,5.95501370565999e-05
5,0.8266666666666667,5.95501370565999e-05
6,0.8303448275862069,5.95501370565999e-05
7,0.8418390804597701,5.95501370565999e-05
