Iteration,Accuracy,Weight Decay
0,0.6779089376053963,0.000714770463686342
1,0.7900505902192243,0.000714770463686342
2,0.790893760539629,0.000714770463686342
3,0.836424957841484,0.000714770463686342
4,0.8583473861720068,0.000714770463686342
5,0.8482293423271501,0.000714770463686342
