Iteration,Accuracy,Weight Decay
0,0.7683109118086696,0.09706882132280426
1,0.8305929247633284,0.09046519793170772
2,0.8435475834578974,0.07310626521668034
3,0.85949177877429,0.04378320141530977
4,0.8749377179870453,0.018243790724546134
5,0.8804185351270553,0.006010088662594013
6,0.8839063278525162,0.0018001084090777473
7,0.8943697060288989,0.0005235193184478273
