Iteration,Accuracy,Weight Decay
0,0.7571669477234402,0.06801802122791924
1,0.769814502529511,0.043527664608961875
2,0.842327150084317,0.02455315407535525
3,0.8743676222596964,0.011094489627099403
4,0.8887015177065767,0.0031516712641943057
5,0.893760539629005,0.0007246989866399735
