Iteration,Accuracy,Weight Decay
0,0.6158445440956651,0.09706882132280426
1,0.7972097658196313,0.09046519793170772
2,0.8375685102142502,0.07310626521668034
3,0.8699551569506726,0.04378320141530977
4,0.8923766816143498,0.018243790724546134
5,0.8963627304434479,0.006010088662594013
6,0.9023418036870952,0.0018001084090777473
7,0.8998505231689088,0.0005235193184478273
