Iteration,Accuracy,Weight Decay
0,0.7242833052276559,0.0003139551541520559
1,0.8237774030354131,0.00019461011748293712
2,0.8490725126475548,7.526508081381837e-05
3,0.8372681281618887,-4.4079955855300356e-05
4,0.8465430016863407,-0.0001634249925244192
5,0.851602023608769,-0.0002827700291935379
