Iteration,Accuracy,Weight Decay
0,0.589,0.00010948829826939262
1,0.6764285714285714,1.2498165410835573e-05
2,0.7,4.27226472940566e-05
3,0.8174285714285714,1.1607978966182649e-05
4,0.8577142857142858,0.007948889375127168
5,0.7902857142857143,0.00024213436480793405
6,0.8915714285714286,0.0009747931121846982
7,0.8984285714285715,0.00019754266769759135
8,0.9111428571428571,0.0029109176815506985
9,0.9098571428571428,1.2277411627651089e-05
