Iteration,Accuracy,Weight Decay
0,0.6928571428571428,0.0033261644067418524
1,0.6837142857142857,0.0032068193700727343
2,0.7758571428571429,0.0030874743334036153
3,0.7914285714285715,0.0029681292967344963
