Iteration,Accuracy,Weight Decay
0,0.807673143996014,0.0019651531060601536
1,0.8644743398106627,0.0018458080693910348
2,0.8644743398106627,0.0017264630327219162
3,0.890881913303438,0.0016071179960527975
4,0.8948679621325362,0.0014877729593836787
5,0.9008470353761834,0.00136842792271456
6,0.8988540109616343,0.0012490828860454411
7,0.905829596412556,0.0011297378493763223
