Iteration,Accuracy,Weight Decay
0,0.627318718381113,0.08245960944858459
1,0.6922428330522765,0.06591207119253231
2,0.842327150084317,0.049364532936480035
3,0.8785834738617201,0.03281699468042776
4,0.8844856661045531,0.01626945642437548
5,0.8305227655986509,-0.00027808183167679634
