Iteration,Accuracy,Weight Decay
0,0.6408094435075885,0.06801802122791924
1,0.7242833052276559,0.043527664608961875
2,0.8263069139966274,0.02455315407535525
3,0.8954468802698144,0.011094489627099403
4,0.8903878583473862,0.0031516712641943057
5,0.9005059021922428,0.0007246989866399735
