Iteration,Accuracy,Weight Decay
0,0.617339312406577,5.241863479475945e-05
1,0.7558545092177379,1.4644597298665912e-05
2,0.8086696562032885,0.0007772478417832691
3,0.8246138515196811,1.2134185883422186e-05
4,0.8295964125560538,2.3405377777953062e-05
5,0.8370702541106129,0.00076761169460644
6,0.8385650224215246,0.00017712058588627378
7,0.852017937219731,0.0001316849538826103
