Iteration,Accuracy,Weight Decay
0,0.7667142857142857,0.08956689623880071
1,0.8282857142857143,0.041338346412298756
2,0.8495714285714285,0.005468299804777157
3,0.9102857142857143,0.00047274822582090244
