Iteration,Accuracy,Weight Decay
0,0.6779089376053963,0.0003139551541520559
1,0.7934232715008431,0.00019461011748293712
2,0.7883642495784149,7.526508081381837e-05
3,0.8397976391231029,-4.4079955855300356e-05
4,0.8338954468802698,-0.0001634249925244192
5,0.8237774030354131,-0.0002827700291935379
