Iteration,Accuracy,Weight Decay
0,0.791,1.77805840656653e-07
1,0.861,1.77805840656653e-07
2,0.8405714285714285,1.77805840656653e-07
3,0.8671428571428571,1.77805840656653e-07
4,0.8891428571428571,1.77805840656653e-07
5,0.8904285714285715,1.77805840656653e-07
6,0.8995714285714286,1.77805840656653e-07
7,0.9122857142857143,1.77805840656653e-07
8,0.9212857142857143,1.77805840656653e-07
9,0.9238571428571428,1.77805840656653e-07
