Iteration,Accuracy,Weight Decay
0,0.4633781763826607,0.08500022719836783
1,0.312406576980568,0.07250041653034103
2,0.37120079720976584,0.06000060586231423
3,0.37120079720976584,0.047500795194287425
4,0.3726955655206776,0.03500098452626062
5,0.41953163926258097,0.022501173858233817
6,0.5739910313901345,0.010001363190207016
7,0.5495764823119084,-0.0024984474778197846
