Iteration,Accuracy,Weight Decay
0,0.7537942664418212,0.09623406949124648
1,0.8305227655986509,0.08285422480701589
2,0.863406408094435,0.047877320869366004
3,0.8650927487352446,0.015206179604296877
4,0.863406408094435,0.003819399833108084
5,0.8853288364249579,0.0013164192457227669
