Iteration,Accuracy,Weight Decay
0,0.38971428571428574,3.762896316709513e-05
1,0.6071428571428571,0.001256015045021569
2,0.6161428571428571,0.00039777054707837775
3,0.7475714285714286,1.9118228629720176e-05
4,0.7902857142857143,0.00015491647609790313
5,0.8557142857142858,0.000983532389360731
6,0.861,0.004257124340955056
7,0.8714285714285714,1.645130263094202e-05
8,0.8727142857142857,0.00020953637449176702
9,0.9078571428571428,0.00024766056910100246
