Iteration,Accuracy,Weight Decay
0,0.7105714285714285,0.0033977714287433238
1,0.7031428571428572,0.003350033414075676
2,0.7205714285714285,0.0033022953994080286
3,0.743,0.003254557384740381
4,0.7485714285714286,0.0032068193700727343
5,0.7704285714285715,0.0031590813554050867
6,0.7844285714285715,0.003111343340737439
7,0.7992857142857143,0.0030636053260697915
8,0.81,0.003015867311402144
9,0.8302857142857143,0.0029681292967344963
