Iteration,Accuracy,Weight Decay
0,0.6804384485666105,0.06801802122791924
1,0.7892074198988196,0.043527664608961875
2,0.8566610455311973,0.02455315407535525
3,0.8659359190556493,0.011094489627099403
4,0.8827993254637436,0.0031516712641943057
5,0.9097807757166948,0.0007246989866399735
