Iteration,Accuracy,Weight Decay
0,0.5221723966118585,0.018925488238263552
1,0.5406078724464375,0.0047270079827679235
2,0.57299451918286,0.0011806619828161344
3,0.5794718485301444,0.00029489324383393244
4,0.5655206776283009,7.365531077021373e-05
5,0.5889387144992526,1.8396843325823638e-05
6,0.6880916791230692,4.594968656242079e-06
7,0.7638266068759342,1.1476825984711098e-06
