Iteration,Accuracy,Weight Decay
0,0.6404285714285715,0.08956689623880071
1,0.8465714285714285,0.041338346412298756
2,0.8222857142857143,0.005468299804777157
3,0.9017142857142857,0.00047274822582090244
