Iteration,Accuracy,Weight Decay
0,0.37214285714285716,0.016739508918050823
1,0.6845714285714286,0.004453867730520001
2,0.6444285714285715,0.0011850370197883447
3,0.8227142857142857,0.0003153018507141175
4,0.8618571428571429,8.389211088232821e-05
5,0.8907142857142857,2.2321106750096656e-05
6,0.8904285714285715,5.938958995179634e-06
7,0.9085714285714286,1.5801740631105742e-06
8,0.9107142857142857,4.204356473506604e-07
9,0.9211428571428572,1.118649759477795e-07
