Iteration,Accuracy,Weight Decay
0,0.7032040472175379,0.09623406949124648
1,0.8102866779089376,0.08285422480701589
2,0.8650927487352446,0.047877320869366004
3,0.8895446880269815,0.015206179604296877
4,0.8954468802698144,0.003819399833108084
5,0.9165261382799326,0.0013164192457227669
