Iteration,Accuracy,Weight Decay
0,0.8036870951669158,0.0019651531060601536
1,0.8530144494270054,0.0018458080693910348
2,0.8809167912306926,0.0017264630327219162
3,0.8928749377179871,0.0016071179960527975
4,0.8998505231689088,0.0014877729593836787
5,0.898355754857997,0.00136842792271456
6,0.8943697060288989,0.0012490828860454411
7,0.9018435475834579,0.0011297378493763223
