Iteration,Accuracy,Weight Decay
0,0.8141428571428572,0.0033261644067418524
1,0.9007142857142857,0.0032068193700727343
2,0.9197142857142857,0.0030874743334036153
3,0.9251428571428572,0.0029681292967344963
