Iteration,Accuracy,Weight Decay
0,0.6287992027902342,0.018925488238263552
1,0.6078724464374688,0.0047270079827679235
2,0.5979073243647235,0.0011806619828161344
3,0.6058794220229198,0.00029489324383393244
4,0.7209765819631291,7.365531077021373e-05
5,0.7673143996013951,1.8396843325823638e-05
6,0.7857498754359741,4.594968656242079e-06
7,0.8126557050323866,1.1476825984711098e-06
