Iteration,Accuracy,Weight Decay
0,0.7125062282012955,0.018925488238263552
1,0.8440458395615347,0.0047270079827679235
2,0.8654708520179372,0.0011806619828161344
3,0.872446437468859,0.00029489324383393244
4,0.8863976083707026,7.365531077021373e-05
5,0.8858993522670653,1.8396843325823638e-05
6,0.890881913303438,4.594968656242079e-06
7,0.8928749377179871,1.1476825984711098e-06
