Iteration,Accuracy,Weight Decay
0,0.6838571428571428,0.004085109863548341
1,0.7027142857142857,3.0893043312288486e-05
2,0.756,0.002726929988083252
3,0.7441428571428571,0.008136895652535083
