Iteration,Accuracy,Weight Decay
0,0.6578571428571428,0.09557017170827971
1,0.7307142857142858,0.08698157789648651
2,0.8038571428571428,0.07477297827681818
3,0.8362857142857143,0.06013943564236318
4,0.8402857142857143,0.04451338310406878
5,0.8337142857142857,0.029424407557493124
6,0.8605714285714285,0.01634952306020954
7,0.8984285714285715,0.006568590404889097
8,0.9022857142857142,0.0010390354275995517
9,0.9131428571428571,0.0003021294961929753
