Iteration,Accuracy,Weight Decay
0,0.7125062282012955,0.018925488238263552
1,0.7992027902341804,0.0047270079827679235
2,0.8006975585450922,0.0011806619828161344
3,0.817140009965122,0.00029489324383393244
4,0.8156452416542103,7.365531077021373e-05
5,0.8221225710014948,1.8396843325823638e-05
6,0.8445440956651719,4.594968656242079e-06
7,0.8161434977578476,1.1476825984711098e-06
