Iteration,Accuracy,Weight Decay
0,0.6298571428571429,9.047120958014471e-05
1,0.6281428571428571,0.00017572722041675048
2,0.6234285714285714,0.0008103865986189245
3,0.7044285714285714,0.0005145548645901982
4,0.7035714285714286,0.0054969209884673485
5,0.72,9.191227336102164e-05
6,0.7277142857142858,0.00024833384034852096
7,0.7247142857142858,0.003644088591727874
8,0.7341428571428571,0.00014358245184500462
9,0.76,7.940733421913427e-05
