Iteration,Accuracy,Weight Decay
0,0.7140009965122073,0.0722504203169805
1,0.8031888390632785,0.052563218514838285
2,0.8395615346287992,0.03600096937970277
3,0.8455406078724464,0.02256367291157395
4,0.8634778276033881,0.012251329110451837
5,0.8664673642252118,0.005063937976336426
6,0.866965620328849,0.0010014995092277146
7,0.8674638764324863,6.401370912570431e-05
