Iteration,Accuracy,Weight Decay
0,0.35075885328836426,0.00020669974793580974
1,0.5649241146711635,0.002969159192387206
2,0.6281618887015177,5.397461672862596e-05
3,0.7959527824620574,4.659018798280997e-05
4,0.811973018549747,1.9902498211424715e-05
5,0.8591905564924115,0.0016852534709992284
