Iteration,Accuracy,Weight Decay
0,0.7209765819631291,0.0019651531060601536
1,0.7997010463378177,0.0018458080693910348
2,0.8031888390632785,0.0017264630327219162
3,0.815146985550573,0.0016071179960527975
4,0.8186347782760339,0.0014877729593836787
5,0.8330842052815147,0.00136842792271456
6,0.85949177877429,0.0012490828860454411
7,0.8400597907324364,0.0011297378493763223
