Iteration,Accuracy,Weight Decay
0,0.5112107623318386,0.0007924828983539
1,0.5266567015445939,0.00019812203523477496
2,0.5296462381664175,1.7073526474706922e-06
3,0.5271549576482312,0.00043789432981655344
4,0.5166915794718485,0.0008342823480416806
5,0.6766317887394121,6.949760391706498e-06
6,0.57299451918286,0.0089021508544503
7,0.6860986547085202,0.0006579332246575
