Iteration,Accuracy,Weight Decay
0,0.5336322869955157,0.09706882132280426
1,0.4504235176880917,0.09046519793170772
2,0.3811659192825112,0.07310626521668034
3,0.5196811160936722,0.04378320141530977
4,0.6138515196811161,0.018243790724546134
5,0.682112605879422,0.006010088662594013
6,0.7130044843049327,0.0018001084090777473
7,0.7438963627304435,0.0005235193184478273
