Iteration,Accuracy,Weight Decay
0,0.49177877428998507,0.09455040875321775
1,0.759840558046836,0.08247266789928005
2,0.8455406078724464,0.06545137301945098
3,0.8624813153961136,0.04607786196076218
4,0.8819133034379671,0.02730157616058396
5,0.8903836571998007,0.011981034924538829
6,0.8953662182361734,0.002448651774762514
7,0.8923766816143498,0.00015564563454001894
