Iteration,Accuracy,Weight Decay
0,0.6104553119730185,0.0003139551541520559
1,0.7748735244519392,0.00019461011748293712
2,0.8187183811129848,7.526508081381837e-05
3,0.8145025295109612,-4.4079955855300356e-05
4,0.8482293423271501,-0.0001634249925244192
5,0.8482293423271501,-0.0002827700291935379
