Iteration,Accuracy,Weight Decay
0,0.343,0.08650002400378849
1,0.6678571428571428,0.07650004178437256
2,0.7654285714285715,0.06650005956495662
3,0.7158571428571429,0.05650007734554069
4,0.7794285714285715,0.046500095126124755
5,0.8075714285714286,0.03650011290670882
6,0.8107142857142857,0.026500130687292886
7,0.8521428571428571,0.01650014846787695
8,0.8897142857142857,0.006500166248461017
9,0.9058571428571428,-0.003499815970954903
