Iteration,Accuracy,Weight Decay
0,0.6764285714285714,0.016739508918050823
1,0.5395714285714286,0.004453867730520001
2,0.701,0.0011850370197883447
3,0.8357142857142857,0.0003153018507141175
4,0.8485714285714285,8.389211088232821e-05
5,0.8805714285714286,2.2321106750096656e-05
6,0.885,5.938958995179634e-06
7,0.9017142857142857,1.5801740631105742e-06
8,0.9178571428571428,4.204356473506604e-07
9,0.9167142857142857,1.118649759477795e-07
