Iteration,Accuracy,Weight Decay
0,0.3991031390134529,0.0722504203169805
1,0.39711011459890383,0.052563218514838285
2,0.43746885899352267,0.03600096937970277
3,0.44643746885899355,0.02256367291157395
4,0.4872944693572496,0.012251329110451837
5,0.5366218236173393,0.005063937976336426
6,0.6482311908320877,0.0010014995092277146
7,0.7553562531141006,6.401370912570431e-05
