Iteration,Accuracy,Weight Decay
0,0.5171898355754858,0.09706882132280426
1,0.5122072745391131,0.09046519793170772
2,0.7543597409068261,0.07310626521668034
3,0.7782760338814151,0.04378320141530977
4,0.8091679123069258,0.018243790724546134
5,0.841056302939711,0.006010088662594013
6,0.8271051320378675,0.0018001084090777473
7,0.8295964125560538,0.0005235193184478273
