Iteration,Accuracy,Weight Decay
0,0.6631788739412058,0.0007924828983539
1,0.6681614349775785,0.00019812203523477496
2,0.7204783258594918,1.7073526474706922e-06
3,0.7787742899850523,0.00043789432981655344
4,0.8101644245142003,0.0008342823480416806
5,0.8236173393124065,6.949760391706498e-06
6,0.8300946686596911,0.0089021508544503
7,0.8420528151469856,0.0006579332246575
