Iteration,Accuracy,Weight Decay
0,0.778,0.07482254476706554
1,0.8475714285714285,0.05852257374941756
2,0.8732857142857143,0.04422259917565277
3,0.8624285714285714,0.03192262104577116
4,0.8795714285714286,0.021622639359772756
5,0.8925714285714286,0.013322654117657533
6,0.9054285714285715,0.007022665319425497
7,0.9138571428571428,0.0027226729650766464
8,0.9251428571428572,0.00042267705461097914
9,0.9164285714285715,0.0001226775880285013
