Iteration,Accuracy,Weight Decay
0,0.5784148397976391,0.09623406949124648
1,0.7824620573355818,0.08285422480701589
2,0.8642495784148398,0.047877320869366004
3,0.8811129848229342,0.015206179604296878
4,0.9038785834738617,0.003819399833108084
5,0.9055649241146712,0.0013164192457227669
