Iteration,Accuracy,Weight Decay
0,0.7635714285714286,0.002297389418863703
1,0.8167142857142857,8.389211088232821e-05
2,0.8432857142857143,3.0634276498817596e-06
3,0.8887142857142857,1.118649759477795e-07
