Iteration,Accuracy,Weight Decay
0,0.6467116357504216,4.815297862032934e-06
1,0.6905564924114671,0.0004982290216050967
2,0.8381112984822934,1.409240098658793e-07
3,0.8372681281618887,0.00013713943858997027
4,0.8499156829679595,2.192787454395522e-07
5,0.8541315345699831,1.6297508346206433e-08
