Iteration,Accuracy,Weight Decay
0,0.6560919540229885,2.4313285004204436e-08
1,0.7622988505747127,1.7640969257885612e-07
2,0.7770114942528735,3.199267137797384e-07
3,0.7875862068965517,3.96396275506239e-05
4,0.8183908045977012,0.0005580305251442092
5,0.8179310344827586,1.5487250883917444e-05
6,0.8101149425287356,6.0274239009094145e-05
7,0.8303448275862069,1.3530477745798077e-08
