Iteration,Accuracy,Weight Decay
0,0.739460370994941,0.08245960944858459
1,0.7917369308600337,0.06591207119253231
2,0.8490725126475548,0.049364532936480035
3,0.897133220910624,0.03281699468042776
4,0.8996627318718381,0.01626945642437548
5,0.9131534569983136,-0.00027808183167679634
