Iteration,Accuracy,Weight Decay
0,0.6542528735632184,5.95501370565999e-05
1,0.7379310344827587,5.95501370565999e-05
2,0.7908045977011494,5.95501370565999e-05
3,0.8055172413793104,5.95501370565999e-05
4,0.8220689655172414,5.95501370565999e-05
5,0.8225287356321839,5.95501370565999e-05
6,0.8294252873563218,5.95501370565999e-05
7,0.8280459770114943,5.95501370565999e-05
