Iteration,Accuracy,Weight Decay
0,0.7218390804597701,5.95501370565999e-05
1,0.7664367816091954,5.95501370565999e-05
2,0.7622988505747127,5.95501370565999e-05
3,0.8004597701149425,5.95501370565999e-05
4,0.8183908045977012,5.95501370565999e-05
5,0.8087356321839081,5.95501370565999e-05
6,0.7940229885057472,5.95501370565999e-05
7,0.8022988505747126,5.95501370565999e-05
