Iteration,Accuracy,Weight Decay
0,0.6500843170320405,0.000714770463686342
1,0.7740303541315345,0.000714770463686342
2,0.8355817875210793,0.000714770463686342
3,0.8406408094435076,0.000714770463686342
4,0.8887015177065767,0.000714770463686342
5,0.9005059021922428,0.000714770463686342
