Iteration,Accuracy,Weight Decay
0,0.8352857142857143,0.004331733744463146
1,0.8238571428571428,0.00023121116124802152
2,0.8728571428571429,4.6536442709418844e-05
3,0.8952857142857142,0.00013867893717202788
