Iteration,Accuracy,Weight Decay
0,0.6947723440134908,0.0003139551541520559
1,0.7993254637436762,0.00019461011748293712
2,0.8136593591905565,7.526508081381837e-05
3,0.836424957841484,-4.4079955855300356e-05
4,0.8549747048903878,-0.0001634249925244192
5,0.8440134907251264,-0.0002827700291935379
