Iteration,Accuracy,Weight Decay
0,0.568735632183908,0.003554490649284337
1,0.7448275862068966,0.00011591385917845084
2,0.751264367816092,0.0017727661210603794
3,0.7595402298850574,0.00014211176412510037
4,0.7673563218390804,0.0009373900231738446
5,0.783448275862069,1.1845833705039029e-05
6,0.8022988505747126,0.0029224299338407684
7,0.8202298850574713,0.0007151061798450915
