Iteration,Accuracy,Weight Decay
0,0.7932237169905332,0.0722504203169805
1,0.8315894369706028,0.052563218514838285
2,0.8495266567015446,0.03600096937970277
3,0.8435475834578974,0.02256367291157395
4,0.8888888888888888,0.012251329110451837
5,0.8839063278525162,0.005063937976336426
6,0.898355754857997,0.0010014995092277146
7,0.8988540109616343,6.401370912570431e-05
