Iteration,Accuracy,Weight Decay
0,0.6910344827586207,2.4313285004204436e-08
1,0.7388505747126437,1.7640969257885612e-07
2,0.776551724137931,3.199267137797384e-07
3,0.7958620689655173,3.96396275506239e-05
4,0.8068965517241379,0.0005580305251442092
5,0.7949425287356322,1.5487250883917444e-05
6,0.8257471264367816,6.0274239009094145e-05
7,0.8275862068965517,1.3530477745798077e-08
