Iteration,Accuracy,Weight Decay
0,0.7035376183358246,0.018925488238263552
1,0.7234678624813154,0.0047270079827679235
2,0.7458893871449925,0.0011806619828161344
3,0.7643248629795715,0.00029489324383393244
4,0.8046836073741903,7.365531077021373e-05
5,0.8101644245142003,1.8396843325823638e-05
6,0.8310911808669657,4.594968656242079e-06
7,0.8081714000996513,1.1476825984711098e-06
