Iteration,Accuracy,Weight Decay
0,0.6711635750421585,0.0003139551541520559
1,0.7403035413153457,0.00019461011748293712
2,0.7917369308600337,7.526508081381837e-05
3,0.6416526138279932,-4.4079955855300356e-05
4,0.8541315345699831,-0.0001634249925244192
5,0.8322091062394603,-0.0002827700291935379
