Iteration,Accuracy,Weight Decay
0,0.717,0.09557017170827971
1,0.8284285714285714,0.08698157789648651
2,0.8484285714285714,0.07477297827681818
3,0.8718571428571429,0.06013943564236318
4,0.8858571428571429,0.04451338310406878
5,0.9,0.029424407557493124
6,0.905,0.01634952306020954
7,0.9157142857142857,0.006568590404889097
8,0.9174285714285715,0.0010390354275995517
9,0.9277142857142857,0.0003021294961929753
