Iteration,Accuracy,Weight Decay
0,0.6495714285714286,7.964333584675824e-05
1,0.655,0.00015663079568582045
2,0.6608571428571428,1.8384055914605745e-05
3,0.6382857142857142,0.0027716237216108297
4,0.6438571428571429,0.0010195312673846291
5,0.5807142857142857,0.00909684508699696
6,0.6085714285714285,0.00995709194980306
7,0.6588571428571428,0.00606010216974017
8,0.7167142857142857,3.19199820556812e-05
9,0.7231428571428572,5.7719650603062534e-05
