Iteration,Accuracy,Weight Decay
0,0.6482311908320877,0.09455040875321775
1,0.7204783258594918,0.08247266789928005
2,0.7678126557050324,0.06545137301945098
3,0.8121574489287494,0.04607786196076218
4,0.8440458395615347,0.02730157616058396
5,0.8480318883906328,0.011981034924538829
6,0.8629795714997509,0.002448651774762514
7,0.8560039860488291,0.00015564563454001894
