Iteration,Accuracy,Weight Decay
0,0.7864285714285715,0.002297389418863703
1,0.8675714285714285,8.389211088232821e-05
2,0.8985714285714286,3.0634276498817596e-06
3,0.9187142857142857,1.118649759477795e-07
