Iteration,Accuracy,Weight Decay
0,0.7735714285714286,0.0033261644067418524
1,0.8142857142857143,0.0032068193700727343
2,0.8718571428571429,0.0030874743334036153
3,0.8894285714285715,0.0029681292967344963
