Iteration,Accuracy,Weight Decay
0,0.7212857142857143,0.0033977714287433238
1,0.7247142857142858,0.003350033414075676
2,0.7478571428571429,0.0033022953994080286
3,0.8081428571428572,0.003254557384740381
4,0.8364285714285714,0.0032068193700727343
5,0.8348571428571429,0.0031590813554050867
6,0.854,0.003111343340737439
7,0.8767142857142857,0.0030636053260697915
8,0.8867142857142857,0.003015867311402144
9,0.9035714285714286,0.0029681292967344963
