Iteration,Accuracy,Weight Decay
0,0.7521079258010118,0.06801802122791924
1,0.8288364249578415,0.043527664608961875
2,0.8558178752107926,0.02455315407535525
3,0.8642495784148398,0.011094489627099403
4,0.8794266441821248,0.0031516712641943057
5,0.8768971332209107,0.0007246989866399735
