Iteration,Accuracy,Weight Decay
0,0.4618834080717489,0.09455040875321775
1,0.6347782760338814,0.08247266789928005
2,0.6507224713502741,0.06545137301945098
3,0.7673143996013951,0.04607786196076218
4,0.8221225710014948,0.02730157616058396
5,0.8684603886397608,0.011981034924538829
6,0.874439461883408,0.002448651774762514
7,0.8774289985052317,0.00015564563454001894
