Iteration,Accuracy,Weight Decay
0,0.6767142857142857,0.09746673418161543
1,0.7608571428571429,0.09340111078410944
2,0.807,0.0838891336884537
3,0.8391428571428572,0.06570110725289291
4,0.8408571428571429,0.041338346412298756
5,0.8714285714285714,0.020587178380980863
6,0.885,0.00870673956906492
7,0.8755714285714286,0.0033896881950003137
8,0.8811428571428571,0.0012744104865876579
9,0.9002857142857142,0.00047274822582090244
