Iteration,Accuracy,Weight Decay
0,0.5354285714285715,0.09746673418161543
1,0.569,0.09340111078410944
2,0.6014285714285714,0.0838891336884537
3,0.7761428571428571,0.06570110725289291
4,0.7867142857142857,0.041338346412298756
5,0.8115714285714286,0.020587178380980863
6,0.8515714285714285,0.00870673956906492
7,0.8518571428571429,0.0033896881950003137
8,0.8962857142857142,0.0012744104865876579
9,0.8947142857142857,0.00047274822582090244
