Iteration,Accuracy,Weight Decay
0,0.52,0.00012038152955365109
1,0.5462068965517242,2.6941406255567105e-05
2,0.48,0.0018440205898684274
3,0.48,5.093254361027797e-05
4,0.48,0.0007136438861189909
5,0.48,0.0008127056510948408
6,0.48,6.884648149164978e-05
7,0.48,0.0017407213316505757
