Iteration,Accuracy,Weight Decay
0,0.721,0.016739508918050823
1,0.8607142857142858,0.004453867730520001
2,0.8884285714285715,0.0011850370197883447
3,0.8761428571428571,0.0003153018507141175
4,0.897,8.389211088232821e-05
5,0.8934285714285715,2.2321106750096656e-05
6,0.9051428571428571,5.938958995179634e-06
7,0.9172857142857143,1.5801740631105742e-06
8,0.9192857142857143,4.204356473506604e-07
9,0.9234285714285714,1.118649759477795e-07
