Iteration,Accuracy,Weight Decay
0,0.8024285714285714,0.08126216613380753
1,0.8471428571428572,0.04451338310406878
2,0.8657142857142858,0.010978637918546164
3,0.8922857142857142,0.0003021294961929753
