Iteration,Accuracy,Weight Decay
0,0.8121574489287494,1.0396657308906228e-05
1,0.8550074738415545,3.282589018271809e-05
2,0.8624813153961136,0.000125395984253451
3,0.8764324862979571,0.0002023990800903708
4,0.8883906327852517,0.00016307049333780664
5,0.8933731938216243,0.007730021794556893
6,0.9003487792725461,0.0003366359256843895
7,0.9078226208271052,1.131872082850132e-05
