Iteration,Accuracy,Weight Decay
0,0.6947723440134908,0.041773682891187935
1,0.7580101180438449,0.018334280241060232
2,0.8136593591905565,0.008046832567607796
3,0.8313659359190556,0.003531718372347135
4,0.8608768971332209,0.001550055199580515
5,0.8979763912310287,0.0006803122073830045
