Iteration,Accuracy,Weight Decay
0,0.6751428571428572,0.09746673418161543
1,0.7484285714285714,0.09340111078410944
2,0.8022857142857143,0.0838891336884537
3,0.7738571428571429,0.06570110725289291
4,0.7907142857142857,0.041338346412298756
5,0.8347142857142857,0.020587178380980863
6,0.7987142857142857,0.00870673956906492
7,0.8445714285714285,0.0033896881950003137
8,0.8825714285714286,0.0012744104865876579
9,0.8944285714285715,0.00047274822582090244
