Iteration,Accuracy,Weight Decay
0,0.7765598650927488,0.09623406949124648
1,0.8161888701517707,0.08285422480701589
2,0.8473861720067454,0.047877320869366004
3,0.8642495784148398,0.015206179604296877
4,0.863406408094435,0.003819399833108084
5,0.8743676222596964,0.0013164192457227669
