Iteration,Accuracy,Weight Decay
0,0.6227142857142857,0.09557017170827971
1,0.7897142857142857,0.08698157789648651
2,0.8561428571428571,0.07477297827681818
3,0.8651428571428571,0.06013943564236318
4,0.8735714285714286,0.04451338310406878
5,0.8657142857142858,0.029424407557493124
6,0.9004285714285715,0.01634952306020954
7,0.9101428571428571,0.006568590404889097
8,0.9158571428571428,0.0010390354275995517
9,0.9234285714285714,0.0003021294961929753
