Iteration,Accuracy,Weight Decay
0,0.6825714285714286,0.09557017170827971
1,0.7,0.08698157789648651
2,0.7837142857142857,0.07477297827681818
3,0.7804285714285715,0.06013943564236318
4,0.8134285714285714,0.04451338310406878
5,0.8205714285714286,0.029424407557493124
6,0.8481428571428572,0.01634952306020954
7,0.8817142857142857,0.006568590404889097
8,0.9085714285714286,0.0010390354275995517
9,0.9165714285714286,0.0003021294961929753
