Iteration,Accuracy,Weight Decay
0,0.5118043844856661,0.008438041723961138
1,0.5539629005059022,0.0006165132897382039
2,0.6897133220910624,5.6606030208540286e-05
3,0.7521079258010118,1.4514951284573597e-05
4,0.8338954468802698,3.6435984890832903e-05
5,0.857504215851602,1.527731452754019e-05
