Iteration,Accuracy,Weight Decay
0,0.6507224713502741,0.0007924828983539
1,0.7433981066268062,0.00019812203523477496
2,0.7952167414050823,1.7073526474706922e-06
3,0.8555057299451918,0.00043789432981655344
4,0.8873941205779771,0.0008342823480416806
5,0.8858993522670653,6.949760391706498e-06
6,0.8794220229197808,0.0089021508544503
7,0.8943697060288989,0.0006579332246575
