Iteration,Accuracy,Weight Decay
0,0.7994285714285714,1.3601107958212271e-05
1,0.7877142857142857,0.0002684288988492602
2,0.7877142857142857,0.004185846843846945
3,0.7994285714285714,0.00012797504166633255
4,0.8411428571428572,1.6547962221774968e-05
5,0.8461428571428572,1.3153034412767084e-05
6,0.8691428571428571,0.002896970483579268
7,0.8835714285714286,0.00044642028105930967
8,0.8801428571428571,0.00842100255228962
9,0.8894285714285715,0.0003883204768015041
