Iteration,Accuracy,Weight Decay
0,0.769,0.016739508918050823
1,0.8197142857142857,0.004453867730520001
2,0.8504285714285714,0.0011850370197883447
3,0.8647142857142858,0.0003153018507141175
4,0.8934285714285715,8.389211088232821e-05
5,0.8905714285714286,2.2321106750096656e-05
6,0.9102857142857143,5.938958995179634e-06
7,0.9201428571428572,1.5801740631105742e-06
8,0.9202857142857143,4.204356473506604e-07
9,0.922,1.118649759477795e-07
