Iteration,Accuracy,Weight Decay
0,0.52,5.99030482063902e-05
1,0.52,-5.944198846272858e-05
2,0.6928735632183908,-0.00017878702513184734
3,0.7535632183908046,-0.0002981320618009661
4,0.7995402298850575,-0.00041747709847008487
5,0.8151724137931035,-0.0005368221351392036
6,0.8266666666666667,-0.0006561671718083224
7,0.8275862068965517,-0.0007755122084774412
