Iteration,Accuracy,Weight Decay
0,0.7982857142857143,1.77805840656653e-07
1,0.8467142857142858,1.77805840656653e-07
2,0.8734285714285714,1.77805840656653e-07
3,0.8822857142857143,1.77805840656653e-07
4,0.897,1.77805840656653e-07
5,0.9071428571428571,1.77805840656653e-07
6,0.9142857142857143,1.77805840656653e-07
7,0.9138571428571428,1.77805840656653e-07
8,0.9142857142857143,1.77805840656653e-07
9,0.9241428571428572,1.77805840656653e-07
