Iteration,Accuracy,Weight Decay
0,0.8345714285714285,0.0715000506746646
1,0.8757142857142857,0.046500095126124755
2,0.9004285714285715,0.021500139577584912
3,0.8865714285714286,-0.003499815970954903
