Iteration,Accuracy,Weight Decay
0,0.7698571428571429,0.08956689623880071
1,0.893,0.041338346412298756
2,0.9075714285714286,0.005468299804777157
3,0.9167142857142857,0.00047274822582090244
