Iteration,Accuracy,Weight Decay
0,0.6557050323866468,0.09706882132280426
1,0.7100149476831091,0.09046519793170772
2,0.8300946686596911,0.07310626521668034
3,0.8624813153961136,0.04378320141530977
4,0.8834080717488789,0.018243790724546134
5,0.8918784255107125,0.006010088662594013
6,0.8978574987543597,0.0018001084090777473
7,0.8988540109616343,0.0005235193184478273
