Iteration,Accuracy,Weight Decay
0,0.40408570004982564,0.09706882132280426
1,0.46088689586447434,0.09046519793170772
2,0.615346287992028,0.07310626521668034
3,0.6806178375685102,0.04378320141530977
4,0.8001993024414549,0.018243790724546134
5,0.817140009965122,0.006010088662594013
6,0.8560039860488291,0.0018001084090777473
7,0.8754359740906826,0.0005235193184478273
