Iteration,Accuracy,Weight Decay
0,0.7437142857142857,0.0020184488049463127
1,0.8187142857142857,0.001009470723814082
2,0.8404285714285714,0.003822839525064017
3,0.8911428571428571,1.0243441262746903e-05
4,0.8895714285714286,0.0007407527256643816
5,0.903,0.00022804158850232284
6,0.9185714285714286,0.0071735262987819475
7,0.9214285714285714,0.00020321924105397562
8,0.9238571428571428,8.425303007474015e-05
9,0.9298571428571428,1.2475713879874846e-05
