Iteration,Accuracy,Weight Decay
0,0.6567015445939213,0.0007924828983539
1,0.7209765819631291,0.00019812203523477496
2,0.7289486796213254,1.7073526474706922e-06
3,0.7787742899850523,0.00043789432981655344
4,0.7892376681614349,0.0008342823480416806
5,0.7952167414050823,6.949760391706498e-06
6,0.7105132037867464,0.0089021508544503
7,0.8056801195814649,0.0006579332246575
