Iteration,Accuracy,Weight Decay
0,0.7232183908045977,5.99030482063902e-05
1,0.7544827586206897,-5.944198846272857e-05
2,0.7420689655172413,-0.00017878702513184736
3,0.7898850574712644,-0.0002981320618009661
4,0.7908045977011494,-0.0004174770984700848
5,0.7714942528735632,-0.0005368221351392036
6,0.8119540229885057,-0.0006561671718083224
7,0.8271264367816092,-0.0007755122084774412
