Iteration,Accuracy,Weight Decay
0,0.6610455311973018,0.06801802122791924
1,0.7588532883642496,0.043527664608961875
2,0.815345699831366,0.02455315407535525
3,0.8676222596964587,0.011094489627099403
4,0.8676222596964587,0.0031516712641943057
5,0.8693086003372681,0.0007246989866399735
