Iteration,Accuracy,Weight Decay
0,0.7564285714285715,0.0071340919757048255
1,0.8401428571428572,1.7697434982290845e-06
2,0.8741428571428571,0.00023777479666081832
3,0.8874285714285715,0.001284764685431755
4,0.8935714285714286,0.00277374762232651
5,0.9037142857142857,0.003298654464196375
6,0.915,0.00258257950735642
7,0.9097142857142857,0.001485072748559495
8,0.9185714285714286,0.0013682422858920349
9,0.9247142857142857,0.0019179102616724
