Iteration,Accuracy,Weight Decay
0,0.6197142857142857,0.0022577501417359405
1,0.6352857142857142,1.9916529854917212e-05
2,0.6585714285714286,0.0008793792110440011
3,0.6578571428571428,1.155522195598906e-05
4,0.67,1.3553005017691409e-05
5,0.6648571428571428,0.001360902278270377
6,0.6712857142857143,0.0053662115918551275
7,0.7072857142857143,0.0014678798504052857
8,0.7342857142857143,0.003876833876480329
9,0.7651428571428571,0.0001411924697978233
