Iteration,Accuracy,Weight Decay
0,0.6022988505747127,5.99030482063902e-05
1,0.6680459770114943,-5.944198846272857e-05
2,0.7342528735632184,-0.00017878702513184736
3,0.7420689655172413,-0.0002981320618009661
4,0.7682758620689655,-0.0004174770984700848
5,0.8119540229885057,-0.0005368221351392036
6,0.8450574712643678,-0.0006561671718083224
7,0.8726436781609196,-0.0007755122084774412
