Iteration,Accuracy,Weight Decay
0,0.6152857142857143,0.09557017170827971
1,0.5552857142857143,0.08698157789648651
2,0.729,0.07477297827681818
3,0.757,0.06013943564236318
4,0.8241428571428572,0.04451338310406878
5,0.841,0.029424407557493124
6,0.8342857142857143,0.01634952306020954
7,0.8341428571428572,0.006568590404889097
8,0.8587142857142858,0.0010390354275995517
9,0.8821428571428571,0.0003021294961929753
