Iteration,Accuracy,Weight Decay
0,0.7006745362563238,0.09254828078406145
1,0.8111298482293423,0.07381604081063549
2,0.8566610455311973,0.04879807301935227
3,0.8819561551433389,0.024197921676153977
4,0.8988195615514334,0.006607177467133997
5,0.8929173693086003,0.0007392660973616683
