Iteration,Accuracy,Weight Decay
0,0.5701428571428572,0.08126216613380753
1,0.567,0.04451338310406878
2,0.6531428571428571,0.010978637918546164
3,0.5867142857142857,0.0003021294961929753
