Iteration,Accuracy,Weight Decay
0,0.7862481315396114,0.0019651531060601536
1,0.8545092177379173,0.0018458080693910348
2,0.8694569008470354,0.0017264630327219162
3,0.8804185351270553,0.0016071179960527975
4,0.885401096163428,0.0014877729593836787
5,0.8928749377179871,0.00136842792271456
6,0.8968609865470852,0.0012490828860454411
7,0.9048330842052815,0.0011297378493763223
