Iteration,Accuracy,Weight Decay
0,0.34479322371699056,0.09706882132280426
1,0.4240159441953164,0.09046519793170772
2,0.554559043348281,0.07310626521668034
3,0.6228201295465869,0.04378320141530977
4,0.7334329845540608,0.018243790724546134
5,0.7982062780269058,0.006010088662594013
6,0.8425510712506228,0.0018001084090777473
7,0.8699551569506726,0.0005235193184478273
