Iteration,Accuracy,Weight Decay
0,0.7298571428571429,0.0715000506746646
1,0.8155714285714286,0.046500095126124755
2,0.8601428571428571,0.021500139577584912
3,0.8802857142857143,-0.003499815970954903
