Iteration,Accuracy,Weight Decay
0,0.6991428571428572,3.213850454668363e-05
1,0.6894285714285714,0.000521705958513245
2,0.6537142857142857,0.000685017413702309
3,0.6845714285714286,0.000167407669159562
