Iteration,Accuracy,Weight Decay
0,0.5645241654210265,0.018925488238263552
1,0.5555555555555556,0.0047270079827679235
2,0.5899352267065272,0.0011806619828161344
3,0.6278026905829597,0.00029489324383393244
4,0.661684105630294,7.365531077021373e-05
5,0.7907324364723468,1.8396843325823638e-05
6,0.8201295465869457,4.594968656242079e-06
7,0.8430493273542601,1.1476825984711098e-06
