Iteration,Accuracy,Weight Decay
0,0.5185497470489039,0.0012173140083303199
1,0.633220910623946,1.5088804474748463e-05
2,0.7959527824620574,0.0002698645791271042
3,0.8490725126475548,1.3716808945976645e-05
4,0.8650927487352446,0.00030142381003814473
5,0.8811129848229342,1.1622992542335027e-05
