Iteration,Accuracy,Weight Decay
0,0.672,0.07482254476706554
1,0.7048571428571428,0.05852257374941756
2,0.6785714285714286,0.04422259917565277
3,0.7141428571428572,0.03192262104577116
4,0.768,0.021622639359772756
5,0.7587142857142857,0.013322654117657533
6,0.7771428571428571,0.007022665319425497
7,0.7634285714285715,0.0027226729650766464
8,0.7951428571428572,0.00042267705461097914
9,0.7834285714285715,0.0001226775880285013
