Iteration,Accuracy,Weight Decay
0,0.452914798206278,0.018925488238263552
1,0.5017438963627304,0.0047270079827679235
2,0.528649725959143,0.0011806619828161344
3,0.5894369706028899,0.00029489324383393244
4,0.5844544095665172,7.365531077021373e-05
5,0.624813153961136,1.8396843325823638e-05
6,0.6537120079720976,4.594968656242079e-06
7,0.7035376183358246,1.1476825984711098e-06
