Iteration,Accuracy,Weight Decay
0,0.6812816188870152,0.041773682891187935
1,0.7571669477234402,0.018334280241060232
2,0.8187183811129848,0.008046832567607796
3,0.8381112984822934,0.003531718372347135
4,0.8701517706576728,0.001550055199580515
5,0.8591905564924115,0.0006803122073830045
