Iteration,Accuracy,Weight Decay
0,0.4332857142857143,7.504806744421067e-05
1,0.6087142857142858,0.00039472873644826246
2,0.7107142857142857,0.000898238855568928
3,0.7065714285714285,0.0002944733226091251
4,0.7012857142857143,5.0714640924935184e-05
5,0.7054285714285714,0.0003588077782718839
6,0.7461428571428571,0.0016211668526207432
7,0.7884285714285715,0.00012546154952002537
8,0.7841428571428571,0.0005858190348865056
9,0.8192857142857143,3.383648491546437e-05
