Iteration,Accuracy,Weight Decay
0,0.7296551724137931,5.95501370565999e-05
1,0.7852873563218391,5.95501370565999e-05
2,0.8059770114942528,5.95501370565999e-05
3,0.8211494252873563,5.95501370565999e-05
4,0.8262068965517242,5.95501370565999e-05
5,0.8170114942528736,5.95501370565999e-05
6,0.8234482758620689,5.95501370565999e-05
7,0.8216091954022988,5.95501370565999e-05
