Iteration,Accuracy,Weight Decay
0,0.7563527653213752,0.08500022719836783
1,0.772795216741405,0.07250041653034103
2,0.8091679123069258,0.06000060586231423
3,0.8256103637269556,0.047500795194287425
4,0.8375685102142502,0.03500098452626062
5,0.8560039860488291,0.022501173858233817
6,0.8570004982561036,0.010001363190207016
7,0.8380667663178873,-0.0024984474778197846
