Iteration,Accuracy,Weight Decay
0,0.7495784148397976,0.09254828078406145
1,0.7293423271500843,0.07381604081063549
2,0.836424957841484,0.04879807301935227
3,0.8490725126475548,0.024197921676153977
4,0.8549747048903878,0.006607177467133997
5,0.866779089376054,0.0007392660973616683
