Iteration,Accuracy,Weight Decay
0,0.5994940978077572,0.0003139551541520559
1,0.7276559865092749,0.00019461011748293712
2,0.8077571669477235,7.526508081381837e-05
3,0.857504215851602,-4.4079955855300356e-05
4,0.8811129848229342,-0.0001634249925244192
5,0.8895446880269815,-0.0002827700291935379
