Iteration,Accuracy,Weight Decay
0,0.4228571428571429,0.08650002400378849
1,0.5198571428571429,0.07650004178437256
2,0.5828571428571429,0.06650005956495662
3,0.6565714285714286,0.05650007734554069
4,0.5715714285714286,0.046500095126124755
5,0.6115714285714285,0.03650011290670882
6,0.5415714285714286,0.026500130687292886
7,0.7145714285714285,0.01650014846787695
8,0.7784285714285715,0.006500166248461017
9,0.7682857142857142,-0.003499815970954903
