Iteration,Accuracy,Weight Decay
0,0.7528571428571429,0.07482254476706554
1,0.8655714285714285,0.05852257374941756
2,0.8845714285714286,0.04422259917565277
3,0.893,0.03192262104577116
4,0.907,0.021622639359772756
5,0.9118571428571428,0.013322654117657533
6,0.91,0.007022665319425497
7,0.9105714285714286,0.0027226729650766464
8,0.922,0.00042267705461097914
9,0.9261428571428572,0.0001226775880285013
