Iteration,Accuracy,Weight Decay
0,0.7192242833052277,0.09623406949124648
1,0.7740303541315345,0.08285422480701589
2,0.8347386172006745,0.047877320869366004
3,0.8650927487352446,0.015206179604296877
4,0.8768971332209107,0.003819399833108084
5,0.8676222596964587,0.0013164192457227669
