Iteration,Accuracy,Weight Decay
0,0.43298455406078723,0.09455040875321775
1,0.3148978574987544,0.08247266789928005
2,0.4299950174389636,0.06545137301945098
3,0.42750373692077726,0.04607786196076218
4,0.42800199302441455,0.02730157616058396
5,0.5107125062282013,0.011981034924538829
6,0.5650224215246636,0.002448651774762514
7,0.604384653712008,0.00015564563454001894
