Iteration,Accuracy,Weight Decay
0,0.8107142857142857,0.08956689623880071
1,0.8644285714285714,0.041338346412298756
2,0.8882857142857142,0.005468299804777157
3,0.8918571428571429,0.00047274822582090244
