Iteration,Accuracy,Weight Decay
0,0.52,0.0011552749187994824
1,0.6344827586206897,0.004199346365931928
2,0.7673563218390804,0.00021397909059623396
3,0.7917241379310345,0.008156026722967807
4,0.8004597701149425,0.004076476986467208
5,0.8,0.0018215537616872385
6,0.8091954022988506,0.0027895131513780698
7,0.8096551724137931,2.056054276947288e-05
