Iteration,Accuracy,Weight Decay
0,0.696,2.24289424815196e-05
1,0.7462857142857143,0.00025380401866650893
2,0.8452857142857143,1.3044838058302153e-05
3,0.8528571428571429,4.705609437885333e-05
4,0.8641428571428571,0.00020663263353645265
5,0.8495714285714285,0.000140843439337626
6,0.8768571428571429,0.0017658218235633897
7,0.8868571428571429,0.00020589800289895255
8,0.899,1.0431912559796835e-05
9,0.8981428571428571,0.001967064493608598
