Iteration,Accuracy,Weight Decay
0,0.761,0.0033977714287433238
1,0.7594285714285715,0.003350033414075676
2,0.8238571428571428,0.0033022953994080286
3,0.8262857142857143,0.003254557384740381
4,0.8548571428571429,0.0032068193700727343
5,0.8914285714285715,0.0031590813554050867
6,0.898,0.003111343340737439
7,0.8985714285714286,0.0030636053260697915
8,0.9132857142857143,0.003015867311402144
9,0.9192857142857143,0.0029681292967344963
