Iteration,Accuracy,Weight Decay
0,0.573,0.0071340919757048255
1,0.7442857142857143,1.7697434982290845e-06
2,0.7542857142857143,0.00023777479666081832
3,0.765,0.001284764685431755
4,0.7412857142857143,0.00277374762232651
5,0.8047142857142857,0.003298654464196375
6,0.8278571428571428,0.00258257950735642
7,0.7982857142857143,0.001485072748559495
8,0.8452857142857143,0.0013682422858920349
9,0.8385714285714285,0.0019179102616724
