Iteration,Accuracy,Weight Decay
0,0.6281618887015177,0.09254828078406145
1,0.7984822934232715,0.07381604081063549
2,0.8482293423271501,0.04879807301935227
3,0.866779089376054,0.024197921676153977
4,0.8903878583473862,0.006607177467133997
5,0.8954468802698144,0.0007392660973616683
