Iteration,Accuracy,Weight Decay
0,0.7121428571428572,0.0014557778611101156
1,0.783,0.00488101713310789
2,0.8242857142857143,5.496180279949966e-05
3,0.8894285714285715,0.0031392568703898257
