Iteration,Accuracy,Weight Decay
0,0.593423019431988,0.0722504203169805
1,0.5555555555555556,0.052563218514838285
2,0.5789735924265073,0.03600096937970277
3,0.5899352267065272,0.02256367291157395
4,0.6382660687593423,0.012251329110451837
5,0.6741405082212257,0.005063937976336426
6,0.7513702042850025,0.0010014995092277146
7,0.7857498754359741,6.401370912570431e-05
