Iteration,Accuracy,Weight Decay
0,0.6652613827993255,0.0003139551541520559
1,0.7335581787521079,0.00019461011748293712
2,0.8178752107925801,7.526508081381837e-05
3,0.8338954468802698,-4.4079955855300356e-05
4,0.8532883642495784,-0.0001634249925244192
5,0.8642495784148398,-0.0002827700291935379
