Iteration,Accuracy,Weight Decay
0,0.6013951170901843,1.2004579773884347e-05
1,0.7199800697558545,7.379556338215884e-05
2,0.7428998505231689,0.0024565345285867454
3,0.7882411559541604,0.0009538070226422323
4,0.776283009466866,8.8359615240051e-05
5,0.7678126557050324,0.005265142428638394
6,0.7912306925759841,0.0005797144857184611
7,0.7942202291978077,1.7806346314496406e-05
