Iteration,Accuracy,Weight Decay
0,0.7097142857142857,0.0715000506746646
1,0.7018571428571428,0.046500095126124755
2,0.677,0.021500139577584912
3,0.7071428571428572,-0.003499815970954903
