Iteration,Accuracy,Weight Decay
0,0.6787142857142857,0.0071340919757048255
1,0.6667142857142857,1.7697434982290845e-06
2,0.6887142857142857,0.00023777479666081832
3,0.6887142857142857,0.001284764685431755
4,0.6887142857142857,0.00277374762232651
5,0.6638571428571428,0.003298654464196375
6,0.6764285714285714,0.00258257950735642
7,0.673,0.001485072748559495
8,0.626,0.0013682422858920349
9,0.6534285714285715,0.0019179102616724
