Iteration,Accuracy,Weight Decay
0,0.7339312406576981,0.08500022719836783
1,0.7608370702541106,0.07250041653034103
2,0.8056801195814649,0.06000060586231423
3,0.8475336322869955,0.047500795194287425
4,0.8674638764324863,0.03500098452626062
5,0.8739412057797707,0.022501173858233817
6,0.8863976083707026,0.010001363190207016
7,0.8749377179870453,-0.0024984474778197846
