Iteration,Accuracy,Weight Decay
0,0.6922428330522765,0.08245960944858459
1,0.857504215851602,0.06591207119253231
2,0.8583473861720068,0.049364532936480035
3,0.872681281618887,0.03281699468042776
4,0.8684654300168634,0.01626945642437548
5,0.8490725126475548,-0.00027808183167679634
