Iteration,Accuracy,Weight Decay
0,0.6105714285714285,0.0715000506746646
1,0.75,0.046500095126124755
2,0.7365714285714285,0.021500139577584912
3,0.7675714285714286,-0.003499815970954903
