Iteration,Accuracy,Weight Decay
0,0.648397976391231,4.815297862032934e-06
1,0.7504215851602024,0.0004982290216050967
2,0.8473861720067454,1.409240098658793e-07
3,0.8566610455311973,0.00013713943858997027
4,0.8650927487352446,2.192787454395522e-07
5,0.887858347386172,1.6297508346206433e-08
