Iteration,Accuracy,Weight Decay
0,0.6944285714285714,0.000696565816869662
1,0.7955714285714286,0.0005895250925161277
2,0.8795714285714286,0.003015673291855922
3,0.906,0.0008456652055668934
