Iteration,Accuracy,Weight Decay
0,0.7115097159940209,0.09706882132280426
1,0.7538614848031888,0.09046519793170772
2,0.7802690582959642,0.07310626521668034
3,0.8131539611360239,0.04378320141530977
4,0.8574987543597409,0.018243790724546134
5,0.8794220229197808,0.006010088662594013
6,0.877927254608869,0.0018001084090777473
7,0.8819133034379671,0.0005235193184478273
