Iteration,Accuracy,Weight Decay
0,0.6922428330522765,0.041773682891187935
1,0.7622259696458684,0.018334280241060232
2,0.8052276559865092,0.008046832567607796
3,0.8170320404721754,0.003531718372347135
4,0.8524451939291737,0.001550055199580515
5,0.8524451939291737,0.0006803122073830045
