Iteration,Accuracy,Weight Decay
0,0.7407142857142858,0.09746673418161543
1,0.823,0.09340111078410944
2,0.817,0.0838891336884537
3,0.8487142857142858,0.06570110725289291
4,0.8541428571428571,0.041338346412298756
5,0.8365714285714285,0.020587178380980863
6,0.8508571428571429,0.00870673956906492
7,0.854,0.0033896881950003137
8,0.852,0.0012744104865876579
9,0.8872857142857142,0.00047274822582090244
