Iteration,Accuracy,Weight Decay
0,0.3457897359242651,0.09706882132280426
1,0.24115595416043847,0.09046519793170772
2,0.23019431988041852,0.07310626521668034
3,0.30194319880418535,0.04378320141530977
4,0.42800199302441455,0.018243790724546134
5,0.5421026407573493,0.006010088662594013
6,0.604384653712008,0.0018001084090777473
7,0.6571998006975586,0.0005235193184478273
