Iteration,Accuracy,Weight Decay
0,0.48,5.99030482063902e-05
1,0.6436781609195402,-5.944198846272857e-05
2,0.7383908045977011,-0.00017878702513184736
3,0.7811494252873563,-0.0002981320618009661
4,0.7742528735632184,-0.0004174770984700848
5,0.7917241379310345,-0.0005368221351392036
6,0.8151724137931035,-0.0006561671718083224
7,0.8303448275862069,-0.0007755122084774412
