Iteration,Accuracy,Weight Decay
0,0.8005714285714286,0.002297389418863703
1,0.9032857142857142,8.389211088232821e-05
2,0.906,3.0634276498817596e-06
3,0.9304285714285714,1.118649759477795e-07
