Iteration,Accuracy,Weight Decay
0,0.688026981450253,0.06801802122791924
1,0.7715008431703204,0.043527664608961875
2,0.8473861720067454,0.02455315407535525
3,0.8701517706576728,0.011094489627099403
4,0.8794266441821248,0.0031516712641943057
5,0.903035413153457,0.0007246989866399735
