Iteration,Accuracy,Weight Decay
0,0.6038571428571429,0.0715000506746646
1,0.5887142857142857,0.046500095126124755
2,0.6008571428571429,0.021500139577584912
3,0.6485714285714286,-0.003499815970954903
