Iteration,Accuracy,Weight Decay
0,0.5301428571428571,0.09746673418161543
1,0.5894285714285714,0.09340111078410944
2,0.7388571428571429,0.0838891336884537
3,0.7898571428571428,0.06570110725289291
4,0.8231428571428572,0.041338346412298756
5,0.7897142857142857,0.020587178380980863
6,0.8495714285714285,0.00870673956906492
7,0.8841428571428571,0.0033896881950003137
8,0.8907142857142857,0.0012744104865876579
9,0.9068571428571428,0.00047274822582090244
