Iteration,Accuracy,Weight Decay
0,0.5595416043846537,0.09455040875321775
1,0.7902341803687095,0.08247266789928005
2,0.8550074738415545,0.06545137301945098
3,0.8769307424015944,0.04607786196076218
4,0.8839063278525162,0.02730157616058396
5,0.8898854010961634,0.011981034924538829
6,0.8953662182361734,0.002448651774762514
7,0.8858993522670653,0.00015564563454001894
