Iteration,Accuracy,Weight Decay
0,0.48,5.99030482063902e-05
1,0.7554022988505747,-5.944198846272857e-05
2,0.7908045977011494,-0.00017878702513184736
3,0.7972413793103448,-0.0002981320618009661
4,0.7935632183908046,-0.0004174770984700848
5,0.8137931034482758,-0.0005368221351392036
6,0.8271264367816092,-0.0006561671718083224
7,0.8303448275862069,-0.0007755122084774412
