Iteration,Accuracy,Weight Decay
0,0.510214250124564,0.0011132320292009123
1,0.6567015445939213,8.382945959153707e-05
2,0.7204783258594918,0.0037320358514820124
3,0.7792725460886896,1.360715875981943e-05
4,0.7942202291978077,0.0003845821440266381
5,0.8036870951669158,0.00028264463511251187
6,0.8226208271051321,0.0037943915222770435
7,0.8241155954160438,0.0019974963765776394
