Iteration,Accuracy,Weight Decay
0,0.6180438448566611,0.000714770463686342
1,0.7462057335581788,0.000714770463686342
2,0.8279932546374368,0.000714770463686342
3,0.857504215851602,0.000714770463686342
4,0.8676222596964587,0.000714770463686342
5,0.9013490725126475,0.000714770463686342
