Iteration,Accuracy,Weight Decay
0,0.7164285714285714,0.05112258690704978
1,0.7278571428571429,0.021622639359772756
2,0.8298571428571428,0.004622669586765671
3,0.8955714285714286,0.0001226775880285013
