Iteration,Accuracy,Weight Decay
0,0.6933333333333334,0.0005119610773923033
1,0.7429885057471264,0.0017728703305351352
2,0.7701149425287356,2.0121417432318186e-05
3,0.7724137931034483,0.002189162369103901
4,0.7967816091954023,4.36526711130944e-05
5,0.8091954022988506,0.00024997212584349334
6,0.8156321839080459,0.002337657394420219
7,0.8275862068965517,0.001074725897984453
