Iteration,Accuracy,Weight Decay
0,0.5421026407573493,0.08500022719836783
1,0.4683607374190334,0.07250041653034103
2,0.528649725959143,0.06000060586231423
3,0.70254110612855,0.047500795194287425
4,0.7169905331340309,0.03500098452626062
5,0.8126557050323866,0.022501173858233817
6,0.8345789735924265,0.010001363190207016
7,0.8146487294469357,-0.0024984474778197846
