Iteration,Accuracy,Weight Decay
0,0.6268061783756851,0.0007924828983539
1,0.7070254110612855,0.00019812203523477496
2,0.7962132536123567,1.7073526474706922e-06
3,0.8061783756851021,0.00043789432981655344
4,0.8161434977578476,0.0008342823480416806
5,0.7787742899850523,6.949760391706498e-06
6,0.8355754857997011,0.0089021508544503
7,0.8176382660687593,0.0006579332246575
