Iteration,Accuracy,Weight Decay
0,0.6892857142857143,0.0033261644067418524
1,0.758,0.0032068193700727343
2,0.8557142857142858,0.0030874743334036153
3,0.8922857142857142,0.0029681292967344963
