Iteration,Accuracy,Weight Decay
0,0.5087194818136522,0.09706882132280426
1,0.5037369207772795,0.09046519793170772
2,0.4833084205281515,0.07310626521668034
3,0.5281514698555058,0.04378320141530977
4,0.5630293971101146,0.018243790724546134
5,0.680119581464873,0.006010088662594013
6,0.7214748380667663,0.0018001084090777473
7,0.7309417040358744,0.0005235193184478273
