Iteration,Accuracy,Weight Decay
0,0.48,0.00011936374645129332
1,0.6896551724137931,0.0038252767087179353
2,0.7572413793103449,0.001482748902152061
3,0.7705747126436782,0.00013412728496751025
4,0.7793103448275862,0.0014067931865636312
5,0.7875862068965517,5.0446785687479626e-05
6,0.8027586206896552,0.004545789704020141
7,0.8091954022988506,0.0030819381528998722
