Iteration,Accuracy,Weight Decay
0,0.6998313659359191,0.06801802122791924
1,0.8187183811129848,0.043527664608961875
2,0.8600337268128162,0.02455315407535525
3,0.8507588532883642,0.011094489627099403
4,0.8836424957841484,0.0031516712641943057
5,0.8128161888701517,0.0007246989866399735
