Iteration,Accuracy,Weight Decay
0,0.7981428571428572,0.0715000506746646
1,0.8781428571428571,0.046500095126124755
2,0.8975714285714286,0.021500139577584912
3,0.9082857142857143,-0.003499815970954903
