Iteration,Accuracy,Weight Decay
0,0.6860986547085202,0.0019651531060601536
1,0.759840558046836,0.0018458080693910348
2,0.7737917289486796,0.0017264630327219162
3,0.8226208271051321,0.0016071179960527975
4,0.85949177877429,0.0014877729593836787
5,0.8639760837070254,0.00136842792271456
6,0.8824115595416044,0.0012490828860454411
7,0.8903836571998007,0.0011297378493763223
