Iteration,Accuracy,Weight Decay
0,0.6442857142857142,0.08956689623880071
1,0.6822857142857143,0.041338346412298756
2,0.812,0.005468299804777157
3,0.8565714285714285,0.00047274822582090244
