Iteration,Accuracy,Weight Decay
0,0.5902192242833052,0.003924372851260202
1,0.6618887015177066,0.0011828182258267175
2,0.7546374367622259,0.00019936961995927868
3,0.781618887015177,0.0031511728739932804
4,0.8077571669477235,0.002953198310102024
5,0.8499156829679595,0.007683860426782647
