Iteration,Accuracy,Weight Decay
0,0.5497470489038786,0.041773682891187935
1,0.7411467116357504,0.018334280241060232
2,0.8591905564924115,0.008046832567607796
3,0.872681281618887,0.003531718372347135
4,0.8676222596964587,0.001550055199580515
5,0.8844856661045531,0.0006803122073830045
