Iteration,Accuracy,Weight Decay
0,0.6691428571428572,0.00021074869569962925
1,0.6475714285714286,0.0013514236380217566
2,0.6071428571428571,0.004988268648546137
3,0.6967142857142857,0.00015172988101932468
