Iteration,Accuracy,Weight Decay
0,0.6264755480607083,0.00031395515415205585
1,0.7251264755480608,0.00019461011748293712
2,0.8296795952782462,7.526508081381834e-05
3,0.8541315345699831,-4.407995585530041e-05
4,0.8794266441821248,-0.00016342499252441916
5,0.8920741989881956,-0.0002827700291935379
