Iteration,Accuracy,Weight Decay
0,0.74,0.0071340919757048255
1,0.7507142857142857,1.7697434982290845e-06
2,0.8115714285714286,0.00023777479666081832
3,0.7968571428571428,0.001284764685431755
4,0.8387142857142857,0.00277374762232651
5,0.842,0.003298654464196375
6,0.8534285714285714,0.00258257950735642
7,0.854,0.001485072748559495
8,0.8677142857142857,0.0013682422858920349
9,0.8634285714285714,0.0019179102616724
