Iteration,Accuracy,Weight Decay
0,0.5142002989536621,0.0722504203169805
1,0.5386148480318884,0.052563218514838285
2,0.5206776283009467,0.03600096937970277
3,0.6033881415047334,0.02256367291157395
4,0.6228201295465869,0.012251329110451837
5,0.6442451420029895,0.005063937976336426
6,0.6985550572994519,0.0010014995092277146
7,0.7259591429995017,6.401370912570431e-05
