Iteration,Accuracy,Weight Decay
0,0.7478824115595416,0.018925488238263552
1,0.8031888390632785,0.0047270079827679235
2,0.8196312904833084,0.0011806619828161344
3,0.8584952665670155,0.00029489324383393244
4,0.8759342301943199,7.365531077021373e-05
5,0.8794220229197808,1.8396843325823638e-05
6,0.8749377179870453,4.594968656242079e-06
7,0.8759342301943199,1.1476825984711098e-06
