Iteration,Accuracy,Weight Decay
0,0.672183908045977,5.99030482063902e-05
1,0.7103448275862069,-5.944198846272857e-05
2,0.7935632183908046,-0.00017878702513184736
3,0.7797701149425287,-0.0002981320618009661
4,0.8142528735632184,-0.0004174770984700848
5,0.7967816091954023,-0.0005368221351392036
6,0.8216091954022988,-0.0006561671718083224
7,0.8119540229885057,-0.0007755122084774412
