Iteration,Accuracy,Weight Decay
0,0.6068759342301944,0.09706882132280426
1,0.802192326856004,0.09046519793170772
2,0.8246138515196811,0.07310626521668034
3,0.8505231689088192,0.04378320141530977
4,0.8913801694070752,0.018243790724546134
5,0.8938714499252616,0.006010088662594013
6,0.9048330842052815,0.0018001084090777473
7,0.9043348281016442,0.0005235193184478273
