Iteration,Accuracy,Weight Decay
0,0.7508719481813653,1.4234836972651416e-05
1,0.8415545590433483,0.00024717382203035926
2,0.8634778276033881,0.0002793754463988184
3,0.8809167912306926,0.00011851156786332504
4,0.8958644743398106,0.00017198813644769026
5,0.9028400597907325,3.507449002352067e-05
6,0.9048330842052815,0.0033121514295947705
7,0.9088191330343797,0.009297133670318255
