Iteration,Accuracy,Weight Decay
0,0.7099494097807757,0.0003139551541520559
1,0.8111298482293423,0.00019461011748293712
2,0.7951096121416527,7.526508081381837e-05
3,0.8271500843170321,-4.4079955855300356e-05
4,0.8608768971332209,-0.0001634249925244192
5,0.8549747048903878,-0.0002827700291935379
