Iteration,Accuracy,Weight Decay
0,0.6228571428571429,0.0071340919757048255
1,0.6364285714285715,1.7697434982290845e-06
2,0.6351428571428571,0.00023777479666081832
3,0.6342857142857142,0.001284764685431755
4,0.606,0.00277374762232651
5,0.6061428571428571,0.003298654464196375
6,0.6475714285714286,0.00258257950735642
7,0.6547142857142857,0.001485072748559495
8,0.6498571428571429,0.0013682422858920349
9,0.678,0.0019179102616724
