Iteration,Accuracy,Weight Decay
0,0.7194285714285714,0.0715000506746646
1,0.7575714285714286,0.046500095126124755
2,0.7751428571428571,0.021500139577584912
3,0.8455714285714285,-0.003499815970954903
