Iteration,Accuracy,Weight Decay
0,0.7402298850574712,0.0023687319774869623
1,0.7645977011494253,0.00025029858458814307
2,0.784367816091954,0.0008131739083305414
3,0.7917241379310345,0.001340206195363203
4,0.8004597701149425,0.0005680781647252561
5,0.7972413793103448,1.4708607717940128e-05
6,0.8096551724137931,0.0001739135480846692
7,0.7494252873563219,0.0003229388707901116
