Iteration,Accuracy,Weight Decay
0,0.7472857142857143,0.0007867465083195293
1,0.802,1.2495160852401577e-05
2,0.8691428571428571,0.0001221589865552579
3,0.8758571428571429,1.546147466809106e-05
4,0.889,4.139477587265875e-05
5,0.9074285714285715,1.745975626251733e-05
6,0.9165714285714286,1.549730250911046e-05
7,0.9182857142857143,0.008021543186047414
8,0.8895714285714286,0.0008788881176934289
9,0.9294285714285714,1.0792106873997886e-05
