Iteration,Accuracy,Weight Decay
0,0.6871838111298483,0.08245960944858459
1,0.7833052276559865,0.06591207119253231
2,0.836424957841484,0.049364532936480035
3,0.8735244519392917,0.03281699468042776
4,0.9013490725126475,0.01626945642437548
5,0.8929173693086003,-0.00027808183167679634
