Iteration,Accuracy,Weight Decay
0,0.808,0.0071340919757048255
1,0.7975714285714286,1.7697434982290845e-06
2,0.8228571428571428,0.00023777479666081832
3,0.8535714285714285,0.001284764685431755
4,0.8635714285714285,0.00277374762232651
5,0.8512857142857143,0.003298654464196375
6,0.8895714285714286,0.00258257950735642
7,0.8782857142857143,0.001485072748559495
8,0.8657142857142858,0.0013682422858920349
9,0.9034285714285715,0.0019179102616724
