Iteration,Accuracy,Weight Decay
0,0.7000498256103638,0.0007924828983539
1,0.7284504235176881,0.00019812203523477496
2,0.7538614848031888,1.7073526474706922e-06
3,0.770802192326856,0.00043789432981655344
4,0.7737917289486796,0.0008342823480416806
5,0.7867463876432487,6.949760391706498e-06
6,0.8006975585450922,0.0089021508544503
7,0.8216243148978575,0.0006579332246575
