Iteration,Accuracy,Weight Decay
0,0.7596964586846543,0.09254828078406145
1,0.8043844856661045,0.07381604081063549
2,0.8811129848229342,0.04879807301935227
3,0.8920741989881956,0.024197921676153977
4,0.9080944350758853,0.006607177467133997
5,0.9139966273187183,0.0007392660973616683
