Iteration,Accuracy,Weight Decay
0,0.6467364225211759,3.971639990468331e-05
1,0.8629795714997509,0.001328116786546163
2,0.874439461883408,0.00030706822139334026
3,0.8849028400597907,0.009794921583907759
4,0.9013452914798207,0.0014541637168738607
5,0.8958644743398106,0.0063776460791925916
6,0.9063278525161933,1.5814405661452544e-05
7,0.9048330842052815,0.00012096980797804254
