Iteration,Accuracy,Weight Decay
0,0.5655206776283009,0.09455040875321775
1,0.547085201793722,0.08247266789928005
2,0.5490782262082711,0.06545137301945098
3,0.6287992027902342,0.04607786196076218
4,0.8036870951669158,0.02730157616058396
5,0.8589935226706528,0.011981034924538829
6,0.8709516691579472,0.002448651774762514
7,0.8794220229197808,0.00015564563454001894
