Iteration,Accuracy,Weight Decay
0,0.6093672147483806,0.0006339292701291583
1,0.2571001494768311,0.003121988698989649
2,0.5809666168410563,1.2721291197975705e-05
3,0.6068759342301944,1.3280005908149895e-05
4,0.604384653712008,5.5474879415231105e-05
5,0.5939212755356253,0.00039341839219975166
6,0.6163428001993024,0.00010789365416034497
7,0.7040358744394619,0.0001965327384419911
