Iteration,Accuracy,Weight Decay
0,0.7941428571428572,0.016739508918050823
1,0.8662857142857143,0.004453867730520001
2,0.862,0.0011850370197883447
3,0.8937142857142857,0.0003153018507141175
4,0.9191428571428572,8.389211088232821e-05
5,0.922,2.2321106750096656e-05
6,0.922,5.938958995179634e-06
7,0.9232857142857143,1.5801740631105742e-06
8,0.9287142857142857,4.204356473506604e-07
9,0.9322857142857143,1.118649759477795e-07
