Iteration,Accuracy,Weight Decay
0,0.5691399662731872,0.09254828078406145
1,0.7377740303541316,0.07381604081063549
2,0.811973018549747,0.04879807301935227
3,0.842327150084317,0.024197921676153977
4,0.863406408094435,0.006607177467133997
5,0.9005059021922428,0.0007392660973616683
