Iteration,Accuracy,Weight Decay
0,0.8061783756851021,0.0007924828983539
1,0.8460388639760837,0.00019812203523477496
2,0.8664673642252118,1.7073526474706922e-06
3,0.8754359740906826,0.00043789432981655344
4,0.8873941205779771,0.0008342823480416806
5,0.8968609865470852,6.949760391706498e-06
6,0.8993522670652716,0.0089021508544503
7,0.9008470353761834,0.0006579332246575
