Iteration,Accuracy,Weight Decay
0,0.6507142857142857,0.09557017170827971
1,0.703,0.08698157789648651
2,0.7341428571428571,0.07477297827681818
3,0.731,0.06013943564236318
4,0.7408571428571429,0.04451338310406878
5,0.7345714285714285,0.029424407557493124
6,0.7438571428571429,0.01634952306020954
7,0.733,0.006568590404889097
8,0.7284285714285714,0.0010390354275995517
9,0.716,0.0003021294961929753
