Iteration,Accuracy,Weight Decay
0,0.7488571428571429,0.006291454769471486
1,0.8481428571428572,2.8374488465417436e-05
2,0.8781428571428571,0.00015299228500370815
3,0.8868571428571429,0.0005178417856599356
