Iteration,Accuracy,Weight Decay
0,0.5705032386646737,0.004988177215317657
1,0.7812655705032386,0.003410229295522658
2,0.7668161434977578,1.3533559634285213e-05
3,0.7842551071250623,0.002445703107032755
4,0.8480318883906328,0.0014429138111488285
5,0.8769307424015944,0.00013898223843462172
6,0.8858993522670653,0.0005890354624627305
7,0.8953662182361734,2.7815876211708807e-05
