Iteration,Accuracy,Weight Decay
0,0.7284991568296796,0.09623406949124648
1,0.8136593591905565,0.08285422480701589
2,0.8701517706576728,0.047877320869366004
3,0.8844856661045531,0.015206179604296877
4,0.8853288364249579,0.003819399833108084
5,0.8903878583473862,0.0013164192457227669
