Iteration,Accuracy,Weight Decay
0,0.7299451918285998,0.0722504203169805
1,0.8201295465869457,0.052563218514838285
2,0.8510214250124564,0.03600096937970277
3,0.872446437468859,0.02256367291157395
4,0.8824115595416044,0.012251329110451837
5,0.8898854010961634,0.005063937976336426
6,0.8928749377179871,0.0010014995092277146
7,0.8968609865470852,6.401370912570431e-05
