Iteration,Accuracy,Weight Decay
0,0.7225969645868465,0.08245960944858459
1,0.8288364249578415,0.06591207119253231
2,0.8549747048903878,0.049364532936480035
3,0.8693086003372681,0.03281699468042776
4,0.887858347386172,0.01626945642437548
5,0.8903878583473862,-0.00027808183167679634
