Iteration,Accuracy,Weight Decay
0,0.8604285714285714,0.0033261644067418524
1,0.881,0.0032068193700727343
2,0.904,0.0030874743334036153
3,0.9167142857142857,0.0029681292967344963
