Iteration,Accuracy,Weight Decay
0,0.5661428571428572,0.08126216613380753
1,0.6895714285714286,0.04451338310406878
2,0.6765714285714286,0.010978637918546164
3,0.8171428571428572,0.0003021294961929753
