Iteration,Accuracy,Weight Decay
0,0.7822620827105132,0.00019421042926609993
1,0.8216243148978575,0.000612236779043603
2,0.85401096163428,3.260494624589651e-05
3,0.866965620328849,0.00024571094810423396
4,0.8868958644743398,0.0026593343669906633
5,0.874439461883408,0.001754895089534876
6,0.8923766816143498,2.6097500257863194e-05
7,0.8993522670652716,0.0026946353933694927
