Iteration,Accuracy,Weight Decay
0,0.7592857142857142,0.08126216613380753
1,0.846,0.04451338310406878
2,0.8915714285714286,0.010978637918546164
3,0.9157142857142857,0.0003021294961929753
