Iteration,Accuracy,Weight Decay
0,0.5682857142857143,0.08650002400378849
1,0.5871428571428572,0.07650004178437256
2,0.6037142857142858,0.06650005956495662
3,0.6272857142857143,0.05650007734554069
4,0.547,0.046500095126124755
5,0.6825714285714286,0.03650011290670882
6,0.7585714285714286,0.026500130687292886
7,0.7437142857142857,0.01650014846787695
8,0.8171428571428572,0.006500166248461017
9,0.8301428571428572,-0.003499815970954903
