Iteration,Accuracy,Weight Decay
0,0.6935714285714286,0.09557017170827971
1,0.6902857142857143,0.08698157789648651
2,0.8025714285714286,0.07477297827681818
3,0.8248571428571428,0.06013943564236318
4,0.846,0.04451338310406878
5,0.8698571428571429,0.029424407557493124
6,0.8838571428571429,0.01634952306020954
7,0.8895714285714286,0.006568590404889097
8,0.8922857142857142,0.0010390354275995517
9,0.8948571428571429,0.0003021294961929753
