Iteration,Accuracy,Weight Decay
0,0.798,0.002297389418863703
1,0.896,8.389211088232821e-05
2,0.9177142857142857,3.0634276498817596e-06
3,0.9332857142857143,1.118649759477795e-07
