Iteration,Accuracy,Weight Decay
0,0.7538571428571429,0.07482254476706554
1,0.848,0.05852257374941756
2,0.8435714285714285,0.04422259917565277
3,0.8917142857142857,0.03192262104577116
4,0.8824285714285715,0.021622639359772756
5,0.8884285714285715,0.013322654117657533
6,0.8904285714285715,0.007022665319425497
7,0.8867142857142857,0.0027226729650766464
8,0.8931428571428571,0.00042267705461097914
9,0.9017142857142857,0.0001226775880285013
