Iteration,Accuracy,Weight Decay
0,0.5650224215246636,0.001881436765675491
1,0.807673143996014,1.1534153636186372e-05
2,0.8370702541106129,1.5295897880698887e-05
3,0.8440458395615347,0.006860937630131543
4,0.8550074738415545,0.00018976105538516405
5,0.8639760837070254,3.91525637512186e-05
6,0.8634778276033881,2.5667004348536762e-05
7,0.8570004982561036,2.0159166608858045e-05
