Iteration,Accuracy,Weight Decay
0,0.5500747384155455,0.006937209286582187
1,0.4354758345789736,0.0003986041202615267
2,0.5176880916791231,0.0024192653142527066
3,0.46088689586447434,0.001348083756271319
4,0.5097159940209267,0.00013118185427423137
5,0.49975087194818135,1.0442340389900012e-05
6,0.5864474339810662,0.0014802818700434164
7,0.6890881913303438,2.3000893503273038e-05
