Iteration,Accuracy,Weight Decay
0,0.554559043348281,0.0007924828983539
1,0.5411061285500748,0.00019812203523477496
2,0.5411061285500748,1.7073526474706922e-06
3,0.5430991529646239,0.00043789432981655344
4,0.5754857997010463,0.0008342823480416806
5,0.5904334828101644,6.949760391706498e-06
6,0.6557050323866468,0.0089021508544503
7,0.796711509715994,0.0006579332246575
