Iteration,Accuracy,Weight Decay
0,0.6632857142857143,0.08650002400378849
1,0.6765714285714286,0.07650004178437256
2,0.6751428571428572,0.06650005956495662
3,0.7181428571428572,0.05650007734554069
4,0.6815714285714286,0.046500095126124755
5,0.7007142857142857,0.03650011290670882
6,0.7367142857142858,0.026500130687292886
7,0.7614285714285715,0.01650014846787695
8,0.7858571428571428,0.006500166248461017
9,0.7934285714285715,-0.003499815970954903
