Iteration,Accuracy,Weight Decay
0,0.6933333333333334,2.4313285004204436e-08
1,0.7466666666666667,1.7640969257885612e-07
2,0.7733333333333333,3.199267137797384e-07
3,0.8022988505747126,3.96396275506239e-05
4,0.8147126436781609,0.0005580305251442092
5,0.8262068965517242,1.5487250883917444e-05
6,0.8202298850574713,6.0274239009094145e-05
7,0.8326436781609196,1.3530477745798077e-08
