Iteration,Accuracy,Weight Decay
0,0.7797708021923269,0.00017063789549171064
1,0.8300946686596911,0.0021286310257621946
2,0.8555057299451918,0.0015022312457674577
3,0.8804185351270553,0.0001095776539204678
4,0.8839063278525162,0.004237592127272421
5,0.8968609865470852,0.003940948672936219
6,0.8938714499252616,7.854681299233254e-05
7,0.8948679621325362,0.000849267001694725
