Iteration,Accuracy,Weight Decay
0,0.730185497470489,0.09623406949124648
1,0.781618887015177,0.08285422480701589
2,0.8532883642495784,0.047877320869366004
3,0.8625632377740303,0.015206179604296877
4,0.8718381112984823,0.003819399833108084
5,0.8718381112984823,0.0013164192457227669
