Iteration,Accuracy,Weight Decay
0,0.654300168634064,0.09623406949124648
1,0.7419898819561551,0.08285422480701589
2,0.8086003372681282,0.047877320869366004
3,0.8532883642495784,0.015206179604296877
4,0.8482293423271501,0.003819399833108084
5,0.8178752107925801,0.0013164192457227669
