Iteration,Accuracy,Weight Decay
0,0.7234401349072512,3.693712658816487e-05
1,0.7563237774030354,0.0010314659942029627
2,0.8102866779089376,0.0002599141190440459
3,0.842327150084317,0.00012885314354555834
4,0.8709949409780776,0.004655050319765205
5,0.8777403035413154,0.0004808661940402287
