Iteration,Accuracy,Weight Decay
0,0.7504215851602024,0.041773682891187935
1,0.7596964586846543,0.018334280241060232
2,0.7967959527824621,0.008046832567607796
3,0.8246205733558178,0.003531718372347135
4,0.8414839797639123,0.001550055199580515
5,0.8482293423271501,0.0006803122073830045
