Iteration,Accuracy,Weight Decay
0,0.7872446437468859,0.018925488238263552
1,0.8395615346287992,0.0047270079827679235
2,0.8764324862979571,0.0011806619828161344
3,0.8759342301943199,0.00029489324383393244
4,0.8943697060288989,7.365531077021373e-05
5,0.898355754857997,1.8396843325823638e-05
6,0.8913801694070752,4.594968656242079e-06
7,0.8948679621325362,1.1476825984711098e-06
