Iteration,Accuracy,Weight Decay
0,0.4569008470353762,0.09706882132280426
1,0.36123567513702043,0.09046519793170772
2,0.4808171400099651,0.07310626521668034
3,0.49177877428998507,0.04378320141530977
4,0.528649725959143,0.018243790724546134
5,0.6621823617339312,0.006010088662594013
6,0.6985550572994519,0.0018001084090777473
7,0.7658196312904834,0.0005235193184478273
