Iteration,Accuracy,Weight Decay
0,0.5017438963627304,0.0032081926470429846
1,0.7648231190832088,0.0005982412349410434
2,0.8046836073741903,0.005109733500303857
3,0.7982062780269058,0.009791613591258644
4,0.8146487294469357,0.000512809616034023
5,0.8196312904833084,0.0015891366939209466
6,0.820627802690583,0.0005203436467653896
7,0.8271051320378675,1.662582925761654e-05
