Iteration,Accuracy,Weight Decay
0,0.859,0.08956689623880071
1,0.8754285714285714,0.041338346412298756
2,0.899,0.005468299804777157
3,0.915,0.00047274822582090244
