Iteration,Accuracy,Weight Decay
0,0.48,2.4313285004204436e-08
1,0.7673563218390804,1.7640969257885612e-07
2,0.8179310344827586,3.199267137797384e-07
3,0.8183908045977012,3.96396275506239e-05
4,0.8229885057471265,0.0005580305251442092
5,0.8326436781609196,1.5487250883917444e-05
6,0.8395402298850575,6.0274239009094145e-05
7,0.8358620689655173,1.3530477745798077e-08
