Iteration,Accuracy,Weight Decay
0,0.8472857142857143,0.002297389418863703
1,0.8921428571428571,8.389211088232821e-05
2,0.9205714285714286,3.0634276498817596e-06
3,0.9274285714285714,1.118649759477795e-07
