Iteration,Accuracy,Weight Decay
0,0.7371428571428571,0.002297389418863703
1,0.7808571428571428,8.389211088232821e-05
2,0.8307142857142857,3.0634276498817596e-06
3,0.8675714285714285,1.118649759477795e-07
