Iteration,Accuracy,Weight Decay
0,0.44985714285714284,0.08650002400378849
1,0.6858571428571428,0.07650004178437256
2,0.1802857142857143,0.06650005956495662
3,0.7261428571428571,0.05650007734554069
4,0.7201428571428572,0.046500095126124755
5,0.739,0.03650011290670882
6,0.7175714285714285,0.026500130687292886
7,0.7334285714285714,0.01650014846787695
8,0.7981428571428572,0.006500166248461017
9,0.8217142857142857,-0.003499815970954903
