Iteration,Accuracy,Weight Decay
0,0.6093672147483806,0.0007924828983539
1,0.7573492775286498,0.00019812203523477496
2,0.7339312406576981,1.7073526474706922e-06
3,0.7463876432486298,0.00043789432981655344
4,0.7414050822122571,0.0008342823480416806
5,0.8231190832087693,6.949760391706498e-06
6,0.84853014449427,0.0089021508544503
7,0.8106626806178375,0.0006579332246575
