Iteration,Accuracy,Weight Decay
0,0.6367142857142857,0.09557017170827971
1,0.7361428571428571,0.08698157789648651
2,0.7905714285714286,0.07477297827681818
3,0.8088571428571428,0.06013943564236318
4,0.8178571428571428,0.04451338310406878
5,0.8714285714285714,0.029424407557493124
6,0.8954285714285715,0.01634952306020954
7,0.9054285714285715,0.006568590404889097
8,0.916,0.0010390354275995517
9,0.9237142857142857,0.0003021294961929753
