Iteration,Accuracy,Weight Decay
0,0.36771300448430494,0.08500022719836783
1,0.3632286995515695,0.07250041653034103
2,0.38913801694070754,0.06000060586231423
3,0.4434479322371699,0.047500795194287425
4,0.4474339810662681,0.03500098452626062
5,0.4803188839063279,0.022501173858233817
6,0.5256601893373194,0.010001363190207016
7,0.7289486796213254,-0.0024984474778197846
