Iteration,Accuracy,Weight Decay
0,0.7521079258010118,0.09254828078406145
1,0.8145025295109612,0.07381604081063549
2,0.857504215851602,0.04879807301935227
3,0.872681281618887,0.024197921676153977
4,0.8853288364249579,0.006607177467133997
5,0.9072512647554806,0.0007392660973616683
