Iteration,Accuracy,Weight Decay
0,0.7982062780269058,0.0019651531060601536
1,0.8131539611360239,0.0018458080693910348
2,0.84853014449427,0.0017264630327219162
3,0.8584952665670155,0.0016071179960527975
4,0.874439461883408,0.0014877729593836787
5,0.8769307424015944,0.00136842792271456
6,0.8789237668161435,0.0012490828860454411
7,0.8809167912306926,0.0011297378493763223
