Iteration,Accuracy,Weight Decay
0,0.6942857142857143,0.006604938986996516
1,0.816,0.0019718705577811834
2,0.8655714285714285,0.00278403188202253
3,0.9021428571428571,0.0016815882136671245
