Iteration,Accuracy,Weight Decay
0,0.7688091679123069,0.0003585151517884155
1,0.833582461385152,0.0007672826979685477
2,0.8704534130543099,6.197279166354443e-05
3,0.8849028400597907,0.003971867968519772
4,0.8948679621325362,0.0007671890505140322
5,0.8978574987543597,0.00018211586733340142
6,0.9048330842052815,0.00044425414566248044
7,0.9023418036870952,3.322615500508335e-05
