Iteration,Accuracy,Weight Decay
0,0.71350274040857,0.09706882132280426
1,0.7618335824613851,0.09046519793170772
2,0.7722969606377678,0.07310626521668034
3,0.8320876930742401,0.04378320141530977
4,0.8565022421524664,0.018243790724546134
5,0.8689586447433981,0.006010088662594013
6,0.8704534130543099,0.0018001084090777473
7,0.8684603886397608,0.0005235193184478273
