Iteration,Accuracy,Weight Decay
0,0.8445714285714285,4.437519040981436e-05
1,0.8227142857142857,5.8805028871871355e-05
2,0.8984285714285715,0.0023948167804481203
3,0.9177142857142857,0.0006698015825077126
