Iteration,Accuracy,Weight Decay
0,0.7577142857142857,0.00013231515817070032
1,0.8538571428571429,0.004290438782683609
2,0.31457142857142856,7.786194452915884e-05
3,0.8871428571428571,1.8337290675348548e-05
4,0.8861428571428571,0.0002798160281757094
5,0.8958571428571429,1.4467483167124683e-05
6,0.912,0.0005581562266957236
7,0.9092857142857143,0.00494963067942182
8,0.9224285714285714,0.00019371288342291123
9,0.9235714285714286,0.00022054829948380358
