Iteration,Accuracy,Weight Decay
0,0.7673143996013951,0.018925488238263552
1,0.8121574489287494,0.0047270079827679235
2,0.8241155954160438,0.0011806619828161344
3,0.8375685102142502,0.00029489324383393244
4,0.8769307424015944,7.365531077021373e-05
5,0.8799202790234181,1.8396843325823638e-05
6,0.8784255107125062,4.594968656242079e-06
7,0.8799202790234181,1.1476825984711098e-06
