Iteration,Accuracy,Weight Decay
0,0.48,5.99030482063902e-05
1,0.52,-5.944198846272858e-05
2,0.52,-0.00017878702513184734
3,0.7673563218390804,-0.0002981320618009661
4,0.8142528735632184,-0.00041747709847008487
5,0.8275862068965517,-0.0005368221351392036
6,0.8514942528735632,-0.0006561671718083224
7,0.8620689655172413,-0.0007755122084774412
