Iteration,Accuracy,Weight Decay
0,0.7648231190832088,0.018925488238263552
1,0.852017937219731,0.0047270079827679235
2,0.8644743398106627,0.0011806619828161344
3,0.885401096163428,0.00029489324383393244
4,0.8819133034379671,7.365531077021373e-05
5,0.8893871449925261,1.8396843325823638e-05
6,0.8878923766816144,4.594968656242079e-06
7,0.8923766816143498,1.1476825984711098e-06
