Iteration,Accuracy,Weight Decay
0,0.6987142857142857,7.851692986839849e-05
1,0.8028571428571428,1.3352670983907694e-05
2,0.8507142857142858,0.0063653406311743104
3,0.893,1.830220847246431e-05
