Iteration,Accuracy,Weight Decay
0,0.6306913996627319,0.041773682891187935
1,0.7934232715008431,0.018334280241060232
2,0.863406408094435,0.008046832567607796
3,0.8962900505902193,0.003531718372347135
4,0.9005059021922428,0.001550055199580515
5,0.8853288364249579,0.0006803122073830045
