Iteration,Accuracy,Weight Decay
0,0.777,0.002297389418863703
1,0.7955714285714286,8.389211088232821e-05
2,0.8692857142857143,3.0634276498817596e-06
3,0.8922857142857142,1.118649759477795e-07
