Iteration,Accuracy,Weight Decay
0,0.8115714285714286,2.869377067127777e-06
1,0.8792857142857143,0.00277374762232651
2,0.9121428571428571,0.00190932807667502
3,0.92,0.0019179102616724
