Iteration,Accuracy,Weight Decay
0,0.7141652613827993,0.09623406949124648
1,0.6669477234401349,0.08285422480701589
2,0.7883642495784149,0.047877320869366004
3,0.8355817875210793,0.015206179604296877
4,0.8372681281618887,0.003819399833108084
5,0.851602023608769,0.0013164192457227669
