Iteration,Accuracy,Weight Decay
0,0.7177142857142857,0.0715000506746646
1,0.7867142857142857,0.046500095126124755
2,0.8784285714285714,0.021500139577584912
3,0.9088571428571428,-0.003499815970954903
