Iteration,Accuracy,Weight Decay
0,0.6795952782462057,2.726161572491677e-05
1,0.7428330522765598,0.0004780481952859914
2,0.8389544688026982,2.4897141892391177e-05
3,0.851602023608769,0.00044227155502045044
4,0.8558178752107926,0.00012655590758227424
5,0.8844856661045531,0.0005460600397261976
