Iteration,Accuracy,Weight Decay
0,0.79,0.0033977714287433238
1,0.8882857142857142,0.003350033414075676
2,0.895,0.0033022953994080286
3,0.9097142857142857,0.003254557384740381
4,0.9101428571428571,0.0032068193700727343
5,0.9135714285714286,0.0031590813554050867
6,0.9235714285714286,0.003111343340737439
7,0.9271428571428572,0.0030636053260697915
8,0.9261428571428572,0.003015867311402144
9,0.9171428571428571,0.0029681292967344963
