Iteration,Accuracy,Weight Decay
0,0.6744285714285714,0.08956689623880071
1,0.8114285714285714,0.041338346412298756
2,0.8668571428571429,0.005468299804777157
3,0.8892857142857142,0.00047274822582090244
