Iteration,Accuracy,Weight Decay
0,0.6500843170320405,0.00022894493895965175
1,0.7613827993254637,0.00032079963221311804
2,0.8322091062394603,0.005023893956272601
3,0.857504215851602,0.001259185636118304
4,0.8693086003372681,0.0001373387231517191
5,0.8870151770657673,0.0021044921073308446
