Iteration,Accuracy,Weight Decay
0,0.7171428571428572,0.07482254476706554
1,0.8422857142857143,0.05852257374941756
2,0.8865714285714286,0.04422259917565277
3,0.7945714285714286,0.03192262104577116
4,0.8921428571428571,0.021622639359772756
5,0.9014285714285715,0.013322654117657533
6,0.9017142857142857,0.007022665319425497
7,0.9057142857142857,0.0027226729650766464
8,0.9234285714285714,0.00042267705461097914
9,0.9207142857142857,0.0001226775880285013
