Iteration,Accuracy,Weight Decay
0,0.6327852516193323,0.08500022719836783
1,0.7349277528649726,0.07250041653034103
2,0.8201295465869457,0.06000060586231423
3,0.861484803188839,0.047500795194287425
4,0.8719481813652217,0.03500098452626062
5,0.8918784255107125,0.022501173858233817
6,0.8963627304434479,0.010001363190207016
7,0.8689586447433981,-0.0024984474778197846
