Iteration,Accuracy,Weight Decay
0,0.46985550572994517,0.0019651531060601536
1,0.5844544095665172,0.0018458080693910348
2,0.6093672147483806,0.0017264630327219162
3,0.611858495266567,0.0016071179960527975
4,0.7384155455904334,0.0014877729593836787
5,0.7553562531141006,0.00136842792271456
6,0.8141504733432985,0.0012490828860454411
7,0.8295964125560538,0.0011297378493763223
