Iteration,Accuracy,Weight Decay
0,0.7034482758620689,5.99030482063902e-05
1,0.7508045977011494,-5.944198846272858e-05
2,0.776551724137931,-0.00017878702513184734
3,0.7981609195402298,-0.0002981320618009661
4,0.8091954022988506,-0.00041747709847008487
5,0.8151724137931035,-0.0005368221351392036
6,0.8151724137931035,-0.0006561671718083224
7,0.8239080459770115,-0.0007755122084774412
