Iteration,Accuracy,Weight Decay
0,0.383,0.0715000506746646
1,0.5422857142857143,0.046500095126124755
2,0.43057142857142855,0.021500139577584912
3,0.7852857142857143,-0.003499815970954903
