Iteration,Accuracy,Weight Decay
0,0.7234678624813154,0.08500022719836783
1,0.7777777777777778,0.07250041653034103
2,0.8126557050323866,0.06000060586231423
3,0.8320876930742401,0.047500795194287425
4,0.8355754857997011,0.03500098452626062
5,0.8380667663178873,0.022501173858233817
6,0.8649725959143,0.010001363190207016
7,0.8355754857997011,-0.0024984474778197846
