Iteration,Accuracy,Weight Decay
0,0.8121428571428572,2.869377067127777e-06
1,0.8525714285714285,0.00277374762232651
2,0.8547142857142858,0.00190932807667502
3,0.866,0.0019179102616724
