Iteration,Accuracy,Weight Decay
0,0.7438963627304435,0.018925488238263552
1,0.8465371200797209,0.0047270079827679235
2,0.841056302939711,0.0011806619828161344
3,0.8769307424015944,0.00029489324383393244
4,0.8809167912306926,7.365531077021373e-05
5,0.8814150473343298,1.8396843325823638e-05
6,0.8844045839561535,4.594968656242079e-06
7,0.890881913303438,1.1476825984711098e-06
