Iteration,Accuracy,Weight Decay
0,0.7854285714285715,4.794418621441083e-05
1,0.8864285714285715,0.00022685095685059028
2,0.9037142857142857,0.000738801428059671
3,0.9225714285714286,0.00433837872772409
