Iteration,Accuracy,Weight Decay
0,0.45590433482810166,0.0007924828983539
1,0.46736422521175885,0.00019812203523477496
2,0.5296462381664175,1.7073526474706922e-06
3,0.5181863477827603,0.00043789432981655344
4,0.5082212257100149,0.0008342823480416806
5,0.5301444942700548,6.949760391706498e-06
6,0.6721474838066767,0.0089021508544503
7,0.7409068261086198,0.0006579332246575
