Iteration,Accuracy,Weight Decay
0,0.7938571428571428,2.869377067127777e-06
1,0.889,0.00277374762232651
2,0.8964285714285715,0.00190932807667502
3,0.9074285714285715,0.0019179102616724
