Iteration,Accuracy,Weight Decay
0,0.23368211260587943,0.09706882132280426
1,0.3507722969606378,0.09046519793170772
2,0.3502740408570005,0.07310626521668034
3,0.2969606377678127,0.04378320141530977
4,0.4369706028898854,0.018243790724546134
5,0.5904334828101644,0.006010088662594013
6,0.674638764324863,0.0018001084090777473
7,0.7244643746885899,0.0005235193184478273
