Iteration,Accuracy,Weight Decay
0,0.8078571428571428,0.0715000506746646
1,0.8661428571428571,0.046500095126124755
2,0.8875714285714286,0.021500139577584912
3,0.9107142857142857,-0.003499815970954903
