Iteration,Accuracy,Weight Decay
0,0.7364225211758844,0.0019651531060601536
1,0.8156452416542103,0.0018458080693910348
2,0.8246138515196811,0.0017264630327219162
3,0.8405580468360737,0.0016071179960527975
4,0.852017937219731,0.0014877729593836787
5,0.8565022421524664,0.00136842792271456
6,0.8634778276033881,0.0012490828860454411
7,0.8689586447433981,0.0011297378493763223
