Iteration,Accuracy,Weight Decay
0,0.7631428571428571,0.09557017170827971
1,0.8295714285714286,0.08698157789648651
2,0.8577142857142858,0.07477297827681818
3,0.784,0.06013943564236318
4,0.8875714285714286,0.04451338310406878
5,0.8985714285714286,0.029424407557493124
6,0.8982857142857142,0.01634952306020954
7,0.9004285714285715,0.006568590404889097
8,0.9141428571428571,0.0010390354275995517
9,0.9227142857142857,0.0003021294961929753
