Iteration,Accuracy,Weight Decay
0,0.6997142857142857,0.08650002400378849
1,0.8211428571428572,0.07650004178437256
2,0.8581428571428571,0.06650005956495662
3,0.8835714285714286,0.05650007734554069
4,0.8944285714285715,0.046500095126124755
5,0.8994285714285715,0.03650011290670882
6,0.9084285714285715,0.026500130687292886
7,0.8888571428571429,0.01650014846787695
8,0.9188571428571428,0.006500166248461017
9,0.9204285714285714,-0.003499815970954903
