Iteration,Accuracy,Weight Decay
0,0.5822857142857143,2.869377067127777e-06
1,0.6551428571428571,0.00277374762232651
2,0.6055714285714285,0.00190932807667502
3,0.6602857142857143,0.0019179102616724
