Iteration,Accuracy,Weight Decay
0,0.7453625632377741,0.06801802122791924
1,0.8220910623946037,0.043527664608961875
2,0.8549747048903878,0.02455315407535525
3,0.8709949409780776,0.011094489627099403
4,0.8524451939291737,0.0031516712641943057
5,0.8988195615514334,0.0007246989866399735
