Iteration,Accuracy,Weight Decay
0,0.8221428571428572,0.05112258690704978
1,0.8574285714285714,0.021622639359772756
2,0.9061428571428571,0.004622669586765671
3,0.922,0.0001226775880285013
