Iteration,Accuracy,Weight Decay
0,0.6028571428571429,0.0033977714287433238
1,0.6327142857142857,0.003350033414075676
2,0.7024285714285714,0.0033022953994080286
3,0.7825714285714286,0.003254557384740381
4,0.7974285714285714,0.0032068193700727343
5,0.7717142857142857,0.0031590813554050867
6,0.8241428571428572,0.003111343340737439
7,0.8145714285714286,0.0030636053260697915
8,0.856,0.003015867311402144
9,0.8341428571428572,0.0029681292967344963
