Iteration,Accuracy,Weight Decay
0,0.5702857142857143,0.08956689623880071
1,0.6368571428571429,0.041338346412298756
2,0.742,0.005468299804777157
3,0.8721428571428571,0.00047274822582090244
