Iteration,Accuracy,Weight Decay
0,0.5662857142857143,0.09746673418161543
1,0.5982857142857143,0.09340111078410944
2,0.661,0.0838891336884537
3,0.7391428571428571,0.06570110725289291
4,0.844,0.041338346412298756
5,0.8335714285714285,0.020587178380980863
6,0.8557142857142858,0.00870673956906492
7,0.8772857142857143,0.0033896881950003137
8,0.8907142857142857,0.0012744104865876579
9,0.9121428571428571,0.00047274822582090244
