Iteration,Accuracy,Weight Decay
0,0.526896551724138,0.00472504635005909
1,0.7788505747126436,0.00175985376088717
2,0.7871264367816092,4.392996889919782e-05
3,0.7995402298850575,3.1149160640739015e-05
4,0.7944827586206896,6.146127027010165e-05
5,0.7613793103448275,0.004407212355157022
6,0.8009195402298851,0.000154354693180995
7,0.8110344827586207,0.00011037085885689694
