Iteration,Accuracy,Weight Decay
0,0.8177142857142857,0.002297389418863703
1,0.8007142857142857,8.389211088232821e-05
2,0.7738571428571429,3.0634276498817596e-06
3,0.782,1.118649759477795e-07
