Iteration,Accuracy,Weight Decay
0,0.7538571428571429,0.0033977714287433238
1,0.8227142857142857,0.003350033414075676
2,0.7767142857142857,0.0033022953994080286
3,0.8942857142857142,0.003254557384740381
4,0.9032857142857142,0.0032068193700727343
5,0.9158571428571428,0.0031590813554050867
6,0.9191428571428572,0.003111343340737439
7,0.9277142857142857,0.0030636053260697915
8,0.9338571428571428,0.003015867311402144
9,0.9371428571428572,0.0029681292967344963
