Iteration,Accuracy,Weight Decay
0,0.7107925801011804,0.09254828078406145
1,0.811973018549747,0.07381604081063549
2,0.8532883642495784,0.04879807301935227
3,0.8768971332209107,0.024197921676153977
4,0.8929173693086003,0.006607177467133997
5,0.8794266441821248,0.0007392660973616683
