Iteration,Accuracy,Weight Decay
0,0.5809666168410563,0.00039780546816894777
1,0.4504235176880917,0.0012587205044436508
2,0.3961136023916293,3.966935956478733e-05
3,0.5097159940209267,0.0035584257987618163
4,0.5356253114100648,9.899174020891939e-05
5,0.6756352765321375,0.00027152648127787255
6,0.6631788739412058,0.0018476798788076964
7,0.6865969108121575,0.005298649614657328
