Iteration,Accuracy,Weight Decay
0,0.6117142857142858,0.08126216613380753
1,0.6517142857142857,0.04451338310406878
2,0.7337142857142858,0.010978637918546164
3,0.8357142857142857,0.0003021294961929753
