Iteration,Accuracy,Weight Decay
0,0.8498571428571429,0.05112258690704978
1,0.8857142857142857,0.021622639359772756
2,0.901,0.004622669586765671
3,0.9247142857142857,0.0001226775880285013
