Iteration,Accuracy,Weight Decay
0,0.5092748735244519,0.09623406949124648
1,0.596964586846543,0.08285422480701589
2,0.6973018549747049,0.047877320869366004
3,0.7554806070826307,0.015206179604296877
4,0.8870151770657673,0.003819399833108084
5,0.8802698145025295,0.0013164192457227669
