Iteration,Accuracy,Weight Decay
0,0.6895864474339811,0.0019651531060601536
1,0.7090184354758345,0.0018458080693910348
2,0.737419033383159,0.0017264630327219162
3,0.7907324364723468,0.0016071179960527975
4,0.7767812655705032,0.0014877729593836787
5,0.7992027902341804,0.00136842792271456
6,0.8026905829596412,0.0012490828860454411
7,0.8101644245142003,0.0011297378493763223
