Iteration,Accuracy,Weight Decay
0,0.7894285714285715,0.0715000506746646
1,0.8794285714285714,0.046500095126124755
2,0.84,0.021500139577584912
3,0.9048571428571428,-0.003499815970954903
