Iteration,Accuracy,Weight Decay
0,0.7982062780269058,1.51465578557073e-06
1,0.8320876930742401,1.51465578557073e-06
2,0.8584952665670155,1.51465578557073e-06
3,0.8729446935724963,1.51465578557073e-06
4,0.8844045839561535,1.51465578557073e-06
5,0.8883906327852517,1.51465578557073e-06
6,0.8933731938216243,1.51465578557073e-06
7,0.8993522670652716,1.51465578557073e-06
