Iteration,Accuracy,Weight Decay
0,0.7140229885057471,5.95501370565999e-05
1,0.7439080459770115,5.95501370565999e-05
2,0.7793103448275862,5.95501370565999e-05
3,0.807816091954023,5.95501370565999e-05
4,0.824367816091954,5.95501370565999e-05
5,0.8234482758620689,5.95501370565999e-05
6,0.8229885057471265,5.95501370565999e-05
7,0.8271264367816092,5.95501370565999e-05
