Iteration,Accuracy,Weight Decay
0,0.5775716694772344,4.815297862032934e-06
1,0.7352445193929174,0.0004982290216050967
2,0.8170320404721754,1.409240098658793e-07
3,0.8659359190556493,0.00013713943858997027
4,0.8600337268128162,2.192787454395522e-07
5,0.8718381112984823,1.6297508346206433e-08
