Iteration,Accuracy,Weight Decay
0,0.31057142857142855,0.08956689623880071
1,0.5754285714285714,0.041338346412298756
2,0.7794285714285715,0.005468299804777157
3,0.8281428571428572,0.00047274822582090244
