Iteration,Accuracy,Weight Decay
0,0.5809666168410563,0.0722504203169805
1,0.6741405082212257,0.052563218514838285
2,0.5789735924265073,0.03600096937970277
3,0.6716492277030394,0.02256367291157395
4,0.6910812157448929,0.012251329110451837
5,0.7120079720976582,0.005063937976336426
6,0.7538614848031888,0.0010014995092277146
7,0.7424015944195317,6.401370912570431e-05
