Iteration,Accuracy,Weight Decay
0,0.403035413153457,0.00011756981070201909
1,0.663575042158516,0.0007515780924689286
2,0.7377740303541316,0.0005708963832193096
3,0.8271500843170321,0.0022390298496440158
4,0.8254637436762225,0.0004816014653282294
5,0.8541315345699831,0.0011102338149793748
