Iteration,Accuracy,Weight Decay
0,0.48,2.4313285004204436e-08
1,0.6914942528735633,1.7640969257885612e-07
2,0.7650574712643678,3.199267137797384e-07
3,0.7894252873563219,3.96396275506239e-05
4,0.8372413793103448,0.0005580305251442092
5,0.8689655172413793,1.5487250883917444e-05
6,0.8514942528735632,6.0274239009094145e-05
7,0.888735632183908,1.3530477745798077e-08
