Iteration,Accuracy,Weight Decay
0,0.6544285714285715,0.08650002400378849
1,0.7574285714285715,0.07650004178437256
2,0.8791428571428571,0.06650005956495662
3,0.8654285714285714,0.05650007734554069
4,0.891,0.046500095126124755
5,0.912,0.03650011290670882
6,0.9134285714285715,0.026500130687292886
7,0.919,0.01650014846787695
8,0.9241428571428572,0.006500166248461017
9,0.9318571428571428,-0.003499815970954903
