Iteration,Accuracy,Weight Decay
0,0.7071264367816092,5.99030482063902e-05
1,0.7462068965517241,-5.944198846272857e-05
2,0.7802298850574713,-0.00017878702513184736
3,0.7885057471264367,-0.0002981320618009661
4,0.8096551724137931,-0.0004174770984700848
5,0.8105747126436782,-0.0005368221351392036
6,0.833103448275862,-0.0006561671718083224
7,0.8445977011494253,-0.0007755122084774412
