Iteration,Accuracy,Weight Decay
0,0.7158516020236088,0.000714770463686342
1,0.8246205733558178,0.000714770463686342
2,0.8431703204047217,0.000714770463686342
3,0.8296795952782462,0.000714770463686342
4,0.8650927487352446,0.000714770463686342
5,0.8566610455311973,0.000714770463686342
