Iteration,Accuracy,Weight Decay
0,0.28998505231689087,0.09706882132280426
1,0.34080717488789236,0.09046519793170772
2,0.2670652715495765,0.07310626521668034
3,0.3991031390134529,0.04378320141530977
4,0.4593921275535625,0.018243790724546134
5,0.5625311410064773,0.006010088662594013
6,0.7144992526158446,0.0018001084090777473
7,0.7194818136522172,0.0005235193184478273
