Iteration,Accuracy,Weight Decay
0,0.6133532635774788,0.018925488238263552
1,0.7179870453413054,0.0047270079827679235
2,0.7419033383158944,0.0011806619828161344
3,0.7558545092177379,0.00029489324383393244
4,0.772795216741405,7.365531077021373e-05
5,0.7752864972595914,1.8396843325823638e-05
6,0.7628300946686597,4.594968656242079e-06
7,0.7777777777777778,1.1476825984711098e-06
