Iteration,Accuracy,Weight Decay
0,0.6704285714285714,0.07482254476706554
1,0.7288571428571429,0.05852257374941756
2,0.7598571428571429,0.04422259917565277
3,0.769,0.03192262104577116
4,0.8057142857142857,0.021622639359772756
5,0.8235714285714286,0.013322654117657533
6,0.8467142857142858,0.007022665319425497
7,0.8635714285714285,0.0027226729650766464
8,0.8758571428571429,0.00042267705461097914
9,0.9072857142857143,0.0001226775880285013
