Iteration,Accuracy,Weight Decay
0,0.7055714285714285,0.08126216613380753
1,0.6828571428571428,0.04451338310406878
2,0.7865714285714286,0.010978637918546164
3,0.8108571428571428,0.0003021294961929753
