Iteration,Accuracy,Weight Decay
0,0.7964285714285714,0.08956689623880071
1,0.8581428571428571,0.041338346412298756
2,0.8612857142857143,0.005468299804777157
3,0.8922857142857142,0.00047274822582090244
