Iteration,Accuracy,Weight Decay
0,0.7222857142857143,0.00011096837896367614
1,0.7965714285714286,0.00011840894314961007
2,0.8315714285714285,0.0019108306002457841
3,0.8354285714285714,0.0002340654158228997
4,0.8681428571428571,7.115426715150917e-05
5,0.8842857142857142,0.0001094335729350654
6,0.9011428571428571,0.0022529351431573924
7,0.9162857142857143,7.304390989116537e-05
8,0.917,0.005517976288458549
9,0.9271428571428572,0.006790461209525737
