Iteration,Accuracy,Weight Decay
0,0.5032386646736422,0.08500022719836783
1,0.3457897359242651,0.07250041653034103
2,0.40956651718983555,0.06000060586231423
3,0.3911310413552566,0.047500795194287425
4,0.39711011459890383,0.03500098452626062
5,0.42202291978076734,0.022501173858233817
6,0.5401096163428002,0.010001363190207016
7,0.7035376183358246,-0.0024984474778197846
