Iteration,Accuracy,Weight Decay
0,0.7541428571428571,0.001717373341387313
1,0.7137142857142857,0.00016354923742690304
2,0.714,2.6900069398811123e-05
3,0.7448571428571429,9.938118314762752e-05
4,0.7398571428571429,1.5499956504622962e-05
5,0.8041428571428572,0.00012778253632173177
6,0.8075714285714286,0.0005243883460843894
7,0.8134285714285714,6.050023014068302e-05
8,0.8177142857142857,2.5689277102361098e-05
9,0.8181428571428572,0.0014889172353749946
