Iteration,Accuracy,Weight Decay
0,0.7954285714285714,0.003613633815462288
1,0.7902857142857143,0.0041246879164691325
2,0.7895714285714286,0.0006421215670941153
3,0.7938571428571428,0.004202324476140922
