Iteration,Accuracy,Weight Decay
0,0.6781265570503239,0.0007924828983539
1,0.7209765819631291,0.00019812203523477496
2,0.8006975585450922,1.7073526474706922e-06
3,0.8400597907324364,0.00043789432981655344
4,0.8470353761833582,0.0008342823480416806
5,0.8345789735924265,6.949760391706498e-06
6,0.8689586447433981,0.0089021508544503
7,0.8824115595416044,0.0006579332246575
