Iteration,Accuracy,Weight Decay
0,0.7204285714285714,0.0071340919757048255
1,0.7092857142857143,1.7697434982290845e-06
2,0.8115714285714286,0.00023777479666081832
3,0.8085714285714286,0.001284764685431755
4,0.816,0.00277374762232651
5,0.8272857142857143,0.003298654464196375
6,0.8341428571428572,0.00258257950735642
7,0.8164285714285714,0.001485072748559495
8,0.841,0.0013682422858920349
9,0.8531428571428571,0.0019179102616724
