Iteration,Accuracy,Weight Decay
0,0.4992526158445441,0.09706882132280426
1,0.3129048330842053,0.09046519793170772
2,0.317887394120578,0.07310626521668034
3,0.3796711509715994,0.04378320141530977
4,0.43647234678624813,0.018243790724546134
5,0.5002491280518186,0.006010088662594013
6,0.5994020926756353,0.0018001084090777473
7,0.7284504235176881,0.0005235193184478273
