Iteration,Accuracy,Weight Decay
0,0.7032040472175379,0.000714770463686342
1,0.7807757166947723,0.000714770463686342
2,0.8052276559865092,0.000714770463686342
3,0.8600337268128162,0.000714770463686342
4,0.8844856661045531,0.000714770463686342
5,0.887858347386172,0.000714770463686342
