Iteration,Accuracy,Weight Decay
0,0.6602023608768971,0.09623406949124648
1,0.6863406408094435,0.08285422480701589
2,0.7630691399662732,0.047877320869366004
3,0.8440134907251264,0.015206179604296877
4,0.8743676222596964,0.003819399833108084
5,0.8946037099494097,0.0013164192457227669
