Iteration,Accuracy,Weight Decay
0,0.5500747384155455,0.00011319662931152263
1,0.6502242152466368,2.9287183488632182e-05
2,0.7110114598903836,3.503638956389586e-05
3,0.7548579970104634,0.002656159279812043
4,0.8370702541106129,0.005133895397352392
5,0.866965620328849,1.050751891997827e-05
6,0.8729446935724963,0.0010118051983930346
7,0.8804185351270553,0.00035478426871378454
