Iteration,Accuracy,Weight Decay
0,0.7557142857142857,0.0028899951797369317
1,0.7661428571428571,8.523257822882501e-05
2,0.8462857142857143,0.005776031149206727
3,0.8935714285714286,8.1954971675167e-05
4,0.905,0.0054070703402236625
5,0.8812857142857143,4.7373596922487054e-05
6,0.9154285714285715,0.0009030276041102436
7,0.9214285714285714,2.9441280769824743e-05
8,0.9258571428571428,0.00015021319508369711
9,0.9312857142857143,0.0016953853836162995
