Iteration,Accuracy,Weight Decay
0,0.7224713502740409,0.0007924828983539
1,0.7772795216741405,0.00019812203523477496
2,0.7927254608868959,1.7073526474706922e-06
3,0.8081714000996513,0.00043789432981655344
4,0.8216243148978575,0.0008342823480416806
5,0.8256103637269556,6.949760391706498e-06
6,0.8545092177379173,0.0089021508544503
7,0.8420528151469856,0.0006579332246575
