Iteration,Accuracy,Weight Decay
0,0.7107142857142857,0.07482254476706554
1,0.7041428571428572,0.05852257374941756
2,0.7422857142857143,0.04422259917565277
3,0.7937142857142857,0.03192262104577116
4,0.8175714285714286,0.021622639359772756
5,0.8114285714285714,0.013322654117657533
6,0.8637142857142858,0.007022665319425497
7,0.8664285714285714,0.0027226729650766464
8,0.9034285714285715,0.00042267705461097914
9,0.9055714285714286,0.0001226775880285013
