Iteration,Accuracy,Weight Decay
0,0.642495784148398,0.08245960944858459
1,0.7217537942664418,0.06591207119253231
2,0.8549747048903878,0.049364532936480035
3,0.8768971332209107,0.03281699468042776
4,0.9013490725126475,0.01626945642437548
5,0.887858347386172,-0.00027808183167679634
