Iteration,Accuracy,Weight Decay
0,0.25742857142857145,0.08650002400378849
1,0.18442857142857144,0.07650004178437256
2,0.6005714285714285,0.06650005956495662
3,0.5958571428571429,0.05650007734554069
4,0.6144285714285714,0.046500095126124755
5,0.6135714285714285,0.03650011290670882
6,0.643,0.026500130687292886
7,0.6605714285714286,0.01650014846787695
8,0.6918571428571428,0.006500166248461017
9,0.7195714285714285,-0.003499815970954903
