Iteration,Accuracy,Weight Decay
0,0.572512647554806,1.6607991365317385e-05
1,0.5935919055649241,0.0014305033773099
2,0.6475548060708263,0.002890493664771458
3,0.7748735244519392,7.89195398647223e-05
4,0.8355817875210793,2.218524301190747e-05
5,0.8549747048903878,9.78103454040407e-05
