Iteration,Accuracy,Weight Decay
0,0.6863406408094435,0.000714770463686342
1,0.7824620573355818,0.000714770463686342
2,0.8802698145025295,0.000714770463686342
3,0.8735244519392917,0.000714770463686342
4,0.8684654300168634,0.000714770463686342
5,0.8768971332209107,0.000714770463686342
