Iteration,Accuracy,Weight Decay
0,0.7267142857142858,0.0071340919757048255
1,0.7462857142857143,1.7697434982290845e-06
2,0.8157142857142857,0.00023777479666081832
3,0.8294285714285714,0.001284764685431755
4,0.8751428571428571,0.00277374762232651
5,0.884,0.003298654464196375
6,0.893,0.00258257950735642
7,0.8984285714285715,0.001485072748559495
8,0.8954285714285715,0.0013682422858920349
9,0.8861428571428571,0.0019179102616724
