Iteration,Accuracy,Weight Decay
0,0.7140009965122073,0.09706882132280426
1,0.7737917289486796,0.09046519793170772
2,0.8086696562032885,0.07310626521668034
3,0.8310911808669657,0.04378320141530977
4,0.8609865470852018,0.018243790724546134
5,0.8704534130543099,0.006010088662594013
6,0.8809167912306926,0.0018001084090777473
7,0.8784255107125062,0.0005235193184478273
