Iteration,Accuracy,Weight Decay
0,0.52,5.99030482063902e-05
1,0.6905747126436782,-5.944198846272858e-05
2,0.7820689655172414,-0.00017878702513184734
3,0.7650574712643678,-0.0002981320618009661
4,0.7737931034482759,-0.00041747709847008487
5,0.7710344827586207,-0.0005368221351392036
6,0.7908045977011494,-0.0006561671718083224
7,0.8032183908045977,-0.0007755122084774412
