Iteration,Accuracy,Weight Decay
0,0.7099494097807757,0.09623406949124648
1,0.7023608768971332,0.08285422480701589
2,0.8043844856661045,0.047877320869366004
3,0.8313659359190556,0.015206179604296877
4,0.8617200674536256,0.003819399833108084
5,0.8752107925801011,0.0013164192457227669
