Iteration,Accuracy,Weight Decay
0,0.6308045977011494,2.4313285004204436e-08
1,0.7457471264367816,1.7640969257885612e-07
2,0.7760919540229885,3.199267137797384e-07
3,0.7908045977011494,3.96396275506239e-05
4,0.7949425287356322,0.0005580305251442092
5,0.8032183908045977,1.5487250883917444e-05
6,0.825287356321839,6.0274239009094145e-05
7,0.8326436781609196,1.3530477745798077e-08
