Iteration,Accuracy,Weight Decay
0,0.6416526138279932,4.815297862032934e-06
1,0.7217537942664418,0.0004982290216050967
2,0.7655986509274874,1.409240098658793e-07
3,0.8178752107925801,0.00013713943858997027
4,0.866779089376054,2.192787454395522e-07
5,0.8870151770657673,1.6297508346206433e-08
