Iteration,Accuracy,Weight Decay
0,0.7655986509274874,0.08245960944858459
1,0.8094435075885329,0.06591207119253231
2,0.8566610455311973,0.049364532936480035
3,0.8735244519392917,0.03281699468042776
4,0.8676222596964587,0.01626945642437548
5,0.8684654300168634,-0.00027808183167679634
