Iteration,Accuracy,Weight Decay
0,0.5067453625632378,0.041773682891187935
1,0.7866779089376054,0.018334280241060232
2,0.8246205733558178,0.008046832567607796
3,0.8617200674536256,0.003531718372347135
4,0.8861720067453626,0.001550055199580515
5,0.8962900505902193,0.0006803122073830045
