Iteration,Accuracy,Weight Decay
0,0.5632377740303541,0.06801802122791924
1,0.7242833052276559,0.043527664608961875
2,0.7883642495784149,0.02455315407535525
3,0.836424957841484,0.011094489627099403
4,0.8811129848229342,0.0031516712641943057
5,0.897133220910624,0.0007246989866399735
