Iteration,Accuracy,Weight Decay
0,0.5904334828101644,0.0007924828983539
1,0.6646736422521176,0.00019812203523477496
2,0.7473841554559043,1.7073526474706922e-06
3,0.8126557050323866,0.00043789432981655344
4,0.8261086198305929,0.0008342823480416806
5,0.8300946686596911,6.949760391706498e-06
6,0.8156452416542103,0.0089021508544503
7,0.8555057299451918,0.0006579332246575
