Iteration,Accuracy,Weight Decay
0,0.6321428571428571,0.00014425297300767965
1,0.5611428571428572,6.118303598907718e-05
2,0.71,0.00034426023238989144
3,0.8015714285714286,0.0005383779518636875
4,0.2572857142857143,0.00021977901417708607
5,0.8478571428571429,4.1282468572639066e-05
6,0.8677142857142857,0.003906924982389431
7,0.894,1.7044053128578903e-05
8,0.904,0.001561773685030359
9,0.9064285714285715,0.0010113475119738762
