Iteration,Accuracy,Weight Decay
0,0.6317887394120578,0.0007924828983539
1,0.6895864474339811,0.00019812203523477496
2,0.7892376681614349,1.7073526474706922e-06
3,0.7907324364723468,0.00043789432981655344
4,0.7957149975087194,0.0008342823480416806
5,0.8071748878923767,6.949760391706498e-06
6,0.8211260587942202,0.0089021508544503
7,0.8310911808669657,0.0006579332246575
