Iteration,Accuracy,Weight Decay
0,0.7217537942664418,0.000714770463686342
1,0.8397976391231029,0.000714770463686342
2,0.8608768971332209,0.000714770463686342
3,0.9055649241146712,0.000714770463686342
4,0.9047217537942664,0.000714770463686342
5,0.9013490725126475,0.000714770463686342
