Iteration,Accuracy,Weight Decay
0,0.6401428571428571,0.0071340919757048255
1,0.7064285714285714,1.7697434982290845e-06
2,0.7124285714285714,0.00023777479666081832
3,0.714,0.001284764685431755
4,0.713,0.00277374762232651
5,0.7271428571428571,0.003298654464196375
6,0.7178571428571429,0.00258257950735642
7,0.7254285714285714,0.001485072748559495
8,0.7562857142857143,0.0013682422858920349
9,0.7525714285714286,0.0019179102616724
