Iteration,Accuracy,Weight Decay
0,0.6736930860033726,0.06801802122791924
1,0.7807757166947723,0.043527664608961875
2,0.8220910623946037,0.02455315407535525
3,0.8676222596964587,0.011094489627099403
4,0.8760539629005059,0.0031516712641943057
5,0.9047217537942664,0.0007246989866399735
