Iteration,Accuracy,Weight Decay
0,0.7483806676631789,0.0007924828983539
1,0.8221225710014948,0.00019812203523477496
2,0.8256103637269556,1.7073526474706922e-06
3,0.8415545590433483,0.00043789432981655344
4,0.8555057299451918,0.0008342823480416806
5,0.8679621325361235,6.949760391706498e-06
6,0.8565022421524664,0.0089021508544503
7,0.8699551569506726,0.0006579332246575
