Iteration,Accuracy,Weight Decay
0,0.8352857142857143,1.643095382672732e-05
1,0.8441428571428572,0.0005860294696851492
2,0.8385714285714285,0.0007018190937481286
3,0.8544285714285714,7.849762954510895e-05
