Iteration,Accuracy,Weight Decay
0,0.6947723440134908,0.041773682891187935
1,0.6989881956155143,0.018334280241060232
2,0.845699831365936,0.008046832567607796
3,0.8819561551433389,0.003531718372347135
4,0.8887015177065767,0.001550055199580515
5,0.8979763912310287,0.0006803122073830045
