Iteration,Accuracy,Weight Decay
0,0.658,0.002297389418863703
1,0.6294285714285714,8.389211088232821e-05
2,0.6561428571428571,3.0634276498817596e-06
3,0.6574285714285715,1.118649759477795e-07
