Iteration,Accuracy,Weight Decay
0,0.7767142857142857,0.07482254476706554
1,0.6945714285714286,0.05852257374941756
2,0.8465714285714285,0.04422259917565277
3,0.8645714285714285,0.03192262104577116
4,0.8777142857142857,0.021622639359772756
5,0.8878571428571429,0.013322654117657533
6,0.8958571428571429,0.007022665319425497
7,0.9022857142857142,0.0027226729650766464
8,0.913,0.00042267705461097914
9,0.9117142857142857,0.0001226775880285013
