Iteration,Accuracy,Weight Decay
0,0.7334329845540608,0.09706882132280426
1,0.8305929247633284,0.09046519793170772
2,0.8465371200797209,0.07310626521668034
3,0.8674638764324863,0.04378320141530977
4,0.8824115595416044,0.018243790724546134
5,0.8883906327852517,0.006010088662594013
6,0.8998505231689088,0.0018001084090777473
7,0.8888888888888888,0.0005235193184478273
