Iteration,Accuracy,Weight Decay
0,0.5630293971101146,0.0722504203169805
1,0.7658196312904834,0.052563218514838285
2,0.8574987543597409,0.03600096937970277
3,0.8629795714997509,0.02256367291157395
4,0.8858993522670653,0.012251329110451837
5,0.9008470353761834,0.005063937976336426
6,0.8923766816143498,0.0010014995092277146
7,0.8998505231689088,6.401370912570431e-05
