Iteration,Accuracy,Weight Decay
0,0.6522172396611858,0.0019651531060601536
1,0.7658196312904834,0.0018458080693910348
2,0.8191330343796711,0.0017264630327219162
3,0.8370702541106129,0.0016071179960527975
4,0.8604882909815645,0.0014877729593836787
5,0.8714499252615845,0.00136842792271456
6,0.8804185351270553,0.0012490828860454411
7,0.8858993522670653,0.0011297378493763223
