Iteration,Accuracy,Weight Decay
0,0.6306913996627319,0.09623406949124648
1,0.7875210792580101,0.08285422480701589
2,0.821247892074199,0.047877320869366004
3,0.8617200674536256,0.015206179604296878
4,0.8760539629005059,0.003819399833108084
5,0.897133220910624,0.0013164192457227669
