Iteration,Accuracy,Weight Decay
0,0.6485714285714286,0.08956689623880071
1,0.7487142857142857,0.041338346412298756
2,0.8315714285714285,0.005468299804777157
3,0.8952857142857142,0.00047274822582090244
