Iteration,Accuracy,Weight Decay
0,0.6266666666666667,1.4453510395255015e-05
1,0.7406896551724138,0.0023147649862359
2,0.7577011494252873,0.0008173391148530494
3,0.7954022988505747,0.000223823096576301
4,0.8096551724137931,0.0003853355731207506
5,0.8128735632183908,0.0024772116919898443
6,0.8271264367816092,0.00023612812835592688
7,0.8206896551724138,0.00425788936250613
