Iteration,Accuracy,Weight Decay
0,0.7487352445193929,0.09623406949124648
1,0.7369308600337268,0.08285422480701589
2,0.8128161888701517,0.047877320869366004
3,0.8558178752107926,0.015206179604296877
4,0.806070826306914,0.003819399833108084
5,0.866779089376054,0.0013164192457227669
