Iteration,Accuracy,Weight Decay
0,0.5396290050590219,5.264221497013159e-05
1,0.5657672849915683,2.513684166442563e-05
2,0.7900505902192243,3.730956750772129e-05
3,0.8279932546374368,1.8168062882266427e-05
4,0.8263069139966274,8.007053204643706e-05
5,0.8431703204047217,0.0006639642934839264
