Iteration,Accuracy,Weight Decay
0,0.7403035413153457,0.08245960944858459
1,0.8625632377740303,0.06591207119253231
2,0.8490725126475548,0.049364532936480035
3,0.8912310286677909,0.03281699468042776
4,0.8929173693086003,0.01626945642437548
5,0.9139966273187183,-0.00027808183167679634
