Iteration,Accuracy,Weight Decay
0,0.7445714285714286,1.77805840656653e-07
1,0.8141428571428572,1.77805840656653e-07
2,0.861,1.77805840656653e-07
3,0.8881428571428571,1.77805840656653e-07
4,0.8985714285714286,1.77805840656653e-07
5,0.9121428571428571,1.77805840656653e-07
6,0.9165714285714286,1.77805840656653e-07
7,0.9118571428571428,1.77805840656653e-07
8,0.9184285714285715,1.77805840656653e-07
9,0.9284285714285714,1.77805840656653e-07
