Iteration,Accuracy,Weight Decay
0,0.7318718381112985,0.08245960944858459
1,0.790893760539629,0.06591207119253231
2,0.8448566610455311,0.049364532936480035
3,0.8271500843170321,0.03281699468042776
4,0.8827993254637436,0.01626945642437548
5,0.9114671163575042,-0.00027808183167679634
