Iteration,Accuracy,Weight Decay
0,0.7369308600337268,0.08245960944858459
1,0.8263069139966274,0.06591207119253231
2,0.821247892074199,0.049364532936480035
3,0.8591905564924115,0.03281699468042776
4,0.8912310286677909,0.01626945642437548
5,0.8946037099494097,-0.00027808183167679634
