Iteration,Accuracy,Weight Decay
0,0.4877927254608869,0.0722504203169805
1,0.45540607872446437,0.052563218514838285
2,0.4633781763826607,0.03600096937970277
3,0.49177877428998507,0.02256367291157395
4,0.5739910313901345,0.012251329110451837
5,0.6258096661684106,0.005063937976336426
6,0.6527154957648231,0.0010014995092277146
7,0.661684105630294,6.401370912570431e-05
