Iteration,Accuracy,Weight Decay
0,0.609,0.0715000506746646
1,0.6418571428571429,0.046500095126124755
2,0.6684285714285715,0.021500139577584912
3,0.6288571428571429,-0.003499815970954903
