Iteration,Accuracy,Weight Decay
0,0.682112605879422,0.09706882132280426
1,0.7842551071250623,0.09046519793170772
2,0.8091679123069258,0.07310626521668034
3,0.8440458395615347,0.04378320141530977
4,0.8510214250124564,0.018243790724546134
5,0.8764324862979571,0.006010088662594013
6,0.8809167912306926,0.0018001084090777473
7,0.8814150473343298,0.0005235193184478273
