Iteration,Accuracy,Weight Decay
0,0.6768571428571428,0.05112258690704978
1,0.8468571428571429,0.021622639359772756
2,0.875,0.004622669586765671
3,0.9024285714285715,0.0001226775880285013
