Iteration,Accuracy,Weight Decay
0,0.5062282012954659,0.0017248709655480793
1,0.4892874937717987,1.741547806360395e-05
2,0.7324364723467862,0.00011187478138940741
3,0.7698056801195815,0.00024140939804694807
4,0.7742899850523169,0.0009006948433111087
5,0.8350772296960638,2.319930342146344e-05
6,0.8555057299451918,0.0009741707125673847
7,0.866965620328849,0.0003118246191672253
