Iteration,Accuracy,Weight Decay
0,0.7267142857142858,0.0715000506746646
1,0.8395714285714285,0.046500095126124755
2,0.838,0.021500139577584912
3,0.8837142857142857,-0.003499815970954903
