Iteration,Accuracy,Weight Decay
0,0.7858347386172007,0.08245960944858459
1,0.8111298482293423,0.06591207119253231
2,0.8558178752107926,0.049364532936480035
3,0.8659359190556493,0.03281699468042776
4,0.8794266441821248,0.01626945642437548
5,0.887858347386172,-0.00027808183167679634
