Iteration,Accuracy,Weight Decay
0,0.8155714285714286,3.181840335571827e-05
1,0.775,0.00024566082167112684
2,0.8997142857142857,4.962215288652907e-05
3,0.9195714285714286,0.0037086413723029375
