Iteration,Accuracy,Weight Decay
0,0.4962630792227205,0.09706882132280426
1,0.3602391629297459,0.09046519793170772
2,0.5082212257100149,0.07310626521668034
3,0.6666666666666666,0.04378320141530977
4,0.7827603388141505,0.018243790724546134
5,0.828101644245142,0.006010088662594013
6,0.8425510712506228,0.0018001084090777473
7,0.8315894369706028,0.0005235193184478273
