Iteration,Accuracy,Weight Decay
0,0.6567015445939213,0.0722504203169805
1,0.7658196312904834,0.052563218514838285
2,0.8300946686596911,0.03600096937970277
3,0.8430493273542601,0.02256367291157395
4,0.8764324862979571,0.012251329110451837
5,0.8898854010961634,0.005063937976336426
6,0.8953662182361734,0.0010014995092277146
7,0.8933731938216243,6.401370912570431e-05
