Iteration,Accuracy,Weight Decay
0,0.5909317389138017,0.09706882132280426
1,0.7344294967613353,0.09046519793170772
2,0.8116591928251121,0.07310626521668034
3,0.8560039860488291,0.04378320141530977
4,0.8819133034379671,0.018243790724546134
5,0.898355754857997,0.006010088662594013
6,0.8948679621325362,0.0018001084090777473
7,0.9033383158943697,0.0005235193184478273
