Iteration,Accuracy,Weight Decay
0,0.8154285714285714,0.0715000506746646
1,0.8724285714285714,0.046500095126124755
2,0.9002857142857142,0.021500139577584912
3,0.902,-0.003499815970954903
