Iteration,Accuracy,Weight Decay
0,0.7166947723440135,0.09254828078406145
1,0.7436762225969646,0.07381604081063549
2,0.8305227655986509,0.04879807301935227
3,0.8271500843170321,0.024197921676153977
4,0.8650927487352446,0.006607177467133997
5,0.8768971332209107,0.0007392660973616683
