Iteration,Accuracy,Weight Decay
0,0.7438963627304435,0.08500022719836783
1,0.817140009965122,0.07250041653034103
2,0.8455406078724464,0.06000060586231423
3,0.8654708520179372,0.047500795194287425
4,0.877927254608869,0.03500098452626062
5,0.890881913303438,0.022501173858233817
6,0.8958644743398106,0.010001363190207016
7,0.8814150473343298,-0.0024984474778197846
