Iteration,Accuracy,Weight Decay
0,0.5691399662731872,0.00011734382511937889
1,0.6475548060708263,0.0006032172375746442
2,0.7917369308600337,2.8706654861203346e-05
3,0.8271500843170321,0.0005098714371892354
4,0.8659359190556493,0.0001148448677816047
5,0.8743676222596964,0.0005857277378644711
