Iteration,Accuracy,Weight Decay
0,0.6736930860033726,0.000714770463686342
1,0.781618887015177,0.000714770463686342
2,0.8372681281618887,0.000714770463686342
3,0.8718381112984823,0.000714770463686342
4,0.8903878583473862,0.000714770463686342
5,0.9097807757166948,0.000714770463686342
