Iteration,Accuracy,Weight Decay
0,0.6425714285714286,0.08126216613380753
1,0.6588571428571428,0.04451338310406878
2,0.6562857142857143,0.010978637918546164
3,0.8768571428571429,0.0003021294961929753
