Iteration,Accuracy,Weight Decay
0,0.7311428571428571,0.00043108425650011724
1,0.7027142857142857,0.0052072421940801954
2,0.8438571428571429,0.0026807922987861837
3,0.8572857142857143,0.00011285838362217127
4,0.8501428571428571,0.008593543731380614
5,0.8567142857142858,0.0001258362277322269
6,0.8411428571428572,2.8167166409741886e-05
7,0.8511428571428571,0.0005499764003812441
8,0.8665714285714285,0.005466368444667137
9,0.8677142857142857,0.00036983828763083613
