Iteration,Accuracy,Weight Decay
0,0.7871428571428571,0.08126216613380753
1,0.8927142857142857,0.04451338310406878
2,0.9062857142857143,0.010978637918546164
3,0.9204285714285714,0.0003021294961929753
