Iteration,Accuracy,Weight Decay
0,0.6644182124789207,0.06801802122791924
1,0.7563237774030354,0.043527664608961875
2,0.8347386172006745,0.02455315407535525
3,0.8785834738617201,0.011094489627099403
4,0.8920741989881956,0.0031516712641943057
5,0.9005059021922428,0.0007246989866399735
