Iteration,Accuracy,Weight Decay
0,0.6214285714285714,0.05112258690704978
1,0.7287142857142858,0.021622639359772756
2,0.7512857142857143,0.004622669586765671
3,0.86,0.0001226775880285013
