Iteration,Accuracy,Weight Decay
0,0.7135714285714285,0.002297389418863703
1,0.7362857142857143,8.389211088232821e-05
2,0.8681428571428571,3.0634276498817596e-06
3,0.8982857142857142,1.118649759477795e-07
