Iteration,Accuracy,Weight Decay
0,0.7757142857142857,0.08126216613380753
1,0.8092857142857143,0.04451338310406878
2,0.8357142857142857,0.010978637918546164
3,0.8464285714285714,0.0003021294961929753
