Iteration,Accuracy,Weight Decay
0,0.7663178873941205,0.08500022719836783
1,0.7982062780269058,0.07250041653034103
2,0.8216243148978575,0.06000060586231423
3,0.8400597907324364,0.047500795194287425
4,0.8405580468360737,0.03500098452626062
5,0.852017937219731,0.022501173858233817
6,0.8699551569506726,0.010001363190207016
7,0.8350772296960638,-0.0024984474778197846
