Iteration,Accuracy,Weight Decay
0,0.6863406408094435,0.09254828078406145
1,0.7647554806070826,0.07381604081063549
2,0.8389544688026982,0.04879807301935227
3,0.857504215851602,0.024197921676153977
4,0.8962900505902193,0.006607177467133997
5,0.9064080944350759,0.0007392660973616683
