Iteration,Accuracy,Weight Decay
0,0.627318718381113,0.06801802122791924
1,0.7158516020236088,0.043527664608961875
2,0.8195615514333895,0.02455315407535525
3,0.8777403035413154,0.011094489627099403
4,0.8718381112984823,0.0031516712641943057
5,0.9156829679595279,0.0007246989866399735
