Iteration,Accuracy,Weight Decay
0,0.6585160202360877,0.041773682891187935
1,0.7639123102866779,0.018334280241060232
2,0.8414839797639123,0.008046832567607796
3,0.8684654300168634,0.003531718372347135
4,0.8962900505902193,0.001550055199580515
5,0.9131534569983136,0.0006803122073830045
