Iteration,Accuracy,Weight Decay
0,0.6754285714285714,0.07482254476706554
1,0.7445714285714286,0.05852257374941756
2,0.7724285714285715,0.04422259917565277
3,0.6728571428571428,0.03192262104577116
4,0.852,0.021622639359772756
5,0.8492857142857143,0.013322654117657533
6,0.8737142857142857,0.007022665319425497
7,0.9054285714285715,0.0027226729650766464
8,0.9185714285714286,0.00042267705461097914
9,0.9324285714285714,0.0001226775880285013
