Iteration,Accuracy,Weight Decay
0,0.5107125062282013,0.001325948960056081
1,0.4439461883408072,1.23174180872185e-05
2,0.4304932735426009,0.003526803697567563
3,0.5077229696063776,0.0064877003615739495
4,0.4718485301444943,0.007459658938561525
5,0.5540607872446437,0.0033596727398133557
6,0.6895864474339811,6.769408593844106e-05
7,0.7384155455904334,0.0002629529210256162
