Iteration,Accuracy,Weight Decay
0,0.8131428571428572,0.0022397950704035143
1,0.8637142857142858,2.0272926534463368e-05
2,0.8891428571428571,0.00018846937113970548
3,0.9164285714285715,0.00982506600934116
4,0.7498571428571429,2.1926212251849295e-05
5,0.9014285714285715,2.454799463806991e-05
6,0.9175714285714286,2.4653549289678886e-05
7,0.924,1.3665048528368051e-05
8,0.9264285714285714,8.710484931228047e-05
9,0.9301428571428572,0.004237073273425408
