Iteration,Accuracy,Weight Decay
0,0.6172006745362564,0.000714770463686342
1,0.7765598650927488,0.000714770463686342
2,0.8246205733558178,0.000714770463686342
3,0.851602023608769,0.000714770463686342
4,0.8752107925801011,0.000714770463686342
5,0.8946037099494097,0.000714770463686342
