Iteration,Accuracy,Weight Decay
0,0.8371428571428572,0.09746673418161543
1,0.8561428571428571,0.09340111078410944
2,0.797,0.0838891336884537
3,0.8808571428571429,0.06570110725289291
4,0.8871428571428571,0.041338346412298756
5,0.8851428571428571,0.020587178380980863
6,0.8918571428571429,0.00870673956906492
7,0.9012857142857142,0.0033896881950003137
8,0.8997142857142857,0.0012744104865876579
9,0.9035714285714286,0.00047274822582090244
