Iteration,Accuracy,Weight Decay
0,0.592183908045977,0.00019557523668827442
1,0.7089655172413794,0.00039341698752581704
2,0.7760919540229885,1.5818439596918498e-05
3,0.7981609195402298,2.373840613596137e-05
4,0.7783908045977012,0.0024745128516982765
5,0.8101149425287356,4.616403182066075e-05
6,0.807816091954023,6.954253635043403e-05
7,0.8193103448275862,0.00012652200413507128
