Iteration,Accuracy,Weight Decay
0,0.7488789237668162,0.09455040875321775
1,0.8106626806178375,0.08247266789928005
2,0.8261086198305929,0.06545137301945098
3,0.8415545590433483,0.04607786196076218
4,0.8699551569506726,0.02730157616058396
5,0.8809167912306926,0.011981034924538829
6,0.8863976083707026,0.002448651774762514
7,0.8883906327852517,0.00015564563454001894
