Iteration,Accuracy,Weight Decay
0,0.7379172894867962,0.0007924828983539
1,0.8226208271051321,0.00019812203523477496
2,0.8495266567015446,1.7073526474706922e-06
3,0.8619830592924763,0.00043789432981655344
4,0.8674638764324863,0.0008342823480416806
5,0.8679621325361235,6.949760391706498e-06
6,0.8804185351270553,0.0089021508544503
7,0.8789237668161435,0.0006579332246575
