Iteration,Accuracy,Weight Decay
0,0.6202298850574712,5.99030482063902e-05
1,0.7342528735632184,-5.944198846272858e-05
2,0.7811494252873563,-0.00017878702513184734
3,0.799080459770115,-0.0002981320618009661
4,0.8206896551724138,-0.00041747709847008487
5,0.8124137931034483,-0.0005368221351392036
6,0.8220689655172414,-0.0006561671718083224
7,0.8022988505747126,-0.0007755122084774412
