Iteration,Accuracy,Weight Decay
0,0.663575042158516,0.09623406949124648
1,0.7040472175379426,0.08285422480701589
2,0.8237774030354131,0.047877320869366004
3,0.8338954468802698,0.015206179604296877
4,0.8819561551433389,0.003819399833108084
5,0.8954468802698144,0.0013164192457227669
