Iteration,Accuracy,Weight Decay
0,0.7428571428571429,0.00022469951631546147
1,0.8308571428571428,0.003249718166389806
2,0.8491428571428571,4.110690939409329e-05
3,0.8811428571428571,0.006546047432396379
4,0.8924285714285715,1.1975444030562117e-05
5,0.8772857142857143,0.00019795145923648608
6,0.9051428571428571,0.0001378561687955369
7,0.9087142857142857,5.596292356938082e-05
8,0.9144285714285715,0.002779345811916457
9,0.8941428571428571,0.009454601629532256
