Iteration,Accuracy,Weight Decay
0,0.5480817140009965,0.09455040875321775
1,0.746885899352267,0.08247266789928005
2,0.7992027902341804,0.06545137301945098
3,0.8445440956651719,0.04607786196076218
4,0.8739412057797707,0.02730157616058396
5,0.885401096163428,0.011981034924538829
6,0.8988540109616343,0.002448651774762514
7,0.8923766816143498,0.00015564563454001894
