Iteration,Accuracy,Weight Decay
0,0.7133220910623946,0.09254828078406145
1,0.8288364249578415,0.07381604081063549
2,0.8254637436762225,0.04879807301935227
3,0.8608768971332209,0.024197921676153977
4,0.8760539629005059,0.006607177467133997
5,0.8844856661045531,0.0007392660973616683
