Iteration,Accuracy,Weight Decay
0,0.7971428571428572,0.0002077627708609767
1,0.7355714285714285,0.0023860499577390724
2,0.8441428571428572,0.001448501088470928
3,0.8481428571428572,0.00039603945983779473
4,0.8724285714285714,3.4529529315740375e-05
5,0.875,0.0009975625227766367
6,0.8911428571428571,0.002739503921268464
7,0.8971428571428571,8.688421641709265e-05
8,0.9001428571428571,0.008691786095550021
9,0.8991428571428571,4.947007356246637e-05
