Iteration,Accuracy,Weight Decay
0,0.5495764823119084,0.018925488238263552
1,0.5939212755356253,0.0047270079827679235
2,0.5824613851519681,0.0011806619828161344
3,0.6547085201793722,0.00029489324383393244
4,0.7498754359740907,7.365531077021373e-05
5,0.7732934728450424,1.8396843325823638e-05
6,0.8051818634778276,4.594968656242079e-06
7,0.8126557050323866,1.1476825984711098e-06
