Iteration,Accuracy,Weight Decay
0,0.6222596964586846,4.815297862032934e-06
1,0.6736930860033726,0.0004982290216050967
2,0.821247892074199,1.409240098658793e-07
3,0.8305227655986509,0.00013713943858997027
4,0.8693086003372681,2.192787454395522e-07
5,0.8777403035413154,1.6297508346206433e-08
