Iteration,Accuracy,Weight Decay
0,0.7074198988195616,0.09623406949124648
1,0.7993254637436762,0.08285422480701589
2,0.8735244519392917,0.047877320869366004
3,0.8836424957841484,0.015206179604296877
4,0.9013490725126475,0.003819399833108084
5,0.9038785834738617,0.0013164192457227669
