Iteration,Accuracy,Weight Decay
0,0.45092177379172893,0.018925488238263552
1,0.4828101644245142,0.0047270079827679235
2,0.5301444942700548,0.0011806619828161344
3,0.5316392625809666,0.00029489324383393244
4,0.5894369706028899,7.365531077021373e-05
5,0.5929247633283508,1.8396843325823638e-05
6,0.6362730443447933,4.594968656242079e-06
7,0.7513702042850025,1.1476825984711098e-06
