Iteration,Accuracy,Weight Decay
0,0.5864474339810662,0.0722504203169805
1,0.5411061285500748,0.052563218514838285
2,0.6083707025411061,0.03600096937970277
3,0.7548579970104634,0.02256367291157395
4,0.7593423019431988,0.012251329110451837
5,0.8181365221723966,0.005063937976336426
6,0.7827603388141505,0.0010014995092277146
7,0.7822620827105132,6.401370912570431e-05
