Iteration,Accuracy,Weight Decay
0,0.8557142857142858,0.05112258690704978
1,0.8641428571428571,0.021622639359772756
2,0.9011428571428571,0.004622669586765671
3,0.9154285714285715,0.0001226775880285013
