Iteration,Accuracy,Weight Decay
0,0.7894285714285715,0.016739508918050823
1,0.837,0.004453867730520001
2,0.8311428571428572,0.0011850370197883447
3,0.86,0.0003153018507141175
4,0.9068571428571428,8.389211088232821e-05
5,0.9135714285714286,2.2321106750096656e-05
6,0.9144285714285715,5.938958995179634e-06
7,0.922,1.5801740631105742e-06
8,0.9315714285714286,4.204356473506604e-07
9,0.9268571428571428,1.118649759477795e-07
