Iteration,Accuracy,Weight Decay
0,0.531,2.869377067127777e-06
1,0.8314285714285714,0.00277374762232651
2,0.8485714285714285,0.00190932807667502
3,0.8401428571428572,0.0019179102616724
