Iteration,Accuracy,Weight Decay
0,0.5967142857142858,0.0715000506746646
1,0.6175714285714285,0.046500095126124755
2,0.6301428571428571,0.021500139577584912
3,0.614,-0.003499815970954903
