Iteration,Accuracy,Weight Decay
0,0.6158571428571429,0.0071340919757048255
1,0.667,1.7697434982290845e-06
2,0.7535714285714286,0.00023777479666081832
3,0.7837142857142857,0.001284764685431755
4,0.7627142857142857,0.00277374762232651
5,0.7497142857142857,0.003298654464196375
6,0.7665714285714286,0.00258257950735642
7,0.7805714285714286,0.001485072748559495
8,0.7838571428571428,0.0013682422858920349
9,0.7932857142857143,0.0019179102616724
