Iteration,Accuracy,Weight Decay
0,0.5636781609195403,0.0013106607751633757
1,0.5039080459770114,1.4417908886564674e-05
2,0.48,0.0008585602026189046
3,0.7760919540229885,2.6965314538635772e-05
4,0.799080459770115,0.006442849202635865
5,0.8055172413793104,0.001222847941426274
6,0.8174712643678161,1.3206558676173778e-05
7,0.8239080459770115,2.6443730303636298e-05
