Iteration,Accuracy,Weight Decay
0,0.4781609195402299,0.0050896874334088165
1,0.48,9.980090697249843e-05
2,0.7641379310344828,0.002920851732910908
3,0.7894252873563219,8.276031520966757e-05
4,0.8165517241379311,0.00021861544027755163
5,0.8179310344827586,0.0009522337792724124
6,0.8294252873563218,0.000716488305284564
7,0.8354022988505747,0.00016503210422510762
