Iteration,Accuracy,Weight Decay
0,0.6023916292974589,0.0004893808104316259
1,0.5356253114100648,4.563656859064894e-05
2,0.7040358744394619,1.4857477871007427e-05
3,0.7613353263577479,0.006848639809061997
4,0.8310911808669657,0.0030726893455249975
5,0.8365719980069756,0.0001789136238529722
6,0.8415545590433483,0.00047062612402252107
7,0.8330842052815147,6.946443406629518e-05
