Iteration,Accuracy,Weight Decay
0,0.6952857142857143,6.516311807404236e-05
1,0.7544285714285714,2.8270437275583678e-05
2,0.8365714285714285,0.009804100719994156
3,0.8591428571428571,0.0001712518542277727
4,0.843,1.875991777883613e-05
5,0.8958571428571429,0.00040040445952569255
6,0.9041428571428571,0.00539932977808487
7,0.9164285714285715,0.0014395054762553967
8,0.9184285714285715,9.278397352138958e-05
9,0.9261428571428572,5.746157331218445e-05
