Iteration,Accuracy,Weight Decay
0,0.6551724137931034,0.000650338765456747
1,0.7071264367816092,0.005685160869550569
2,0.784367816091954,1.0299531553268924e-05
3,0.8022988505747126,0.0006514584989924033
4,0.8248275862068966,0.0005776955577775606
5,0.8257471264367816,0.006583749838069513
6,0.8229885057471265,4.34841742556961e-05
7,0.8216091954022988,0.0002501038868738748
