Iteration,Accuracy,Weight Decay
0,0.6667142857142857,1.8832359139571132e-05
1,0.8548571428571429,0.0031816762821870632
2,0.9031428571428571,1.7364910827976205e-05
3,0.9078571428571428,0.005789650762958296
