Iteration,Accuracy,Weight Decay
0,0.7419033383158944,0.09455040875321775
1,0.7767812655705032,0.08247266789928005
2,0.8350772296960638,0.06545137301945098
3,0.8440458395615347,0.04607786196076218
4,0.8709516691579472,0.02730157616058396
5,0.8849028400597907,0.011981034924538829
6,0.8898854010961634,0.002448651774762514
7,0.8898854010961634,0.00015564563454001894
