Iteration,Accuracy,Weight Decay
0,0.6847142857142857,0.08956689623880071
1,0.765,0.041338346412298756
2,0.8804285714285714,0.005468299804777157
3,0.903,0.00047274822582090244
