Iteration,Accuracy,Weight Decay
0,0.5719980069755854,0.09706882132280426
1,0.5515695067264574,0.09046519793170772
2,0.558046836073742,0.07310626521668034
3,0.5490782262082711,0.04378320141530977
4,0.6013951170901843,0.018243790724546134
5,0.6666666666666666,0.006010088662594013
6,0.71898355754858,0.0018001084090777473
7,0.7339312406576981,0.0005235193184478273
