Iteration,Accuracy,Weight Decay
0,0.6654285714285715,4.937095452132802e-05
1,0.6425714285714286,1.327058194034493e-05
2,0.6455714285714286,0.0007621052857479672
3,0.6325714285714286,0.004106167697697046
4,0.6102857142857143,0.006369358432321194
5,0.6265714285714286,1.2541864158929445e-05
6,0.6917142857142857,2.8433012933063586e-05
7,0.6698571428571428,0.007745025457854183
8,0.7364285714285714,1.0327366680835234e-05
9,0.7512857142857143,6.210239110011811e-05
