Iteration,Accuracy,Weight Decay
0,0.37242857142857144,0.07482254476706554
1,0.6952857142857143,0.05852257374941756
2,0.7587142857142857,0.04422259917565277
3,0.794,0.03192262104577116
4,0.833,0.021622639359772756
5,0.8151428571428572,0.013322654117657533
6,0.8475714285714285,0.007022665319425497
7,0.8627142857142858,0.0027226729650766464
8,0.9024285714285715,0.00042267705461097914
9,0.9258571428571428,0.0001226775880285013
