Iteration,Accuracy,Weight Decay
0,0.5944195316392625,0.018925488238263552
1,0.6223218734429496,0.0047270079827679235
2,0.672645739910314,0.0011806619828161344
3,0.7458893871449925,0.00029489324383393244
4,0.7992027902341804,7.365531077021373e-05
5,0.8579970104633782,1.8396843325823638e-05
6,0.8863976083707026,4.594968656242079e-06
7,0.8938714499252616,1.1476825984711098e-06
