Iteration,Accuracy,Weight Decay
0,0.6214165261382799,0.08245960944858459
1,0.6627318718381113,0.06591207119253231
2,0.8372681281618887,0.049364532936480035
3,0.8811129848229342,0.03281699468042776
4,0.8979763912310287,0.01626945642437548
5,0.9080944350758853,-0.00027808183167679634
