Iteration,Accuracy,Weight Decay
0,0.7664418212478921,0.041773682891187935
1,0.8482293423271501,0.018334280241060232
2,0.8844856661045531,0.008046832567607796
3,0.8979763912310287,0.003531718372347135
4,0.9089376053962901,0.001550055199580515
5,0.9131534569983136,0.0006803122073830045
