Iteration,Accuracy,Weight Decay
0,0.5925714285714285,0.08650002400378849
1,0.6804285714285714,0.07650004178437256
2,0.6685714285714286,0.06650005956495662
3,0.8781428571428571,0.05650007734554069
4,0.8955714285714286,0.046500095126124755
5,0.8995714285714286,0.03650011290670882
6,0.9062857142857143,0.026500130687292886
7,0.8935714285714286,0.01650014846787695
8,0.9078571428571428,0.006500166248461017
9,0.8922857142857142,-0.003499815970954903
