Iteration,Accuracy,Weight Decay
0,0.6347782760338814,0.09706882132280426
1,0.7130044843049327,0.09046519793170772
2,0.8355754857997011,0.07310626521668034
3,0.8639760837070254,0.04378320141530977
4,0.8903836571998007,0.018243790724546134
5,0.8933731938216243,0.006010088662594013
6,0.8958644743398106,0.0018001084090777473
7,0.8978574987543597,0.0005235193184478273
