Iteration,Accuracy,Weight Decay
0,0.6387142857142857,1.5256042266250749e-05
1,0.7805714285714286,5.8828680108990325e-05
2,0.798,0.003472580562280976
3,0.8264285714285714,1.0136930272793908e-05
