Iteration,Accuracy,Weight Decay
0,0.5650224215246636,0.0019651531060601536
1,0.5530642750373692,0.0018458080693910348
2,0.5590433482810164,0.0017264630327219162
3,0.554559043348281,0.0016071179960527975
4,0.558046836073742,0.0014877729593836787
5,0.5640259093173892,0.00136842792271456
6,0.6263079222720478,0.0012490828860454411
7,0.739412057797708,0.0011297378493763223
