Iteration,Accuracy,Weight Decay
0,0.7887394120577977,0.005565315278376449
1,0.841056302939711,0.0008371523922800268
2,0.877927254608869,1.2805713829244834e-05
3,0.8878923766816144,1.0145865661213443e-05
4,0.8953662182361734,0.005931685361871157
5,0.9013452914798207,3.1364981548203196e-05
6,0.9053313403089188,0.0015216251492784025
7,0.9123069257598405,0.0005685101326142199
