Iteration,Accuracy,Weight Decay
0,0.718381112984823,0.000714770463686342
1,0.781618887015177,0.000714770463686342
2,0.8524451939291737,0.000714770463686342
3,0.8617200674536256,0.000714770463686342
4,0.8490725126475548,0.000714770463686342
5,0.8777403035413154,0.000714770463686342
