Iteration,Accuracy,Weight Decay
0,0.6827142857142857,2.869377067127777e-06
1,0.6488571428571429,0.00277374762232651
2,0.8045714285714286,0.00190932807667502
3,0.8787142857142857,0.0019179102616724
