Iteration,Accuracy,Weight Decay
0,0.6829679595278246,0.00031395515415205585
1,0.8001686340640809,0.00019461011748293712
2,0.8617200674536256,7.526508081381834e-05
3,0.8743676222596964,-4.407995585530041e-05
4,0.8794266441821248,-0.00016342499252441916
5,0.842327150084317,-0.0002827700291935379
