Iteration,Accuracy,Weight Decay
0,0.414050822122571,0.09455040875321775
1,0.5331340308918784,0.08247266789928005
2,0.5864474339810662,0.06545137301945098
3,0.7194818136522172,0.04607786196076218
4,0.7543597409068261,0.02730157616058396
5,0.8315894369706028,0.011981034924538829
6,0.8659691081215745,0.002448651774762514
7,0.8505231689088192,0.00015564563454001894
