Iteration,Accuracy,Weight Decay
0,0.47932237169905334,0.0722504203169805
1,0.5132037867463877,0.052563218514838285
2,0.5151968111609367,0.03600096937970277
3,0.5176880916791231,0.02256367291157395
4,0.5714997508719482,0.012251329110451837
5,0.617339312406577,0.005063937976336426
6,0.6786248131539612,0.0010014995092277146
7,0.7339312406576981,6.401370912570431e-05
