Iteration,Accuracy,Weight Decay
0,0.6180438448566611,0.09623406949124648
1,0.606239460370995,0.08285422480701589
2,0.7748735244519392,0.047877320869366004
3,0.8330522765598651,0.015206179604296877
4,0.8330522765598651,0.003819399833108084
5,0.8473861720067454,0.0013164192457227669
