Iteration,Accuracy,Weight Decay
0,0.7641428571428571,0.0013092695688317352
1,0.738,0.003847447981547519
2,0.728,0.005661442595587255
3,0.7201428571428572,0.00481050388353586
