Iteration,Accuracy,Weight Decay
0,0.5978077571669477,0.09254828078406145
1,0.6382799325463744,0.07381604081063549
2,0.6998313659359191,0.04879807301935227
3,0.8718381112984823,0.024197921676153977
4,0.8752107925801011,0.006607177467133997
5,0.8962900505902193,0.0007392660973616683
