Iteration,Accuracy,Weight Decay
0,0.6930860033726813,1.3262062894900904e-05
1,0.7504215851602024,0.0005449487571583538
2,0.8288364249578415,0.007054628861962654
3,0.8617200674536256,0.00022539166032338755
4,0.8870151770657673,2.9477219575567932e-05
5,0.9089376053962901,0.002365147872677301
