Iteration,Accuracy,Weight Decay
0,0.5690084703537618,0.09455040875321775
1,0.513702042850025,0.08247266789928005
2,0.49327354260089684,0.06545137301945098
3,0.5555555555555556,0.04607786196076218
4,0.5844544095665172,0.02730157616058396
5,0.6447433981066268,0.011981034924538829
6,0.7040358744394619,0.002448651774762514
7,0.7174887892376681,0.00015564563454001894
