Iteration,Accuracy,Weight Decay
0,0.6871838111298483,4.815297862032934e-06
1,0.7445193929173693,0.0004982290216050967
2,0.8313659359190556,1.409240098658793e-07
3,0.8136593591905565,0.00013713943858997027
4,0.8355817875210793,2.192787454395522e-07
5,0.8389544688026982,1.6297508346206433e-08
