Iteration,Accuracy,Weight Decay
0,0.755,1.77805840656653e-07
1,0.7938571428571428,1.77805840656653e-07
2,0.8494285714285714,1.77805840656653e-07
3,0.8744285714285714,1.77805840656653e-07
4,0.8842857142857142,1.77805840656653e-07
5,0.9032857142857142,1.77805840656653e-07
6,0.9095714285714286,1.77805840656653e-07
7,0.9212857142857143,1.77805840656653e-07
8,0.926,1.77805840656653e-07
9,0.9274285714285714,1.77805840656653e-07
