Iteration,Accuracy,Weight Decay
0,0.5951428571428572,0.05112258690704978
1,0.6408571428571429,0.021622639359772756
2,0.7115714285714285,0.004622669586765671
3,0.7834285714285715,0.0001226775880285013
