Iteration,Accuracy,Weight Decay
0,0.5152857142857142,0.08956689623880071
1,0.6962857142857143,0.041338346412298756
2,0.7152857142857143,0.005468299804777157
3,0.7968571428571428,0.00047274822582090244
