Iteration,Accuracy,Weight Decay
0,0.5126475548060708,0.08245960944858459
1,0.5986509274873525,0.06591207119253231
2,0.6720067453625632,0.049364532936480035
3,0.7782462057335582,0.03281699468042776
4,0.866779089376054,0.01626945642437548
5,0.8768971332209107,-0.00027808183167679634
