Iteration,Accuracy,Weight Decay
0,0.760539629005059,0.09623406949124648
1,0.7858347386172007,0.08285422480701589
2,0.8532883642495784,0.047877320869366004
3,0.8600337268128162,0.015206179604296877
4,0.8701517706576728,0.003819399833108084
5,0.8844856661045531,0.0013164192457227669
