Iteration,Accuracy,Weight Decay
0,0.7693074240159442,0.09455040875321775
1,0.8141504733432985,0.08247266789928005
2,0.8400597907324364,0.06545137301945098
3,0.8495266567015446,0.04607786196076218
4,0.8574987543597409,0.02730157616058396
5,0.8704534130543099,0.011981034924538829
6,0.8844045839561535,0.002448651774762514
7,0.8834080717488789,0.00015564563454001894
