Iteration,Accuracy,Weight Decay
0,0.8164285714285714,0.08956689623880071
1,0.8435714285714285,0.041338346412298756
2,0.8732857142857143,0.005468299804777157
3,0.9062857142857143,0.00047274822582090244
