Iteration,Accuracy,Weight Decay
0,0.7133220910623946,0.000714770463686342
1,0.8229342327150084,0.000714770463686342
2,0.8271500843170321,0.000714770463686342
3,0.8659359190556493,0.000714770463686342
4,0.8743676222596964,0.000714770463686342
5,0.8853288364249579,0.000714770463686342
