Iteration,Accuracy,Weight Decay
0,0.5221723966118585,0.018925488238263552
1,0.5645241654210265,0.0047270079827679235
2,0.5864474339810662,0.0011806619828161344
3,0.585949177877429,0.00029489324383393244
4,0.6945690084703537,7.365531077021373e-05
5,0.7648231190832088,1.8396843325823638e-05
6,0.7952167414050823,4.594968656242079e-06
7,0.8251121076233184,1.1476825984711098e-06
