Iteration,Accuracy,Weight Decay
0,0.5463743676222597,0.09254828078406145
1,0.6888701517706577,0.07381604081063549
2,0.7209106239460371,0.04879807301935227
3,0.8161888701517707,0.024197921676153977
4,0.8617200674536256,0.006607177467133997
5,0.8836424957841484,0.0007392660973616683
