Iteration,Accuracy,Weight Decay
0,0.5160202360876898,0.09254828078406145
1,0.5994940978077572,0.07381604081063549
2,0.7335581787521079,0.04879807301935227
3,0.7504215851602024,0.024197921676153977
4,0.7875210792580101,0.006607177467133997
5,0.8482293423271501,0.0007392660973616683
