Iteration,Accuracy,Weight Decay
0,0.5938571428571429,0.08650002400378849
1,0.5491428571428572,0.07650004178437256
2,0.5468571428571428,0.06650005956495662
3,0.5817142857142857,0.05650007734554069
4,0.608,0.046500095126124755
5,0.5798571428571428,0.03650011290670882
6,0.5778571428571428,0.026500130687292886
7,0.6101428571428571,0.01650014846787695
8,0.698,0.006500166248461017
9,0.7077142857142857,-0.003499815970954903
