Iteration,Accuracy,Weight Decay
0,0.5084317032040472,0.041773682891187935
1,0.5084317032040472,0.018334280241060232
2,0.5084317032040472,0.008046832567607796
3,0.5084317032040472,0.003531718372347135
4,0.5084317032040472,0.001550055199580515
5,0.5084317032040472,0.0006803122073830045
