Iteration,Accuracy,Weight Decay
0,0.768,0.0715000506746646
1,0.8728571428571429,0.046500095126124755
2,0.8788571428571429,0.021500139577584912
3,0.8908571428571429,-0.003499815970954903
