Iteration,Accuracy,Weight Decay
0,0.7501428571428571,0.08126216613380753
1,0.8828571428571429,0.04451338310406878
2,0.9084285714285715,0.010978637918546164
3,0.9154285714285715,0.0003021294961929753
