Iteration,Accuracy,Weight Decay
0,0.7158620689655173,5.95501370565999e-05
1,0.7659770114942529,5.95501370565999e-05
2,0.7802298850574713,5.95501370565999e-05
3,0.8055172413793104,5.95501370565999e-05
4,0.8183908045977012,5.95501370565999e-05
5,0.8280459770114943,5.95501370565999e-05
6,0.8372413793103448,5.95501370565999e-05
7,0.8386206896551724,5.95501370565999e-05
