Iteration,Accuracy,Weight Decay
0,0.7622857142857142,0.0033977714287433238
1,0.8675714285714285,0.003350033414075676
2,0.8862857142857142,0.0033022953994080286
3,0.898,0.003254557384740381
4,0.9008571428571429,0.0032068193700727343
5,0.9164285714285715,0.0031590813554050867
6,0.9227142857142857,0.003111343340737439
7,0.925,0.0030636053260697915
8,0.9231428571428572,0.003015867311402144
9,0.927,0.0029681292967344963
