Iteration,Accuracy,Weight Decay
0,0.6087689713322091,0.09254828078406145
1,0.6458684654300169,0.07381604081063549
2,0.7217537942664418,0.04879807301935227
3,0.863406408094435,0.024197921676153977
4,0.8431703204047217,0.006607177467133997
5,0.8819561551433389,0.0007392660973616683
