Iteration,Accuracy,Weight Decay
0,0.772,0.0715000506746646
1,0.8938571428571429,0.046500095126124755
2,0.9002857142857142,0.021500139577584912
3,0.8771428571428571,-0.003499815970954903
