Iteration,Accuracy,Weight Decay
0,0.6374367622259697,4.815297862032934e-06
1,0.7293423271500843,0.0004982290216050967
2,0.8313659359190556,1.409240098658793e-07
3,0.8591905564924115,0.00013713943858997027
4,0.8760539629005059,2.192787454395522e-07
5,0.8549747048903878,1.6297508346206433e-08
