Iteration,Accuracy,Weight Decay
0,0.7706576728499157,0.08245960944858459
1,0.8195615514333895,0.06591207119253231
2,0.8541315345699831,0.049364532936480035
3,0.8701517706576728,0.03281699468042776
4,0.8642495784148398,0.01626945642437548
5,0.8701517706576728,-0.00027808183167679634
