Iteration,Accuracy,Weight Decay
0,0.6013951170901843,0.0019651531060601536
1,0.5969108121574489,0.0018458080693910348
2,0.591429995017439,0.0017264630327219162
3,0.611858495266567,0.0016071179960527975
4,0.6711509715994021,0.0014877729593836787
5,0.6596910812157449,0.00136842792271456
6,0.6776283009466866,0.0012490828860454411
7,0.7140009965122073,0.0011297378493763223
