Iteration,Accuracy,Weight Decay
0,0.5854509217737918,0.09706882132280426
1,0.772795216741405,0.09046519793170772
2,0.7807673143996013,0.07310626521668034
3,0.8599900348779272,0.04378320141530977
4,0.8774289985052317,0.018243790724546134
5,0.8953662182361734,0.006010088662594013
6,0.8943697060288989,0.0018001084090777473
7,0.9023418036870952,0.0005235193184478273
