Iteration,Accuracy,Weight Decay
0,0.6077142857142858,0.07482254476706554
1,0.7824285714285715,0.05852257374941756
2,0.8454285714285714,0.04422259917565277
3,0.8505714285714285,0.03192262104577116
4,0.8527142857142858,0.021622639359772756
5,0.85,0.013322654117657533
6,0.8511428571428571,0.007022665319425497
7,0.8711428571428571,0.0027226729650766464
8,0.8855714285714286,0.00042267705461097914
9,0.8865714285714286,0.0001226775880285013
