Iteration,Accuracy,Weight Decay
0,0.7359242650722472,1.51465578557073e-06
1,0.8475336322869955,1.51465578557073e-06
2,0.85949177877429,1.51465578557073e-06
3,0.8804185351270553,1.51465578557073e-06
4,0.8849028400597907,1.51465578557073e-06
5,0.8809167912306926,1.51465578557073e-06
6,0.8888888888888888,1.51465578557073e-06
7,0.8958644743398106,1.51465578557073e-06
