Iteration,Accuracy,Weight Decay
0,0.7631428571428571,0.0011777236236858151
1,0.8108571428571428,0.003653149626516946
2,0.8475714285714285,0.0002110377988367193
3,0.8715714285714286,0.00010484192008036695
4,0.895,0.002152464730812676
5,0.8974285714285715,0.00013988776491707401
6,0.9035714285714286,0.0018208365282224432
7,0.9125714285714286,0.00012382499658863475
8,0.9162857142857143,2.000537860221014e-05
9,0.9127142857142857,0.00010193530079129642
