Iteration,Accuracy,Weight Decay
0,0.6807142857142857,0.08650002400378849
1,0.8087142857142857,0.07650004178437256
2,0.8334285714285714,0.06650005956495662
3,0.8534285714285714,0.05650007734554069
4,0.8651428571428571,0.046500095126124755
5,0.8532857142857143,0.03650011290670882
6,0.8741428571428571,0.026500130687292886
7,0.872,0.01650014846787695
8,0.8901428571428571,0.006500166248461017
9,0.8685714285714285,-0.003499815970954903
