Iteration,Accuracy,Weight Decay
0,0.8237142857142857,0.08956689623880071
1,0.8844285714285715,0.041338346412298756
2,0.8958571428571429,0.005468299804777157
3,0.9085714285714286,0.00047274822582090244
