Iteration,Accuracy,Weight Decay
0,0.5522765598650927,0.00011378488354917109
1,0.7681281618887015,0.002779864480266577
2,0.8229342327150084,0.00012351268657210485
3,0.842327150084317,0.0011615918631153904
4,0.8524451939291737,0.001594923540762587
5,0.887858347386172,0.00028311990865189176
