Iteration,Accuracy,Weight Decay
0,0.7641428571428571,1.4385704481782045e-05
1,0.7875714285714286,0.00010175359620023698
2,0.8412857142857143,4.365872872520329e-05
3,0.8528571428571429,0.004456847204573252
