Iteration,Accuracy,Weight Decay
0,0.6865714285714286,0.08650002400378849
1,0.7351428571428571,0.07650004178437256
2,0.7774285714285715,0.06650005956495662
3,0.7794285714285715,0.05650007734554069
4,0.8402857142857143,0.046500095126124755
5,0.8562857142857143,0.03650011290670882
6,0.8717142857142857,0.026500130687292886
7,0.8788571428571429,0.01650014846787695
8,0.8757142857142857,0.006500166248461017
9,0.909,-0.003499815970954903
