Iteration,Accuracy,Weight Decay
0,0.2700548081714001,0.09455040875321775
1,0.3831589436970603,0.08247266789928005
2,0.36422521175884404,0.06545137301945098
3,0.40956651718983555,0.04607786196076218
4,0.35276532137518685,0.02730157616058396
5,0.47384155455904337,0.011981034924538829
6,0.7030393622321873,0.002448651774762514
7,0.7130044843049327,0.00015564563454001894
