Iteration,Accuracy,Weight Decay
0,0.7029885057471265,5.95501370565999e-05
1,0.7820689655172414,5.95501370565999e-05
2,0.7986206896551724,5.95501370565999e-05
3,0.8188505747126437,5.95501370565999e-05
4,0.8285057471264368,5.95501370565999e-05
5,0.825287356321839,5.95501370565999e-05
6,0.8229885057471265,5.95501370565999e-05
7,0.8216091954022988,5.95501370565999e-05
