Iteration,Accuracy,Weight Decay
0,0.6763218390804597,2.4313285004204436e-08
1,0.6809195402298851,1.7640969257885612e-07
2,0.7760919540229885,3.199267137797384e-07
3,0.7977011494252874,3.96396275506239e-05
4,0.8174712643678161,0.0005580305251442092
5,0.8202298850574713,1.5487250883917444e-05
6,0.8119540229885057,6.0274239009094145e-05
7,0.8354022988505747,1.3530477745798077e-08
