Iteration,Accuracy,Weight Decay
0,0.5910623946037099,0.09254828078406145
1,0.7984822934232715,0.07381604081063549
2,0.8532883642495784,0.04879807301935227
3,0.8912310286677909,0.024197921676153977
4,0.8777403035413154,0.006607177467133997
5,0.9005059021922428,0.0007392660973616683
