Iteration,Accuracy,Weight Decay
0,0.5020689655172413,6.965400072224878e-05
1,0.7328735632183908,0.007687759125397032
2,0.76,0.00369933277312698
3,0.791264367816092,1.199930471187429e-05
4,0.8013793103448276,0.0005793696455599129
5,0.8298850574712644,2.4158817117241652e-05
6,0.8381609195402299,0.0019179645771415159
7,0.8372413793103448,8.395072361243863e-05
