Iteration,Accuracy,Weight Decay
0,0.559,0.08956689623880071
1,0.7637142857142857,0.041338346412298756
2,0.7925714285714286,0.005468299804777157
3,0.8974285714285715,0.00047274822582090244
