Iteration,Accuracy,Weight Decay
0,0.7732934728450424,0.018925488238263552
1,0.8530144494270054,0.0047270079827679235
2,0.8649725959143,0.0011806619828161344
3,0.877927254608869,0.00029489324383393244
4,0.877927254608869,7.365531077021373e-05
5,0.8834080717488789,1.8396843325823638e-05
6,0.8863976083707026,4.594968656242079e-06
7,0.8958644743398106,1.1476825984711098e-06
