Iteration,Accuracy,Weight Decay
0,0.5888571428571429,3.237317102391425e-05
1,0.5951428571428572,3.4818730605496686e-05
2,0.5958571428571429,1.2865819082206696e-05
3,0.6008571428571429,7.570325374138885e-05
