Iteration,Accuracy,Weight Decay
0,0.7234678624813154,0.08500022719836783
1,0.820627802690583,0.07250041653034103
2,0.8505231689088192,0.06000060586231423
3,0.8769307424015944,0.047500795194287425
4,0.8719481813652217,0.03500098452626062
5,0.8739412057797707,0.022501173858233817
6,0.8799202790234181,0.010001363190207016
7,0.8555057299451918,-0.0024984474778197846
