Iteration,Accuracy,Weight Decay
0,0.524451939291737,0.06801802122791924
1,0.6736930860033726,0.043527664608961875
2,0.7040472175379426,0.02455315407535525
3,0.769814502529511,0.011094489627099403
4,0.790893760539629,0.0031516712641943057
5,0.7925801011804384,0.0007246989866399735
