Iteration,Accuracy,Weight Decay
0,0.7957142857142857,0.00011834663570035232
1,0.7924285714285715,2.753612562481409e-05
2,0.8467142857142858,0.0021047569328104506
3,0.845,0.0019071183209754701
4,0.8461428571428572,0.007921828842182146
5,0.8437142857142857,9.172349915332436e-05
6,0.8712857142857143,7.688411280661965e-05
7,0.869,2.5928451622178524e-05
8,0.8771428571428571,0.0008400362358854535
9,0.8798571428571429,0.00014431153112376294
