Iteration,Accuracy,Weight Decay
0,0.5118043844856661,0.0004497002342003853
1,0.596964586846543,1.5169619342803375e-05
2,0.7495784148397976,8.35589066633064e-05
3,0.7917369308600337,0.00016465550715943754
4,0.8465430016863407,0.00014288454983441083
5,0.8777403035413154,0.0056821994396979505
