Iteration,Accuracy,Weight Decay
0,0.6681428571428571,0.07482254476706554
1,0.7632857142857142,0.05852257374941756
2,0.15871428571428572,0.04422259917565277
3,0.8441428571428572,0.03192262104577116
4,0.8591428571428571,0.021622639359772756
5,0.8865714285714286,0.013322654117657533
6,0.8892857142857142,0.007022665319425497
7,0.903,0.0027226729650766464
8,0.8958571428571429,0.00042267705461097914
9,0.9162857142857143,0.0001226775880285013
