Iteration,Accuracy,Weight Decay
0,0.7359242650722472,0.09455040875321775
1,0.8390632785251619,0.08247266789928005
2,0.8295964125560538,0.06545137301945098
3,0.8525161933233683,0.04607786196076218
4,0.8814150473343298,0.02730157616058396
5,0.890881913303438,0.011981034924538829
6,0.8888888888888888,0.002448651774762514
7,0.8829098156452416,0.00015564563454001894
