Iteration,Accuracy,Weight Decay
0,0.7812655705032386,0.0007924828983539
1,0.8505231689088192,0.00019812203523477496
2,0.8639760837070254,1.7073526474706922e-06
3,0.8764324862979571,0.00043789432981655344
4,0.8873941205779771,0.0008342823480416806
5,0.8883906327852517,6.949760391706498e-06
6,0.8963627304434479,0.0089021508544503
7,0.9018435475834579,0.0006579332246575
