Iteration,Accuracy,Weight Decay
0,0.8057142857142857,0.0033977714287433238
1,0.8321428571428572,0.003350033414075676
2,0.8774285714285714,0.0033022953994080286
3,0.8105714285714286,0.003254557384740381
4,0.9064285714285715,0.0032068193700727343
5,0.9154285714285715,0.0031590813554050867
6,0.9211428571428572,0.003111343340737439
7,0.9274285714285714,0.0030636053260697915
8,0.9294285714285714,0.003015867311402144
9,0.9308571428571428,0.0029681292967344963
