Iteration,Accuracy,Weight Decay
0,0.6776283009466866,0.0722504203169805
1,0.8186347782760339,0.052563218514838285
2,0.8510214250124564,0.03600096937970277
3,0.8754359740906826,0.02256367291157395
4,0.8873941205779771,0.012251329110451837
5,0.8953662182361734,0.005063937976336426
6,0.9003487792725461,0.0010014995092277146
7,0.9003487792725461,6.401370912570431e-05
