Iteration,Accuracy,Weight Decay
0,0.5839561534628799,0.0007924828983539
1,0.5889387144992526,0.00019812203523477496
2,0.5809666168410563,1.7073526474706922e-06
3,0.554559043348281,0.00043789432981655344
4,0.5535625311410065,0.0008342823480416806
5,0.591429995017439,6.949760391706498e-06
6,0.5326357747882412,0.0089021508544503
7,0.6970602889885401,0.0006579332246575
