Iteration,Accuracy,Weight Decay
0,0.31340308918784254,0.09455040875321775
1,0.29197807673143994,0.08247266789928005
2,0.36273044344793226,0.06545137301945098
3,0.312406576980568,0.04607786196076218
4,0.37369207772795215,0.02730157616058396
5,0.47234678624813153,0.011981034924538829
6,0.6865969108121575,0.002448651774762514
7,0.7478824115595416,0.00015564563454001894
