Iteration,Accuracy,Weight Decay
0,0.44114285714285717,0.0071340919757048255
1,0.5968571428571429,1.7697434982290845e-06
2,0.5997142857142858,0.00023777479666081832
3,0.5964285714285714,0.001284764685431755
4,0.5867142857142857,0.00277374762232651
5,0.5671428571428572,0.003298654464196375
6,0.6084285714285714,0.00258257950735642
7,0.5971428571428572,0.001485072748559495
8,0.6028571428571429,0.0013682422858920349
9,0.6105714285714285,0.0019179102616724
