Iteration,Accuracy,Weight Decay
0,0.52,5.99030482063902e-05
1,0.7080459770114943,-5.944198846272857e-05
2,0.7273563218390805,-0.00017878702513184736
3,0.7526436781609196,-0.0002981320618009661
4,0.783448275862069,-0.0004174770984700848
5,0.7926436781609195,-0.0005368221351392036
6,0.8344827586206897,-0.0006561671718083224
7,0.8606896551724138,-0.0007755122084774412
