Iteration,Accuracy,Weight Decay
0,0.6692857142857143,0.08126216613380753
1,0.7894285714285715,0.04451338310406878
2,0.838,0.010978637918546164
3,0.8785714285714286,0.0003021294961929753
