Iteration,Accuracy,Weight Decay
0,0.7055306427503737,4.855391701639597e-05
1,0.807673143996014,0.0017959856210056251
2,0.8754359740906826,0.000986896637143377
3,0.866965620328849,0.0030352871075450616
4,0.8938714499252616,0.0002405800042734139
5,0.8888888888888888,0.0012063973860087257
6,0.9033383158943697,2.920764001067877e-05
7,0.9018435475834579,0.00036314572132171736
