Iteration,Accuracy,Weight Decay
0,0.6225714285714286,2.869377067127777e-06
1,0.5614285714285714,0.00277374762232651
2,0.7801428571428571,0.00190932807667502
3,0.7185714285714285,0.0019179102616724
