Iteration,Accuracy,Weight Decay
0,0.7483806676631789,0.08500022719836783
1,0.8256103637269556,0.07250041653034103
2,0.8091679123069258,0.06000060586231423
3,0.84853014449427,0.047500795194287425
4,0.8604882909815645,0.03500098452626062
5,0.8709516691579472,0.022501173858233817
6,0.8794220229197808,0.010001363190207016
7,0.8545092177379173,-0.0024984474778197846
