Iteration,Accuracy,Weight Decay
0,0.6188870151770658,4.815297862032934e-06
1,0.7529510961214165,0.0004982290216050967
2,0.8229342327150084,1.409240098658793e-07
3,0.8524451939291737,0.00013713943858997027
4,0.8743676222596964,2.192787454395522e-07
5,0.8979763912310287,1.6297508346206433e-08
