Iteration,Accuracy,Weight Decay
0,0.6781428571428572,0.0071340919757048255
1,0.6807142857142857,1.7697434982290845e-06
2,0.682,0.00023777479666081832
3,0.6785714285714286,0.001284764685431755
4,0.6638571428571428,0.00277374762232651
5,0.6965714285714286,0.003298654464196375
6,0.6807142857142857,0.00258257950735642
7,0.664,0.001485072748559495
8,0.661,0.0013682422858920349
9,0.7181428571428572,0.0019179102616724
