Iteration,Accuracy,Weight Decay
0,0.4419531639262581,0.003646995797147569
1,0.6507224713502741,0.00730095226470993
2,0.7747882411559541,0.002148815868636007
3,0.8196312904833084,0.005599076418189358
4,0.8191330343796711,0.009658037074114889
5,0.8320876930742401,0.002187111604256039
6,0.8415545590433483,0.0021098769270671293
7,0.8624813153961136,2.5351308671372982e-05
