Iteration,Accuracy,Weight Decay
0,0.6669477234401349,0.0003139551541520559
1,0.8010118043844857,0.00019461011748293712
2,0.8490725126475548,7.526508081381837e-05
3,0.8676222596964587,-4.4079955855300356e-05
4,0.8608768971332209,-0.0001634249925244192
5,0.8827993254637436,-0.0002827700291935379
