Iteration,Accuracy,Weight Decay
0,0.7687142857142857,0.016739508918050823
1,0.7367142857142858,0.004453867730520001
2,0.8297142857142857,0.0011850370197883447
3,0.8771428571428571,0.0003153018507141175
4,0.885,8.389211088232821e-05
5,0.8928571428571429,2.2321106750096656e-05
6,0.9058571428571428,5.938958995179634e-06
7,0.9128571428571428,1.5801740631105742e-06
8,0.923,4.204356473506604e-07
9,0.9157142857142857,1.118649759477795e-07
