Iteration,Accuracy,Weight Decay
0,0.5042351768809168,0.09455040875321775
1,0.34927752864972594,0.08247266789928005
2,0.30493273542600896,0.06545137301945098
3,0.388141504733433,0.04607786196076218
4,0.39561534628799205,0.02730157616058396
5,0.45739910313901344,0.011981034924538829
6,0.5994020926756353,0.002448651774762514
7,0.7404085700049826,0.00015564563454001894
