Iteration,Accuracy,Weight Decay
0,0.3404285714285714,0.07482254476706554
1,0.7575714285714286,0.05852257374941756
2,0.7604285714285715,0.04422259917565277
3,0.774,0.03192262104577116
4,0.8368571428571429,0.021622639359772756
5,0.8441428571428572,0.013322654117657533
6,0.8332857142857143,0.007022665319425497
7,0.8241428571428572,0.0027226729650766464
8,0.821,0.00042267705461097914
9,0.6611428571428571,0.0001226775880285013
