Iteration,Accuracy,Weight Decay
0,0.6738571428571428,0.0011443094055171245
1,0.6764285714285714,5.7632580417000235e-05
2,0.8174285714285714,0.0019244751810678434
3,0.8744285714285714,5.083538299856589e-05
