Iteration,Accuracy,Weight Decay
0,0.534130543099153,0.08500022719836783
1,0.5376183358246138,0.07250041653034103
2,0.4857997010463378,0.06000060586231423
3,0.4648729446935725,0.047500795194287425
4,0.5146985550572994,0.03500098452626062
5,0.5142002989536621,0.022501173858233817
6,0.5904334828101644,0.010001363190207016
7,0.5829596412556054,-0.0024984474778197846
