Iteration,Accuracy,Weight Decay
0,0.684654300168634,0.06801802122791924
1,0.784991568296796,0.043527664608961875
2,0.8583473861720068,0.02455315407535525
3,0.8861720067453626,0.011094489627099403
4,0.9005059021922428,0.0031516712641943057
5,0.8946037099494097,0.0007246989866399735
