Iteration,Accuracy,Weight Decay
0,0.6392857142857142,0.07482254476706554
1,0.6625714285714286,0.05852257374941756
2,0.6621428571428571,0.04422259917565277
3,0.7401428571428571,0.03192262104577116
4,0.7254285714285714,0.021622639359772756
5,0.7591428571428571,0.013322654117657533
6,0.8021428571428572,0.007022665319425497
7,0.7725714285714286,0.0027226729650766464
8,0.844,0.00042267705461097914
9,0.8594285714285714,0.0001226775880285013
