Iteration,Accuracy,Weight Decay
0,0.7409068261086198,0.0008716380871080311
1,0.8141504733432985,1.7307641549817908e-05
2,0.8300946686596911,0.0033763004714824395
3,0.8475336322869955,0.004740411503684879
4,0.8460388639760837,6.739934359084681e-05
5,0.8515196811160937,0.00019756341252953713
6,0.85949177877429,4.03807205412593e-05
7,0.8639760837070254,0.0008181439901374649
