Iteration,Accuracy,Weight Decay
0,0.5857142857142857,0.05112258690704978
1,0.6385714285714286,0.021622639359772756
2,0.6902857142857143,0.004622669586765671
3,0.7878571428571428,0.0001226775880285013
