Iteration,Accuracy,Weight Decay
0,0.6861428571428572,0.016739508918050823
1,0.761,0.004453867730520001
2,0.6798571428571428,0.0011850370197883447
3,0.8254285714285714,0.0003153018507141175
4,0.8682857142857143,8.389211088232821e-05
5,0.8714285714285714,2.2321106750096656e-05
6,0.8848571428571429,5.938958995179634e-06
7,0.9057142857142857,1.5801740631105742e-06
8,0.9065714285714286,4.204356473506604e-07
9,0.9285714285714286,1.118649759477795e-07
