Iteration,Accuracy,Weight Decay
0,0.635,2.4109133979762213e-05
1,0.795,0.0048586708031813424
2,0.8534285714285714,1.3829037883541945e-05
3,0.7972857142857143,2.1417734410810254e-05
4,0.8897142857142857,0.005500591561329761
5,0.8255714285714286,0.00024517560797158837
6,0.9107142857142857,0.0026389911117910385
7,0.9152857142857143,0.00011078707231242122
8,0.9188571428571428,0.0019307574948919978
9,0.9284285714285714,2.1546864802612205e-05
