Iteration,Accuracy,Weight Decay
0,0.6565714285714286,0.07482254476706554
1,0.6977142857142857,0.05852257374941756
2,0.6972857142857143,0.04422259917565277
3,0.8475714285714285,0.03192262104577116
4,0.8632857142857143,0.021622639359772756
5,0.863,0.013322654117657533
6,0.8627142857142858,0.007022665319425497
7,0.8918571428571429,0.0027226729650766464
8,0.9152857142857143,0.00042267705461097914
9,0.9118571428571428,0.0001226775880285013
