Iteration,Accuracy,Weight Decay
0,0.57847533632287,0.018925488238263552
1,0.5705032386646737,0.0047270079827679235
2,0.5705032386646737,0.0011806619828161344
3,0.604384653712008,0.00029489324383393244
4,0.611858495266567,7.365531077021373e-05
5,0.6183358246138515,1.8396843325823638e-05
6,0.674638764324863,4.594968656242079e-06
7,0.7653213751868461,1.1476825984711098e-06
