Iteration,Accuracy,Weight Decay
0,0.7050323866467364,0.09706882132280426
1,0.7568510214250125,0.09046519793170772
2,0.7842551071250623,0.07310626521668034
3,0.8241155954160438,0.04378320141530977
4,0.8535127055306427,0.018243790724546134
5,0.8649725959143,0.006010088662594013
6,0.8674638764324863,0.0018001084090777473
7,0.8794220229197808,0.0005235193184478273
