Iteration,Accuracy,Weight Decay
0,0.6958571428571428,0.016739508918050823
1,0.6997142857142857,0.004453867730520001
2,0.6868571428571428,0.0011850370197883447
3,0.6798571428571428,0.0003153018507141175
4,0.6765714285714286,8.389211088232821e-05
5,0.67,2.2321106750096656e-05
6,0.6575714285714286,5.938958995179634e-06
7,0.6511428571428571,1.5801740631105742e-06
8,0.7345714285714285,4.204356473506604e-07
9,0.7367142857142858,1.118649759477795e-07
