Iteration,Accuracy,Weight Decay
0,0.6155143338954469,0.08245960944858459
1,0.7757166947723441,0.06591207119253231
2,0.8752107925801011,0.049364532936480035
3,0.9013490725126475,0.03281699468042776
4,0.8903878583473862,0.01626945642437548
5,0.8979763912310287,-0.00027808183167679634
