Iteration,Accuracy,Weight Decay
0,0.6201428571428571,0.0033261644067418524
1,0.6311428571428571,0.0032068193700727343
2,0.6807142857142857,0.0030874743334036153
3,0.6855714285714286,0.0029681292967344963
