Iteration,Accuracy,Weight Decay
0,0.28649725959143,0.0722504203169805
1,0.5276532137518685,0.052563218514838285
2,0.7070254110612855,0.03600096937970277
3,0.794718485301445,0.02256367291157395
4,0.8525161933233683,0.012251329110451837
5,0.8769307424015944,0.005063937976336426
6,0.8938714499252616,0.0010014995092277146
7,0.8898854010961634,6.401370912570431e-05
