Iteration,Accuracy,Weight Decay
0,0.5246636771300448,0.018925488238263552
1,0.5495764823119084,0.0047270079827679235
2,0.5789735924265073,0.0011806619828161344
3,0.5919282511210763,0.00029489324383393244
4,0.6053811659192825,7.365531077021373e-05
5,0.6128550074738416,1.8396843325823638e-05
6,0.6557050323866468,4.594968656242079e-06
7,0.6527154957648231,1.1476825984711098e-06
