Iteration,Accuracy,Weight Decay
0,0.7812655705032386,0.018925488238263552
1,0.8425510712506228,0.0047270079827679235
2,0.8759342301943199,0.0011806619828161344
3,0.8824115595416044,0.00029489324383393244
4,0.8809167912306926,7.365531077021373e-05
5,0.8938714499252616,1.8396843325823638e-05
6,0.8958644743398106,4.594968656242079e-06
7,0.8893871449925261,1.1476825984711098e-06
