Iteration,Accuracy,Weight Decay
0,0.52,5.99030482063902e-05
1,0.52,-5.944198846272857e-05
2,0.7627586206896552,-0.00017878702513184736
3,0.7682758620689655,-0.0002981320618009661
4,0.8124137931034483,-0.0004174770984700848
5,0.7972413793103448,-0.0005368221351392036
6,0.8271264367816092,-0.0006561671718083224
7,0.8422988505747127,-0.0007755122084774412
