Iteration,Accuracy,Weight Decay
0,0.7158516020236088,0.06801802122791924
1,0.7858347386172007,0.043527664608961875
2,0.8499156829679595,0.02455315407535525
3,0.8811129848229342,0.011094489627099403
4,0.893760539629005,0.0031516712641943057
5,0.9190556492411467,0.0007246989866399735
