Iteration,Accuracy,Weight Decay
0,0.700548081714001,0.08500022719836783
1,0.7992027902341804,0.07250041653034103
2,0.7932237169905332,0.06000060586231423
3,0.8121574489287494,0.047500795194287425
4,0.8315894369706028,0.03500098452626062
5,0.8440458395615347,0.022501173858233817
6,0.8574987543597409,0.010001363190207016
7,0.8271051320378675,-0.0024984474778197846
