Iteration,Accuracy,Weight Decay
0,0.8414285714285714,0.0033261644067418524
1,0.854,0.0032068193700727343
2,0.8948571428571429,0.0030874743334036153
3,0.9118571428571428,0.0029681292967344963
