Iteration,Accuracy,Weight Decay
0,0.654300168634064,0.000714770463686342
1,0.7065767284991569,0.000714770463686342
2,0.7293423271500843,0.000714770463686342
3,0.8549747048903878,0.000714770463686342
4,0.8617200674536256,0.000714770463686342
5,0.8642495784148398,0.000714770463686342
