Iteration,Accuracy,Weight Decay
0,0.7038571428571428,0.003048167799730269
1,0.6997142857142857,0.0002794225773123708
2,0.713,2.185689746034222e-05
3,0.7105714285714285,0.00013935544482618
4,0.7088571428571429,0.0003193119636214327
5,0.7055714285714285,6.70626219888897e-05
6,0.7177142857142857,9.572728322772491e-05
7,0.7181428571428572,9.190570918309087e-05
8,0.715,0.00041755746981202076
9,0.6725714285714286,0.0037523483158871
