Iteration,Accuracy,Weight Decay
0,0.8155714285714286,0.0008082465925628746
1,0.8445714285714285,4.087697772437958e-05
2,0.8837142857142857,5.818297672444819e-05
3,0.9005714285714286,3.5302612250634484e-05
