Iteration,Accuracy,Weight Decay
0,0.8247142857142857,0.0715000506746646
1,0.8501428571428571,0.046500095126124755
2,0.8881428571428571,0.021500139577584912
3,0.8935714285714286,-0.003499815970954903
