Iteration,Accuracy,Weight Decay
0,0.5213793103448275,0.0025217393351390166
1,0.7944827586206896,0.004776372344689606
2,0.8050574712643678,0.0005650209957295005
3,0.7894252873563219,0.0008135378248155944
4,0.791264367816092,0.0009658749764188393
5,0.8128735632183908,7.139427344432811e-05
6,0.8101149425287356,0.0006242787780874009
7,0.8133333333333334,1.0004494110986936e-05
