Iteration,Accuracy,Weight Decay
0,0.6955655206776283,0.08500022719836783
1,0.7807673143996013,0.07250041653034103
2,0.8246138515196811,0.06000060586231423
3,0.8211260587942202,0.047500795194287425
4,0.852017937219731,0.03500098452626062
5,0.8609865470852018,0.022501173858233817
6,0.8719481813652217,0.010001363190207016
7,0.8629795714997509,-0.0024984474778197846
