Iteration,Accuracy,Weight Decay
0,0.7828571428571428,0.05112258690704978
1,0.8371428571428572,0.021622639359772756
2,0.848,0.004622669586765671
3,0.8744285714285714,0.0001226775880285013
