Iteration,Accuracy,Weight Decay
0,0.70254110612855,0.0722504203169805
1,0.8111609367214748,0.052563218514838285
2,0.84853014449427,0.03600096937970277
3,0.8769307424015944,0.02256367291157395
4,0.877927254608869,0.012251329110451837
5,0.8814150473343298,0.005063937976336426
6,0.8834080717488789,0.0010014995092277146
7,0.8858993522670653,6.401370912570431e-05
