Iteration,Accuracy,Weight Decay
0,0.57299451918286,0.0007924828983539
1,0.5809666168410563,0.00019812203523477496
2,0.5799701046337817,1.7073526474706922e-06
3,0.5690084703537618,0.00043789432981655344
4,0.5954160438465371,0.0008342823480416806
5,0.7120079720976582,6.949760391706498e-06
6,0.6093672147483806,0.0089021508544503
7,0.7384155455904334,0.0006579332246575
