Iteration,Accuracy,Weight Decay
0,0.6306913996627319,0.09623406949124648
1,0.781618887015177,0.08285422480701589
2,0.8524451939291737,0.047877320869366004
3,0.8760539629005059,0.015206179604296877
4,0.8844856661045531,0.003819399833108084
5,0.8929173693086003,0.0013164192457227669
