Iteration,Accuracy,Weight Decay
0,0.6956155143338955,0.06801802122791924
1,0.7639123102866779,0.043527664608961875
2,0.8541315345699831,0.02455315407535525
3,0.8768971332209107,0.011094489627099403
4,0.8844856661045531,0.0031516712641943057
5,0.8794266441821248,0.0007246989866399735
