Iteration,Accuracy,Weight Decay
0,0.7057335581787522,0.09254828078406145
1,0.8001686340640809,0.07381604081063549
2,0.8600337268128162,0.04879807301935227
3,0.8735244519392917,0.024197921676153977
4,0.8752107925801011,0.006607177467133997
5,0.8397976391231029,0.0007392660973616683
