Iteration,Accuracy,Weight Decay
0,0.6399662731871838,0.000714770463686342
1,0.769814502529511,0.000714770463686342
2,0.7883642495784149,0.000714770463686342
3,0.8052276559865092,0.000714770463686342
4,0.8381112984822934,0.000714770463686342
5,0.851602023608769,0.000714770463686342
