Iteration,Accuracy,Weight Decay
0,0.5947142857142858,1.9837863539529536e-05
1,0.6197142857142857,3.222900108850783e-05
2,0.7898571428571428,0.0023855637074130845
3,0.8071428571428572,0.0004957787677402682
4,0.8528571428571429,0.000331372983521032
5,0.8165714285714286,0.00038359803301161126
6,0.8974285714285715,0.0013287867008648332
7,0.8921428571428571,0.0014998618621971833
8,0.9004285714285715,0.0012198495758391577
9,0.9245714285714286,0.004031943011365745
