Iteration,Accuracy,Weight Decay
0,0.7219730941704036,0.08500022719836783
1,0.7977080219232685,0.07250041653034103
2,0.8624813153961136,0.06000060586231423
3,0.8684603886397608,0.047500795194287425
4,0.8849028400597907,0.03500098452626062
5,0.8953662182361734,0.022501173858233817
6,0.9023418036870952,0.010001363190207016
7,0.8799202790234181,-0.0024984474778197846
