Iteration,Accuracy,Weight Decay
0,0.7099494097807757,0.041773682891187935
1,0.8043844856661045,0.018334280241060232
2,0.8431703204047217,0.008046832567607796
3,0.8296795952782462,0.003531718372347135
4,0.815345699831366,0.001550055199580515
5,0.8524451939291737,0.0006803122073830045
