Iteration,Accuracy,Weight Decay
0,0.7738571428571429,0.0071340919757048255
1,0.8605714285714285,1.7697434982290845e-06
2,0.8887142857142857,0.00023777479666081832
3,0.8991428571428571,0.001284764685431755
4,0.9048571428571428,0.00277374762232651
5,0.915,0.003298654464196375
6,0.9192857142857143,0.00258257950735642
7,0.9205714285714286,0.001485072748559495
8,0.9225714285714286,0.0013682422858920349
9,0.928,0.0019179102616724
