Iteration,Accuracy,Weight Decay
0,0.7259696458684655,0.041773682891187935
1,0.7967959527824621,0.018334280241060232
2,0.8693086003372681,0.008046832567607796
3,0.8912310286677909,0.003531718372347135
4,0.9064080944350759,0.001550055199580515
5,0.9139966273187183,0.0006803122073830045
