Iteration,Accuracy,Weight Decay
0,0.6492857142857142,0.0715000506746646
1,0.6345714285714286,0.046500095126124755
2,0.6608571428571428,0.021500139577584912
3,0.6642857142857143,-0.003499815970954903
