Iteration,Accuracy,Weight Decay
0,0.7234401349072512,0.08245960944858459
1,0.7647554806070826,0.06591207119253231
2,0.8372681281618887,0.049364532936480035
3,0.845699831365936,0.03281699468042776
4,0.8625632377740303,0.01626945642437548
5,0.8693086003372681,-0.00027808183167679634
