Iteration,Accuracy,Weight Decay
0,0.7199800697558545,0.09706882132280426
1,0.8355754857997011,0.09046519793170772
2,0.8300946686596911,0.07310626521668034
3,0.8659691081215745,0.04378320141530977
4,0.872446437468859,0.018243790724546134
5,0.8938714499252616,0.006010088662594013
6,0.898355754857997,0.0018001084090777473
7,0.9053313403089188,0.0005235193184478273
