Iteration,Accuracy,Weight Decay
0,0.7168571428571429,0.07482254476706554
1,0.68,0.05852257374941756
2,0.7185714285714285,0.04422259917565277
3,0.6801428571428572,0.03192262104577116
4,0.8194285714285714,0.021622639359772756
5,0.8255714285714286,0.013322654117657533
6,0.8707142857142857,0.007022665319425497
7,0.9025714285714286,0.0027226729650766464
8,0.9171428571428571,0.00042267705461097914
9,0.933,0.0001226775880285013
