Iteration,Accuracy,Weight Decay
0,0.52,5.99030482063902e-05
1,0.5696551724137932,-5.944198846272858e-05
2,0.6491954022988505,-0.00017878702513184734
3,0.6680459770114943,-0.0002981320618009661
4,0.7448275862068966,-0.00041747709847008487
5,0.7816091954022989,-0.0005368221351392036
6,0.7880459770114943,-0.0006561671718083224
7,0.8137931034482758,-0.0007755122084774412
