Iteration,Accuracy,Weight Decay
0,0.3637269556552068,0.0722504203169805
1,0.26905829596412556,0.052563218514838285
2,0.299451918285999,0.03600096937970277
3,0.3667164922770304,0.02256367291157395
4,0.4952665670154459,0.012251329110451837
5,0.5161933233682112,0.005063937976336426
6,0.6651718983557549,0.0010014995092277146
7,0.7105132037867464,6.401370912570431e-05
