Iteration,Accuracy,Weight Decay
0,0.6072857142857143,0.0071340919757048255
1,0.7961428571428572,1.7697434982290845e-06
2,0.828,0.00023777479666081832
3,0.8425714285714285,0.001284764685431755
4,0.8701428571428571,0.00277374762232651
5,0.8944285714285715,0.003298654464196375
6,0.9081428571428571,0.00258257950735642
7,0.9101428571428571,0.001485072748559495
8,0.9187142857142857,0.0013682422858920349
9,0.9232857142857143,0.0019179102616724
