Iteration,Accuracy,Weight Decay
0,0.5573355817875211,0.006294842196220059
1,0.739460370994941,4.486594523857834e-05
2,0.790893760539629,0.0001933468434260163
3,0.8313659359190556,0.00016498369917678467
4,0.8532883642495784,2.8256162215896933e-05
5,0.8962900505902193,7.413938467888701e-05
