Iteration,Accuracy,Weight Decay
0,0.27614285714285713,0.0715000506746646
1,0.5905714285714285,0.046500095126124755
2,0.6218571428571429,0.021500139577584912
3,0.7325714285714285,-0.003499815970954903
