Iteration,Accuracy,Weight Decay
0,0.6104553119730185,0.0003139551541520559
1,0.7403035413153457,0.00019461011748293712
2,0.7993254637436762,7.526508081381837e-05
3,0.8305227655986509,-4.4079955855300356e-05
4,0.851602023608769,-0.0001634249925244192
5,0.8549747048903878,-0.0002827700291935379
