Iteration,Accuracy,Weight Decay
0,0.6621823617339312,0.0019651531060601536
1,0.648729446935725,0.0018458080693910348
2,0.6512207274539114,0.0017264630327219162
3,0.6477329347284504,0.0016071179960527975
4,0.661684105630294,0.0014877729593836787
5,0.6791230692575984,0.00136842792271456
6,0.6512207274539114,0.0012490828860454411
7,0.6567015445939213,0.0011297378493763223
