Iteration,Accuracy,Weight Decay
0,0.6648571428571428,0.08126216613380753
1,0.6312857142857143,0.04451338310406878
2,0.6771428571428572,0.010978637918546164
3,0.7197142857142858,0.0003021294961929753
