Iteration,Accuracy,Weight Decay
0,0.7334329845540608,0.09455040875321775
1,0.7857498754359741,0.08247266789928005
2,0.8395615346287992,0.06545137301945098
3,0.85401096163428,0.04607786196076218
4,0.8784255107125062,0.02730157616058396
5,0.8948679621325362,0.011981034924538829
6,0.8953662182361734,0.002448651774762514
7,0.8953662182361734,0.00015564563454001894
