Iteration,Accuracy,Weight Decay
0,0.7405714285714285,0.0033261644067418524
1,0.7495714285714286,0.0032068193700727343
2,0.8162857142857143,0.0030874743334036153
3,0.8441428571428572,0.0029681292967344963
