Iteration,Accuracy,Weight Decay
0,0.547085201793722,0.09706882132280426
1,0.7478824115595416,0.09046519793170772
2,0.817140009965122,0.07310626521668034
3,0.8699551569506726,0.04378320141530977
4,0.8873941205779771,0.018243790724546134
5,0.8923766816143498,0.006010088662594013
6,0.9008470353761834,0.0018001084090777473
7,0.8963627304434479,0.0005235193184478273
