Iteration,Accuracy,Weight Decay
0,0.4833084205281515,0.018925488238263552
1,0.5002491280518186,0.0047270079827679235
2,0.5266567015445939,0.0011806619828161344
3,0.534130543099153,0.00029489324383393244
4,0.5366218236173393,7.365531077021373e-05
5,0.6198305929247633,1.8396843325823638e-05
6,0.6955655206776283,4.594968656242079e-06
7,0.7593423019431988,1.1476825984711098e-06
