Iteration,Accuracy,Weight Decay
0,0.720919540229885,0.0007254534816802649
1,0.744367816091954,2.6335400263716165e-05
2,0.7793103448275862,0.0009263342578074653
3,0.7995402298850575,0.00013343537641873472
4,0.807816091954023,0.00032484258987612114
5,0.8151724137931035,0.000462432017084204
6,0.8174712643678161,2.2947178646214337e-05
7,0.8183908045977012,5.8232172008625124e-05
