Iteration,Accuracy,Weight Decay
0,0.6764285714285714,0.0715000506746646
1,0.8157142857142857,0.046500095126124755
2,0.8544285714285714,0.021500139577584912
3,0.8402857142857143,-0.003499815970954903
