Iteration,Accuracy,Weight Decay
0,0.8157142857142857,0.0071340919757048255
1,0.8242857142857143,1.7697434982290845e-06
2,0.8751428571428571,0.00023777479666081832
3,0.8858571428571429,0.001284764685431755
4,0.8994285714285715,0.00277374762232651
5,0.9122857142857143,0.003298654464196375
6,0.916,0.00258257950735642
7,0.9171428571428571,0.001485072748559495
8,0.9197142857142857,0.0013682422858920349
9,0.9277142857142857,0.0019179102616724
