Iteration,Accuracy,Weight Decay
0,0.48,0.03808331627541416
1,0.48,0.015052031037412423
2,0.48,0.005949157282226808
3,0.52,0.0023513419737643954
4,0.8234482758620689,0.0009293432355711351
5,0.8248275862068966,0.00036731315952273603
6,0.8013793103448276,0.00014517667100213993
7,0.8505747126436781,5.7379555447043585e-05
