Iteration,Accuracy,Weight Decay
0,0.551,7.833891586128665e-05
1,0.6407142857142857,0.0018973647664333898
2,0.6465714285714286,0.001660155140223109
3,0.76,0.0015200652103321984
4,0.7657142857142857,0.0015995032379612225
5,0.7677142857142857,0.00036957275010161383
6,0.7674285714285715,2.080643407727775e-05
7,0.7668571428571429,0.007154360031670426
8,0.765,0.0005383089456034328
9,0.7718571428571429,2.1068887944084222e-05
