Iteration,Accuracy,Weight Decay
0,0.7596964586846543,0.06801802122791924
1,0.836424957841484,0.043527664608961875
2,0.8558178752107926,0.02455315407535525
3,0.866779089376054,0.011094489627099403
4,0.8541315345699831,0.0031516712641943057
5,0.8903878583473862,0.0007246989866399735
