Iteration,Accuracy,Weight Decay
0,0.7352857142857143,0.016739508918050823
1,0.783,0.004453867730520001
2,0.8158571428571428,0.0011850370197883447
3,0.857,0.0003153018507141175
4,0.8711428571428571,8.389211088232821e-05
5,0.8924285714285715,2.2321106750096656e-05
6,0.8935714285714286,5.938958995179634e-06
7,0.9007142857142857,1.5801740631105742e-06
8,0.9031428571428571,4.204356473506604e-07
9,0.9067142857142857,1.118649759477795e-07
