Iteration,Accuracy,Weight Decay
0,0.6312904833084205,0.09455040875321775
1,0.5440956651718983,0.08247266789928005
2,0.6412556053811659,0.06545137301945098
3,0.6761335326357748,0.04607786196076218
4,0.7448928749377179,0.02730157616058396
5,0.8261086198305929,0.011981034924538829
6,0.8226208271051321,0.002448651774762514
7,0.8071748878923767,0.00015564563454001894
