Iteration,Accuracy,Weight Decay
0,0.7344013490725126,0.09254828078406145
1,0.8414839797639123,0.07381604081063549
2,0.8499156829679595,0.04879807301935227
3,0.8591905564924115,0.024197921676153977
4,0.7740303541315345,0.006607177467133997
5,0.8752107925801011,0.0007392660973616683
