Iteration,Accuracy,Weight Decay
0,0.7639123102866779,0.09254828078406145
1,0.8111298482293423,0.07381604081063549
2,0.8541315345699831,0.04879807301935227
3,0.8591905564924115,0.024197921676153977
4,0.857504215851602,0.006607177467133997
5,0.8397976391231029,0.0007392660973616683
