Iteration,Accuracy,Weight Decay
0,0.648729446935725,0.0722504203169805
1,0.6472346786248132,0.052563218514838285
2,0.71350274040857,0.03600096937970277
3,0.6427503736920778,0.02256367291157395
4,0.8026905829596412,0.012251329110451837
5,0.8176382660687593,0.005063937976336426
6,0.8440458395615347,0.0010014995092277146
7,0.817140009965122,6.401370912570431e-05
