Iteration,Accuracy,Weight Decay
0,0.6104553119730185,4.815297862032934e-06
1,0.7478920741989882,0.0004982290216050967
2,0.7900505902192243,1.409240098658793e-07
3,0.8010118043844857,0.00013713943858997027
4,0.8566610455311973,2.192787454395522e-07
5,0.8465430016863407,1.6297508346206433e-08
