Iteration,Accuracy,Weight Decay
0,0.7335581787521079,0.000714770463686342
1,0.7942664418212478,0.000714770463686342
2,0.8785834738617201,0.000714770463686342
3,0.8650927487352446,0.000714770463686342
4,0.8718381112984823,0.000714770463686342
5,0.8946037099494097,0.000714770463686342
