Iteration,Accuracy,Weight Decay
0,0.6331034482758621,5.99030482063902e-05
1,0.6818390804597702,-5.944198846272858e-05
2,0.7797701149425287,-0.00017878702513184734
3,0.7760919540229885,-0.0002981320618009661
4,0.7829885057471264,-0.00041747709847008487
5,0.7779310344827586,-0.0005368221351392036
6,0.8160919540229885,-0.0006561671718083224
7,0.8560919540229885,-0.0007755122084774412
