Iteration,Accuracy,Weight Decay
0,0.8051428571428572,0.08126216613380753
1,0.8748571428571429,0.04451338310406878
2,0.8714285714285714,0.010978637918546164
3,0.8997142857142857,0.0003021294961929753
