Iteration,Accuracy,Weight Decay
0,0.7932237169905332,0.0007924828983539
1,0.8430493273542601,0.00019812203523477496
2,0.8789237668161435,1.7073526474706922e-06
3,0.8819133034379671,0.00043789432981655344
4,0.8978574987543597,0.0008342823480416806
5,0.8973592426507224,6.949760391706498e-06
6,0.9008470353761834,0.0089021508544503
7,0.9038365719980069,0.0006579332246575
