Iteration,Accuracy,Weight Decay
0,0.7017142857142857,0.006551291357462847
1,0.7994285714285714,0.000753543351667938
2,0.8315714285714285,7.521818634091297e-05
3,0.8654285714285714,0.00018656943152653966
4,0.8751428571428571,0.00013618908364971638
5,0.8957142857142857,3.5641336050731967e-05
6,0.9128571428571428,0.0019202100970074497
7,0.8592857142857143,0.000725182332216207
8,0.9197142857142857,0.009724539414067642
9,0.9302857142857143,0.00013187168311025032
