Iteration,Accuracy,Weight Decay
0,0.6331034482758621,0.0011713274443918829
1,0.7117241379310345,0.0094098962469487
2,0.7567816091954023,0.00016755022594604037
3,0.7319540229885058,0.001146254875977158
4,0.7935632183908046,0.00120378374785885
5,0.8004597701149425,1.56834896619121e-05
6,0.8234482758620689,1.0118975773769326e-05
7,0.8156321839080459,5.786914122560891e-05
