Iteration,Accuracy,Weight Decay
0,0.6500843170320405,0.041773682891187935
1,0.7934232715008431,0.018334280241060232
2,0.821247892074199,0.008046832567607796
3,0.863406408094435,0.003531718372347135
4,0.8895446880269815,0.001550055199580515
5,0.8912310286677909,0.0006803122073830045
