Iteration,Accuracy,Weight Decay
0,0.631,0.07482254476706554
1,0.6478571428571429,0.05852257374941756
2,0.6674285714285715,0.04422259917565277
3,0.6764285714285714,0.03192262104577116
4,0.7008571428571428,0.021622639359772756
5,0.6741428571428572,0.013322654117657533
6,0.743,0.007022665319425497
7,0.8221428571428572,0.0027226729650766464
8,0.8621428571428571,0.00042267705461097914
9,0.9114285714285715,0.0001226775880285013
