Iteration,Accuracy,Weight Decay
0,0.31041355256601894,0.08500022719836783
1,0.2705530642750374,0.07250041653034103
2,0.4235176880916791,0.06000060586231423
3,0.42451420029895365,0.047500795194287425
4,0.40408570004982564,0.03500098452626062
5,0.44892874937717986,0.022501173858233817
6,0.70254110612855,0.010001363190207016
7,0.7379172894867962,-0.0024984474778197846
