Iteration,Accuracy,Weight Decay
0,0.7125714285714285,0.0071340919757048255
1,0.7252857142857143,1.7697434982290845e-06
2,0.7354285714285714,0.00023777479666081832
3,0.7374285714285714,0.001284764685431755
4,0.6767142857142857,0.00277374762232651
5,0.6847142857142857,0.003298654464196375
6,0.7102857142857143,0.00258257950735642
7,0.663,0.001485072748559495
8,0.5778571428571428,0.0013682422858920349
9,0.741,0.0019179102616724
