Iteration,Accuracy,Weight Decay
0,0.709,0.08126216613380753
1,0.7858571428571428,0.04451338310406878
2,0.8177142857142857,0.010978637918546164
3,0.8965714285714286,0.0003021294961929753
