Iteration,Accuracy,Weight Decay
0,0.6407573492775287,2.6613357160968838e-05
1,0.6596910812157449,6.371677084672003e-05
2,0.6756352765321375,0.00043181544037325446
3,0.6721474838066767,0.005448026175959925
4,0.7219730941704036,1.7614581913725615e-05
5,0.7513702042850025,0.00015404431826005383
6,0.7628300946686597,0.0006441319491056271
7,0.7673143996013951,3.586334569732893e-05
