Iteration,Accuracy,Weight Decay
0,0.465869456900847,0.09455040875321775
1,0.4080717488789238,0.08247266789928005
2,0.4120577977080219,0.06545137301945098
3,0.4539113104135526,0.04607786196076218
4,0.5291479820627802,0.02730157616058396
5,0.6243148978574987,0.011981034924538829
6,0.6860986547085202,0.002448651774762514
7,0.7065271549576483,0.00015564563454001894
