Iteration,Accuracy,Weight Decay
0,0.3911310413552566,0.09706882132280426
1,0.5685102142501246,0.09046519793170772
2,0.5919282511210763,0.07310626521668034
3,0.7902341803687095,0.04378320141530977
4,0.8016940707523668,0.018243790724546134
5,0.8146487294469357,0.006010088662594013
6,0.8285999003487793,0.0018001084090777473
7,0.8251121076233184,0.0005235193184478273
