Iteration,Accuracy,Weight Decay
0,0.7775714285714286,3.404834993396222e-05
1,0.8825714285714286,0.0005879764483316686
2,0.9121428571428571,0.004372766936387073
3,0.9267142857142857,4.2567387291686407e-05
