Iteration,Accuracy,Weight Decay
0,0.6208271051320379,0.000909101207129661
1,0.807673143996014,0.0001921821587345683
2,0.852017937219731,4.2192806355391596e-05
3,0.861484803188839,0.0008199466227585321
4,0.8604882909815645,0.001055986349778065
5,0.8789237668161435,0.0004833343610201638
6,0.8809167912306926,5.249419918372928e-05
7,0.8794220229197808,4.598618513292071e-05
