Iteration,Accuracy,Weight Decay
0,0.6610455311973018,0.09623406949124648
1,0.7099494097807757,0.08285422480701589
2,0.8102866779089376,0.047877320869366004
3,0.8465430016863407,0.015206179604296878
4,0.8895446880269815,0.003819399833108084
5,0.8954468802698144,0.0013164192457227669
