Iteration,Accuracy,Weight Decay
0,0.6298571428571429,2.869377067127777e-06
1,0.6694285714285715,0.00277374762232651
2,0.6774285714285714,0.00190932807667502
3,0.6508571428571429,0.0019179102616724
