Iteration,Accuracy,Weight Decay
0,0.7158516020236088,0.041773682891187935
1,0.8170320404721754,0.018334280241060232
2,0.8305227655986509,0.008046832567607796
3,0.8650927487352446,0.003531718372347135
4,0.8794266441821248,0.001550055199580515
5,0.863406408094435,0.0006803122073830045
