Iteration,Accuracy,Weight Decay
0,0.8425714285714285,0.0715000506746646
1,0.8542857142857143,0.046500095126124755
2,0.8702857142857143,0.021500139577584912
3,0.8931428571428571,-0.003499815970954903
