Iteration,Accuracy,Weight Decay
0,0.7209106239460371,0.09254828078406145
1,0.7639123102866779,0.07381604081063549
2,0.8490725126475548,0.04879807301935227
3,0.8642495784148398,0.024197921676153977
4,0.8929173693086003,0.006607177467133997
5,0.8962900505902193,0.0007392660973616683
