Iteration,Accuracy,Weight Decay
0,0.6374367622259697,0.09254828078406145
1,0.7141652613827993,0.07381604081063549
2,0.7993254637436762,0.04879807301935227
3,0.8237774030354131,0.024197921676153977
4,0.887858347386172,0.006607177467133997
5,0.8465430016863407,0.0007392660973616683
