Iteration,Accuracy,Weight Decay
0,0.5482857142857143,0.0715000506746646
1,0.5455714285714286,0.046500095126124755
2,0.6042857142857143,0.021500139577584912
3,0.6734285714285714,-0.003499815970954903
