Iteration,Accuracy,Weight Decay
0,0.636593591905565,0.041773682891187935
1,0.7369308600337268,0.018334280241060232
2,0.8220910623946037,0.008046832567607796
3,0.8743676222596964,0.003531718372347135
4,0.8819561551433389,0.001550055199580515
5,0.8954468802698144,0.0006803122073830045
