Iteration,Accuracy,Weight Decay
0,0.5809443507588533,0.09254828078406145
1,0.6964586846543002,0.07381604081063549
2,0.7478920741989882,0.04879807301935227
3,0.8322091062394603,0.024197921676153977
4,0.8844856661045531,0.006607177467133997
5,0.8954468802698144,0.0007392660973616683
