Iteration,Accuracy,Weight Decay
0,0.6910344827586207,5.99030482063902e-05
1,0.7567816091954023,-5.944198846272858e-05
2,0.7839080459770115,-0.00017878702513184734
3,0.7793103448275862,-0.0002981320618009661
4,0.8041379310344827,-0.00041747709847008487
5,0.8064367816091954,-0.0005368221351392036
6,0.8234482758620689,-0.0006561671718083224
7,0.8326436781609196,-0.0007755122084774412
