Iteration,Accuracy,Weight Decay
0,0.4887142857142857,0.0033977714287433238
1,0.8402857142857143,0.003350033414075676
2,0.8707142857142857,0.0033022953994080286
3,0.8634285714285714,0.003254557384740381
4,0.8831428571428571,0.0032068193700727343
5,0.8785714285714286,0.0031590813554050867
6,0.8804285714285714,0.003111343340737439
7,0.8677142857142857,0.0030636053260697915
8,0.8795714285714286,0.003015867311402144
9,0.8774285714285714,0.0029681292967344963
