Iteration,Accuracy,Weight Decay
0,0.7902341803687095,0.018925488238263552
1,0.8674638764324863,0.0047270079827679235
2,0.885401096163428,0.0011806619828161344
3,0.8858993522670653,0.00029489324383393244
4,0.8903836571998007,7.365531077021373e-05
5,0.8928749377179871,1.8396843325823638e-05
6,0.8943697060288989,4.594968656242079e-06
7,0.8978574987543597,1.1476825984711098e-06
