Iteration,Accuracy,Weight Decay
0,0.721,0.05112258690704978
1,0.8054285714285714,0.021622639359772756
2,0.8774285714285714,0.004622669586765671
3,0.9037142857142857,0.0001226775880285013
