Iteration,Accuracy,Weight Decay
0,0.7858347386172007,0.06801802122791924
1,0.781618887015177,0.043527664608961875
2,0.8608768971332209,0.02455315407535525
3,0.8566610455311973,0.011094489627099403
4,0.8794266441821248,0.0031516712641943057
5,0.8583473861720068,0.0007246989866399735
