Iteration,Accuracy,Weight Decay
0,0.6980568011958147,0.0019651531060601536
1,0.7344294967613353,0.0018458080693910348
2,0.7643248629795715,0.0017264630327219162
3,0.7608370702541106,0.0016071179960527975
4,0.7493771798704534,0.0014877729593836787
5,0.7583457897359243,0.00136842792271456
6,0.7678126557050324,0.0012490828860454411
7,0.7817638266068759,0.0011297378493763223
