Iteration,Accuracy,Weight Decay
0,0.7287142857142858,0.08956689623880071
1,0.7818571428571428,0.041338346412298756
2,0.8667142857142857,0.005468299804777157
3,0.9095714285714286,0.00047274822582090244
