Iteration,Accuracy,Weight Decay
0,0.6910344827586207,5.99030482063902e-05
1,0.7696551724137931,-5.944198846272857e-05
2,0.7296551724137931,-0.00017878702513184736
3,0.7839080459770115,-0.0002981320618009661
4,0.807816091954023,-0.0004174770984700848
5,0.8202298850574713,-0.0005368221351392036
6,0.8298850574712644,-0.0006561671718083224
7,0.8220689655172414,-0.0007755122084774412
