Iteration,Accuracy,Weight Decay
0,0.7672857142857142,0.08126216613380753
1,0.8187142857142857,0.04451338310406878
2,0.8625714285714285,0.010978637918546164
3,0.867,0.0003021294961929753
