Iteration,Accuracy,Weight Decay
0,0.252,0.0715000506746646
1,0.6808571428571428,0.046500095126124755
2,0.7094285714285714,0.021500139577584912
3,0.7618571428571429,-0.003499815970954903
