Iteration,Accuracy,Weight Decay
0,0.6568296795952783,0.0003139551541520559
1,0.7352445193929174,0.00019461011748293712
2,0.8355817875210793,7.526508081381837e-05
3,0.8532883642495784,-4.4079955855300356e-05
4,0.8684654300168634,-0.0001634249925244192
5,0.887858347386172,-0.0002827700291935379
