Iteration,Accuracy,Weight Decay
0,0.5370994940978078,0.0002670006870364426
1,0.7040472175379426,0.0001275547207334274
2,0.7875210792580101,0.00033397813606366394
3,0.8229342327150084,2.990553111497926e-05
4,0.8490725126475548,7.133775084446707e-05
5,0.8617200674536256,0.002310814450741475
