Iteration,Accuracy,Weight Decay
0,0.6416526138279932,0.06801802122791924
1,0.7681281618887015,0.043527664608961875
2,0.8271500843170321,0.02455315407535525
3,0.8431703204047217,0.011094489627099403
4,0.8608768971332209,0.0031516712641943057
5,0.8330522765598651,0.0007246989866399735
