Iteration,Accuracy,Weight Decay
0,0.6374367622259697,0.06801802122791924
1,0.7731871838111298,0.043527664608961875
2,0.8642495784148398,0.02455315407535525
3,0.8777403035413154,0.011094489627099403
4,0.9047217537942664,0.0031516712641943057
5,0.8962900505902193,0.0007246989866399735
