Iteration,Accuracy,Weight Decay
0,0.8015714285714286,0.004448506293719769
1,0.8792857142857143,2.804047287745724e-05
2,0.9014285714285715,1.0149190553898763e-05
3,0.8942857142857142,0.0008560658503591924
4,0.919,0.0004734930085570239
5,0.9237142857142857,4.207451175097518e-05
6,0.9131428571428571,0.008409623143616917
7,0.932,0.0002841398775768048
8,0.9375714285714286,5.9389049129738414e-05
9,0.9385714285714286,0.00014458458798327192
