Iteration,Accuracy,Weight Decay
0,0.403035413153457,2.2850452523647128e-05
1,0.684654300168634,1.0028800007839862e-05
2,0.7529510961214165,0.0006861305103969253
3,0.8237774030354131,0.0010479994284549226
4,0.857504215851602,1.737742703134193e-05
5,0.8819561551433389,0.00018515082539682375
