Iteration,Accuracy,Weight Decay
0,0.5897142857142857,0.05112258690704978
1,0.7751428571428571,0.021622639359772756
2,0.773,0.004622669586765671
3,0.7464285714285714,0.0001226775880285013
