Iteration,Accuracy,Weight Decay
0,0.5306427503736921,0.018925488238263552
1,0.5037369207772795,0.0047270079827679235
2,0.5206776283009467,0.0011806619828161344
3,0.5261584454409567,0.00029489324383393244
4,0.5500747384155455,7.365531077021373e-05
5,0.5809666168410563,1.8396843325823638e-05
6,0.5744892874937718,4.594968656242079e-06
7,0.7130044843049327,1.1476825984711098e-06
