Iteration,Accuracy,Weight Decay
0,0.5306427503736921,0.09706882132280426
1,0.4957648231190832,0.09046519793170772
2,0.48181365221723965,0.07310626521668034
3,0.4808171400099651,0.04378320141530977
4,0.5999003487792726,0.018243790724546134
5,0.6711509715994021,0.006010088662594013
6,0.7194818136522172,0.0018001084090777473
7,0.7593423019431988,0.0005235193184478273
