Iteration,Accuracy,Weight Decay
0,0.5848571428571429,0.0715000506746646
1,0.7485714285714286,0.046500095126124755
2,0.8031428571428572,0.021500139577584912
3,0.8425714285714285,-0.003499815970954903
