Iteration,Accuracy,Weight Decay
0,0.6407573492775287,0.0007924828983539
1,0.6263079222720478,0.00019812203523477496
2,0.6233183856502242,1.7073526474706922e-06
3,0.5530642750373692,0.00043789432981655344
4,0.5226706527154957,0.0008342823480416806
5,0.5854509217737918,6.949760391706498e-06
6,0.4285002491280518,0.0089021508544503
7,0.6048829098156452,0.0006579332246575
