Iteration,Accuracy,Weight Decay
0,0.6661045531197302,0.041773682891187935
1,0.8010118043844857,0.018334280241060232
2,0.8524451939291737,0.008046832567607796
3,0.8549747048903878,0.003531718372347135
4,0.8836424957841484,0.001550055199580515
5,0.897133220910624,0.0006803122073830045
