Iteration,Accuracy,Weight Decay
0,0.7166947723440135,0.000714770463686342
1,0.718381112984823,0.000714770463686342
2,0.7833052276559865,0.000714770463686342
3,0.8187183811129848,0.000714770463686342
4,0.851602023608769,0.000714770463686342
5,0.8709949409780776,0.000714770463686342
