Iteration,Accuracy,Weight Decay
0,0.6989881956155143,0.08245960944858459
1,0.8296795952782462,0.06591207119253231
2,0.863406408094435,0.049364532936480035
3,0.8811129848229342,0.03281699468042776
4,0.8920741989881956,0.01626945642437548
5,0.8853288364249579,-0.00027808183167679634
