Iteration,Accuracy,Weight Decay
0,0.7658196312904834,0.0019651531060601536
1,0.833582461385152,0.0018458080693910348
2,0.8684603886397608,0.0017264630327219162
3,0.8834080717488789,0.0016071179960527975
4,0.8863976083707026,0.0014877729593836787
5,0.8978574987543597,0.00136842792271456
6,0.8933731938216243,0.0012490828860454411
7,0.9003487792725461,0.0011297378493763223
