Iteration,Accuracy,Weight Decay
0,0.6973018549747049,0.09254828078406145
1,0.815345699831366,0.07381604081063549
2,0.8558178752107926,0.04879807301935227
3,0.8693086003372681,0.024197921676153977
4,0.8777403035413154,0.006607177467133997
5,0.8735244519392917,0.0007392660973616683
