Iteration,Accuracy,Weight Decay
0,0.6827586206896552,5.99030482063902e-05
1,0.7724137931034483,-5.944198846272857e-05
2,0.7788505747126436,-0.00017878702513184736
3,0.7963218390804597,-0.0002981320618009661
4,0.7875862068965517,-0.0004174770984700848
5,0.8119540229885057,-0.0005368221351392036
6,0.8197701149425287,-0.0006561671718083224
7,0.8275862068965517,-0.0007755122084774412
