Iteration,Accuracy,Weight Decay
0,0.7419898819561551,0.06801802122791924
1,0.8254637436762225,0.043527664608961875
2,0.8490725126475548,0.02455315407535525
3,0.8583473861720068,0.011094489627099403
4,0.8853288364249579,0.0031516712641943057
5,0.8962900505902193,0.0007246989866399735
