Iteration,Accuracy,Weight Decay
0,0.6432857142857142,0.07482254476706554
1,0.7245714285714285,0.05852257374941756
2,0.752,0.04422259917565277
3,0.8108571428571428,0.03192262104577116
4,0.851,0.021622639359772756
5,0.8682857142857143,0.013322654117657533
6,0.8802857142857143,0.007022665319425497
7,0.8948571428571429,0.0027226729650766464
8,0.8961428571428571,0.00042267705461097914
9,0.9091428571428571,0.0001226775880285013
