Iteration,Accuracy,Weight Decay
0,0.7274539113104136,0.00354996174032712
1,0.7130044843049327,6.268910370286152e-05
2,0.794718485301445,2.3812208203286024e-05
3,0.8196312904833084,0.005851032741730456
4,0.8460388639760837,9.29198023942312e-05
5,0.8604882909815645,0.00229372375888909
6,0.8709516691579472,0.00722806454134358
7,0.8689586447433981,0.004350459129559374
