Iteration,Accuracy,Weight Decay
0,0.7075862068965517,5.99030482063902e-05
1,0.7411494252873563,-5.944198846272857e-05
2,0.7549425287356322,-0.00017878702513184736
3,0.791264367816092,-0.0002981320618009661
4,0.8418390804597701,-0.0004174770984700848
5,0.8671264367816092,-0.0005368221351392036
6,0.8864367816091954,-0.0006561671718083224
7,0.8855172413793103,-0.0007755122084774412
