Iteration,Accuracy,Weight Decay
0,0.6407573492775287,0.002348029003735251
1,0.8450423517688092,1.898924887120065e-05
2,0.8769307424015944,7.737187374433489e-05
3,0.8814150473343298,0.0026835376211826424
4,0.8834080717488789,0.0005175824191390551
5,0.8933731938216243,0.0001501800577270386
6,0.8998505231689088,3.692593106992355e-05
7,0.898355754857997,8.201302810642889e-05
