Iteration,Accuracy,Weight Decay
0,0.6871428571428572,2.869377067127777e-06
1,0.7967142857142857,0.00277374762232651
2,0.7828571428571428,0.00190932807667502
3,0.8142857142857143,0.0019179102616724
