Iteration,Accuracy,Weight Decay
0,0.6441821247892074,4.815297862032934e-06
1,0.7268128161888702,0.0004982290216050967
2,0.811973018549747,1.409240098658793e-07
3,0.8069139966273187,0.00013713943858997027
4,0.815345699831366,2.192787454395522e-07
5,0.8448566610455311,1.6297508346206433e-08
