Iteration,Accuracy,Weight Decay
0,0.7588532883642496,0.06801802122791924
1,0.7984822934232715,0.043527664608961875
2,0.8220910623946037,0.02455315407535525
3,0.8617200674536256,0.011094489627099403
4,0.8625632377740303,0.0031516712641943057
5,0.8819561551433389,0.0007246989866399735
