Iteration,Accuracy,Weight Decay
0,0.6038863976083707,0.0019651531060601536
1,0.6297957149975087,0.0018458080693910348
2,0.6372695565520677,0.0017264630327219162
3,0.6910812157448929,0.0016071179960527975
4,0.7329347284504235,0.0014877729593836787
5,0.7274539113104136,0.00136842792271456
6,0.750373692077728,0.0012490828860454411
7,0.7573492775286498,0.0011297378493763223
