Iteration,Accuracy,Weight Decay
0,0.504,0.016739508918050823
1,0.7434285714285714,0.004453867730520001
2,0.7382857142857143,0.0011850370197883447
3,0.738,0.0003153018507141175
4,0.733,8.389211088232821e-05
5,0.7315714285714285,2.2321106750096656e-05
6,0.7275714285714285,5.938958995179634e-06
7,0.7395714285714285,1.5801740631105742e-06
8,0.752,4.204356473506604e-07
9,0.7531428571428571,1.118649759477795e-07
