Iteration,Accuracy,Weight Decay
0,0.52,0.00011942167994090873
1,0.759080459770115,0.00016884463041510505
2,0.8018390804597701,0.00240205429617744
3,0.8202298850574713,9.681284810799852e-05
4,0.8119540229885057,2.9522266324537222e-05
5,0.8174712643678161,2.830492971180485e-05
6,0.8133333333333334,4.57169498450537e-05
7,0.8326436781609196,0.00023501696731415112
