Iteration,Accuracy,Weight Decay
0,0.7858347386172007,0.09623406949124648
1,0.8448566610455311,0.08285422480701589
2,0.8912310286677909,0.047877320869366004
3,0.8962900505902193,0.015206179604296877
4,0.9097807757166948,0.003819399833108084
5,0.8996627318718381,0.0013164192457227669
