Iteration,Accuracy,Weight Decay
0,0.6021428571428571,0.08956689623880071
1,0.8101428571428572,0.041338346412298756
2,0.8955714285714286,0.005468299804777157
3,0.9241428571428572,0.00047274822582090244
