Iteration,Accuracy,Weight Decay
0,0.7518684603886397,0.0019651531060601536
1,0.8445440956651719,0.0018458080693910348
2,0.8649725959143,0.0017264630327219162
3,0.8804185351270553,0.0016071179960527975
4,0.8953662182361734,0.0014877729593836787
5,0.8993522670652716,0.00136842792271456
6,0.9003487792725461,0.0012490828860454411
7,0.9038365719980069,0.0011297378493763223
