Iteration,Accuracy,Weight Decay
0,0.6525714285714286,0.00033938547838829045
1,0.8112857142857143,1.3492579099897119e-05
2,0.8494285714285714,2.2119139011574414e-05
3,0.8758571428571429,1.2934968295479654e-05
4,0.8861428571428571,0.00016107374213320937
5,0.9054285714285715,4.3953791197806243e-05
6,0.9115714285714286,0.00011567986176783231
7,0.9192857142857143,0.00022825397356944927
8,0.9234285714285714,0.0006807411148787092
9,0.9314285714285714,2.7508723869948576e-05
