Iteration,Accuracy,Weight Decay
0,0.7058571428571428,1.3941757264598298e-05
1,0.8208571428571428,0.0011278753600242036
2,0.8675714285714285,1.1206503117487517e-05
3,0.9055714285714286,0.004043438720544154
