Iteration,Accuracy,Weight Decay
0,0.8391428571428572,2.869377067127777e-06
1,0.8828571428571429,0.00277374762232651
2,0.9221428571428572,0.00190932807667502
3,0.9252857142857143,0.0019179102616724
