Iteration,Accuracy,Weight Decay
0,0.5135632183908045,0.00043428454952628125
1,0.696551724137931,1.5128075371989369e-05
2,0.7397701149425288,0.0012133176218303565
3,0.7760919540229885,0.0001537362754944571
4,0.792183908045977,0.005819656339964753
5,0.8,0.0001394136569049615
6,0.8147126436781609,0.0015243978785610816
7,0.8193103448275862,0.0007749385327903
