Iteration,Accuracy,Weight Decay
0,0.6720067453625632,0.06801802122791924
1,0.7757166947723441,0.043527664608961875
2,0.8347386172006745,0.02455315407535525
3,0.8549747048903878,0.011094489627099403
4,0.8532883642495784,0.0031516712641943057
5,0.8322091062394603,0.0007246989866399735
