Iteration,Accuracy,Weight Decay
0,0.2715495764823119,0.09706882132280426
1,0.34280019930244143,0.09046519793170772
2,0.3552566018933732,0.07310626521668034
3,0.3682112605879422,0.04378320141530977
4,0.4947683109118087,0.018243790724546134
5,0.5455904334828101,0.006010088662594013
6,0.7010463378176383,0.0018001084090777473
7,0.7907324364723468,0.0005235193184478273
