Iteration,Accuracy,Weight Decay
0,0.3991031390134529,0.09706882132280426
1,0.3059292476332835,0.09046519793170772
2,0.37369207772795215,0.07310626521668034
3,0.4598903836571998,0.04378320141530977
4,0.47583457897359244,0.018243790724546134
5,0.57299451918286,0.006010088662594013
6,0.5979073243647235,0.0018001084090777473
7,0.6213253612356752,0.0005235193184478273
