Iteration,Accuracy,Weight Decay
0,0.7852857142857143,0.08126216613380753
1,0.7941428571428572,0.04451338310406878
2,0.7667142857142857,0.010978637918546164
3,0.807,0.0003021294961929753
