Iteration,Accuracy,Weight Decay
0,0.7377142857142858,0.0005950772705119844
1,0.8475714285714285,0.0015898698487500885
2,0.8487142857142858,2.1518792528949893e-05
3,0.9064285714285715,0.001450157456048808
4,0.9067142857142857,0.00011995025997523683
5,0.9192857142857143,2.0088893029541373e-05
6,0.9165714285714286,0.0024868237649555425
7,0.9265714285714286,0.001987020586780011
8,0.9248571428571428,0.005992188171286356
9,0.9267142857142857,2.9761297349948573e-05
