Iteration,Accuracy,Weight Decay
0,0.6568296795952783,0.09623406949124648
1,0.8010118043844857,0.08285422480701589
2,0.8406408094435076,0.047877320869366004
3,0.8861720067453626,0.015206179604296877
4,0.8777403035413154,0.003819399833108084
5,0.9080944350758853,0.0013164192457227669
