Iteration,Accuracy,Weight Decay
0,0.48480318883906326,0.0722504203169805
1,0.330842052815147,0.052563218514838285
2,0.33482810164424515,0.03600096937970277
3,0.3617339312406577,0.02256367291157395
4,0.4564025909317389,0.012251329110451837
5,0.5386148480318884,0.005063937976336426
6,0.5809666168410563,0.0010014995092277146
7,0.7100149476831091,6.401370912570431e-05
