Iteration,Accuracy,Weight Decay
0,0.6568296795952783,0.0003139551541520559
1,0.7487352445193929,0.00019461011748293712
2,0.8279932546374368,7.526508081381837e-05
3,0.8229342327150084,-4.4079955855300356e-05
4,0.8499156829679595,-0.0001634249925244192
5,0.8347386172006745,-0.0002827700291935379
