Iteration,Accuracy,Weight Decay
0,0.4947142857142857,0.08956689623880071
1,0.7075714285714285,0.041338346412298756
2,0.785,0.005468299804777157
3,0.8047142857142857,0.00047274822582090244
