Iteration,Accuracy,Weight Decay
0,0.7425714285714285,0.09557017170827971
1,0.7592857142857142,0.08698157789648651
2,0.8517142857142858,0.07477297827681818
3,0.8592857142857143,0.06013943564236318
4,0.8728571428571429,0.04451338310406878
5,0.7991428571428572,0.029424407557493124
6,0.8727142857142857,0.01634952306020954
7,0.8905714285714286,0.006568590404889097
8,0.9055714285714286,0.0010390354275995517
9,0.9145714285714286,0.0003021294961929753
