Iteration,Accuracy,Weight Decay
0,0.48679621325361233,0.08500022719836783
1,0.5450921773791729,0.07250041653034103
2,0.6332835077229696,0.06000060586231423
3,0.6482311908320877,0.047500795194287425
4,0.7269556552067763,0.03500098452626062
5,0.7922272047832586,0.022501173858233817
6,0.8604882909815645,0.010001363190207016
7,0.828101644245142,-0.0024984474778197846
