Iteration,Accuracy,Weight Decay
0,0.4299950174389636,0.0722504203169805
1,0.48878923766816146,0.052563218514838285
2,0.580468360737419,0.03600096937970277
3,0.7453911310413552,0.02256367291157395
4,0.8101644245142003,0.012251329110451837
5,0.8340807174887892,0.005063937976336426
6,0.8734429496761336,0.0010014995092277146
7,0.8629795714997509,6.401370912570431e-05
