Iteration,Accuracy,Weight Decay
0,0.7998571428571428,0.0715000506746646
1,0.883,0.046500095126124755
2,0.8962857142857142,0.021500139577584912
3,0.8902857142857142,-0.003499815970954903
