Iteration,Accuracy,Weight Decay
0,0.7557142857142857,0.08126216613380753
1,0.8077142857142857,0.04451338310406878
2,0.8777142857142857,0.010978637918546164
3,0.8998571428571429,0.0003021294961929753
