Iteration,Accuracy,Weight Decay
0,0.7105714285714285,0.00015609756975207978
1,0.8325714285714285,0.001473783035410512
2,0.8415714285714285,0.00016297379502881376
3,0.8437142857142857,0.0048862472109963235
4,0.87,3.894525822264549e-05
5,0.8981428571428571,0.0004439248343951932
6,0.9057142857142857,3.273768727256463e-05
7,0.9021428571428571,1.0091211855238382e-05
8,0.9035714285714286,2.5692949264593265e-05
9,0.9155714285714286,0.00037897526240796936
