Iteration,Accuracy,Weight Decay
0,0.7114285714285714,0.016739508918050823
1,0.8201428571428572,0.004453867730520001
2,0.8597142857142858,0.0011850370197883447
3,0.8928571428571429,0.0003153018507141175
4,0.8971428571428571,8.389211088232821e-05
5,0.9114285714285715,2.2321106750096656e-05
6,0.9188571428571428,5.938958995179634e-06
7,0.924,1.5801740631105742e-06
8,0.9282857142857143,4.204356473506604e-07
9,0.9288571428571428,1.118649759477795e-07
