Iteration,Accuracy,Weight Decay
0,0.764,0.07482254476706554
1,0.7794285714285715,0.05852257374941756
2,0.788,0.04422259917565277
3,0.805,0.03192262104577116
4,0.8668571428571429,0.021622639359772756
5,0.873,0.013322654117657533
6,0.8727142857142857,0.007022665319425497
7,0.8818571428571429,0.0027226729650766464
8,0.8992857142857142,0.00042267705461097914
9,0.9111428571428571,0.0001226775880285013
