Iteration,Accuracy,Weight Decay
0,0.735,0.016739508918050823
1,0.7447142857142857,0.004453867730520001
2,0.8504285714285714,0.0011850370197883447
3,0.8614285714285714,0.0003153018507141175
4,0.875,8.389211088232821e-05
5,0.8854285714285715,2.2321106750096656e-05
6,0.8932857142857142,5.938958995179634e-06
7,0.8945714285714286,1.5801740631105742e-06
8,0.8985714285714286,4.204356473506604e-07
9,0.9037142857142857,1.118649759477795e-07
