Iteration,Accuracy,Weight Decay
0,0.7158516020236088,0.06801802122791924
1,0.8018549747048904,0.043527664608961875
2,0.8246205733558178,0.02455315407535525
3,0.8473861720067454,0.011094489627099403
4,0.8591905564924115,0.0031516712641943057
5,0.8541315345699831,0.0007246989866399735
