Iteration,Accuracy,Weight Decay
0,0.5534285714285714,0.08126216613380753
1,0.5457142857142857,0.04451338310406878
2,0.6284285714285714,0.010978637918546164
3,0.7522857142857143,0.0003021294961929753
