Iteration,Accuracy,Weight Decay
0,0.7082857142857143,0.05112258690704978
1,0.7244285714285714,0.021622639359772756
2,0.7344285714285714,0.004622669586765671
3,0.7861428571428571,0.0001226775880285013
