Iteration,Accuracy,Weight Decay
0,0.7072857142857143,0.07482254476706554
1,0.8012857142857143,0.05852257374941756
2,0.8457142857142858,0.04422259917565277
3,0.8725714285714286,0.03192262104577116
4,0.9037142857142857,0.021622639359772756
5,0.9042857142857142,0.013322654117657533
6,0.9124285714285715,0.007022665319425497
7,0.9127142857142857,0.0027226729650766464
8,0.9132857142857143,0.00042267705461097914
9,0.9284285714285714,0.0001226775880285013
