Iteration,Accuracy,Weight Decay
0,0.5733558178752108,4.815297862032934e-06
1,0.6728499156829679,0.0004982290216050967
2,0.8018549747048904,1.409240098658793e-07
3,0.8431703204047217,0.00013713943858997027
4,0.8785834738617201,2.192787454395522e-07
5,0.8844856661045531,1.6297508346206433e-08
