Iteration,Accuracy,Weight Decay
0,0.628,0.009812036539251641
1,0.642,1.0713429401428245e-05
2,0.6564285714285715,2.683581395318355e-05
3,0.6824285714285714,1.936240656238215e-05
