Iteration,Accuracy,Weight Decay
0,0.6588571428571428,2.869377067127777e-06
1,0.6905714285714286,0.00277374762232651
2,0.7138571428571429,0.00190932807667502
3,0.6931428571428572,0.0019179102616724
