Iteration,Accuracy,Weight Decay
0,0.6555714285714286,0.007845346305058324
1,0.7661428571428571,7.166410481797825e-05
2,0.8037142857142857,0.00016666611073791715
3,0.8285714285714286,5.250322155687562e-05
4,0.8617142857142858,0.0002627681919171023
5,0.8715714285714286,0.0014197325896763949
6,0.8912857142857142,0.004112161315968292
7,0.8892857142857142,2.730010337492708e-05
8,0.9095714285714286,5.6778768790311384e-05
9,0.9165714285714286,2.118940146433112e-05
