Iteration,Accuracy,Weight Decay
0,0.7673143996013951,1.51465578557073e-06
1,0.8271051320378675,1.51465578557073e-06
2,0.8365719980069756,1.51465578557073e-06
3,0.8714499252615845,1.51465578557073e-06
4,0.8883906327852517,1.51465578557073e-06
5,0.8958644743398106,1.51465578557073e-06
6,0.8998505231689088,1.51465578557073e-06
7,0.9073243647234679,1.51465578557073e-06
