Iteration,Accuracy,Weight Decay
0,0.7575714285714286,0.016739508918050823
1,0.8168571428571428,0.004453867730520001
2,0.8308571428571428,0.0011850370197883447
3,0.8781428571428571,0.0003153018507141175
4,0.8821428571428571,8.389211088232821e-05
5,0.8961428571428571,2.2321106750096656e-05
6,0.9018571428571428,5.938958995179634e-06
7,0.9137142857142857,1.5801740631105742e-06
8,0.9131428571428571,4.204356473506604e-07
9,0.9265714285714286,1.118649759477795e-07
