Iteration,Accuracy,Weight Decay
0,0.743448275862069,5.99030482063902e-05
1,0.7852873563218391,-5.944198846272857e-05
2,0.8068965517241379,-0.00017878702513184736
3,0.7931034482758621,-0.0002981320618009661
4,0.8119540229885057,-0.0004174770984700848
5,0.8091954022988506,-0.0005368221351392036
6,0.8202298850574713,-0.0006561671718083224
7,0.833103448275862,-0.0007755122084774412
