Iteration,Accuracy,Weight Decay
0,0.7324364723467862,0.09455040875321775
1,0.7409068261086198,0.08247266789928005
2,0.8131539611360239,0.06545137301945098
3,0.8475336322869955,0.04607786196076218
4,0.8654708520179372,0.02730157616058396
5,0.8759342301943199,0.011981034924538829
6,0.8764324862979571,0.002448651774762514
7,0.8769307424015944,0.00015564563454001894
