Iteration,Accuracy,Weight Decay
0,0.32934728450423517,0.08500022719836783
1,0.3173891380169407,0.07250041653034103
2,0.3034379671150972,0.06000060586231423
3,0.3044344793223717,0.047500795194287425
4,0.34429496761335326,0.03500098452626062
5,0.48679621325361233,0.022501173858233817
6,0.49975087194818135,0.010001363190207016
7,0.6851021425012457,-0.0024984474778197846
