Iteration,Accuracy,Weight Decay
0,0.8086696562032885,0.0019651531060601536
1,0.8370702541106129,0.0018458080693910348
2,0.8689586447433981,0.0017264630327219162
3,0.8814150473343298,0.0016071179960527975
4,0.8863976083707026,0.0014877729593836787
5,0.8898854010961634,0.00136842792271456
6,0.8978574987543597,0.0012490828860454411
7,0.8993522670652716,0.0011297378493763223
