Iteration,Accuracy,Weight Decay
0,0.7831428571428571,0.0015138485447468036
1,0.7858571428571428,0.0056138745345095135
2,0.8178571428571428,0.0015027909873942921
3,0.8268571428571428,0.0030266937895703024
