Iteration,Accuracy,Weight Decay
0,0.52,5.95501370565999e-05
1,0.7140229885057471,5.95501370565999e-05
2,0.7020689655172414,5.95501370565999e-05
3,0.7650574712643678,5.95501370565999e-05
4,0.7963218390804597,5.95501370565999e-05
5,0.8073563218390805,5.95501370565999e-05
6,0.8055172413793104,5.95501370565999e-05
7,0.8312643678160919,5.95501370565999e-05
