Iteration,Accuracy,Weight Decay
0,0.64,3.574315685339849e-05
1,0.6527142857142857,0.0011989872978618952
2,0.6618571428571428,0.006198368831958267
3,0.6905714285714286,0.002753695894171796
4,0.6947142857142857,3.400179763466833e-05
5,0.6881428571428572,1.3354951021640658e-05
6,0.7075714285714285,0.0019162173942143246
7,0.19171428571428573,1.6130592344463017e-05
8,0.7342857142857143,0.0032421057010131363
9,0.747,0.0017821357194172847
