Iteration,Accuracy,Weight Decay
0,0.7900505902192243,0.09254828078406145
1,0.8195615514333895,0.07381604081063549
2,0.8490725126475548,0.04879807301935227
3,0.887858347386172,0.024197921676153977
4,0.9055649241146712,0.006607177467133997
5,0.9097807757166948,0.0007392660973616683
