Iteration,Accuracy,Weight Decay
0,0.7415714285714285,0.016739508918050823
1,0.7752857142857142,0.004453867730520001
2,0.795,0.0011850370197883447
3,0.8414285714285714,0.0003153018507141175
4,0.8711428571428571,8.389211088232821e-05
5,0.8938571428571429,2.2321106750096656e-05
6,0.9007142857142857,5.938958995179634e-06
7,0.9021428571428571,1.5801740631105742e-06
8,0.9112857142857143,4.204356473506604e-07
9,0.915,1.118649759477795e-07
