Iteration,Accuracy,Weight Decay
0,0.6895714285714286,0.09746673418161543
1,0.6784285714285714,0.09340111078410944
2,0.6918571428571428,0.0838891336884537
3,0.7941428571428572,0.06570110725289291
4,0.7994285714285714,0.041338346412298756
5,0.8201428571428572,0.020587178380980863
6,0.8648571428571429,0.00870673956906492
7,0.8795714285714286,0.0033896881950003137
8,0.8837142857142857,0.0012744104865876579
9,0.8984285714285715,0.00047274822582090244
