Iteration,Accuracy,Weight Decay
0,0.6177142857142857,0.08650002400378849
1,0.6111428571428571,0.07650004178437256
2,0.5907142857142857,0.06650005956495662
3,0.6002857142857143,0.05650007734554069
4,0.611,0.046500095126124755
5,0.6042857142857143,0.03650011290670882
6,0.5932857142857143,0.026500130687292886
7,0.5951428571428572,0.01650014846787695
8,0.593,0.006500166248461017
9,0.6862857142857143,-0.003499815970954903
