Iteration,Accuracy,Weight Decay
0,0.6705714285714286,0.0071340919757048255
1,0.7022857142857143,1.7697434982290845e-06
2,0.7445714285714286,0.00023777479666081832
3,0.7365714285714285,0.001284764685431755
4,0.734,0.00277374762232651
5,0.739,0.003298654464196375
6,0.7127142857142857,0.00258257950735642
7,0.7368571428571429,0.001485072748559495
8,0.746,0.0013682422858920349
9,0.7457142857142857,0.0019179102616724
