Iteration,Accuracy,Weight Decay
0,0.8036870951669158,0.0019651531060601536
1,0.8604882909815645,0.0018458080693910348
2,0.85401096163428,0.0017264630327219162
3,0.8804185351270553,0.0016071179960527975
4,0.8883906327852517,0.0014877729593836787
5,0.8839063278525162,0.00136842792271456
6,0.8898854010961634,0.0012490828860454411
7,0.8978574987543597,0.0011297378493763223
