Iteration,Accuracy,Weight Decay
0,0.6559865092748736,4.815297862032934e-06
1,0.7639123102866779,0.0004982290216050967
2,0.806070826306914,1.409240098658793e-07
3,0.8145025295109612,0.00013713943858997027
4,0.8600337268128162,2.192787454395522e-07
5,0.8836424957841484,1.6297508346206433e-08
