Iteration,Accuracy,Weight Decay
0,0.7868571428571428,0.08126216613380753
1,0.834,0.04451338310406878
2,0.8888571428571429,0.010978637918546164
3,0.8977142857142857,0.0003021294961929753
