Iteration,Accuracy,Weight Decay
0,0.7244643746885899,0.09706882132280426
1,0.7987045341305431,0.09046519793170772
2,0.84853014449427,0.07310626521668034
3,0.8619830592924763,0.04378320141530977
4,0.8714499252615845,0.018243790724546134
5,0.8839063278525162,0.006010088662594013
6,0.8888888888888888,0.0018001084090777473
7,0.8829098156452416,0.0005235193184478273
