Iteration,Accuracy,Weight Decay
0,0.7132857142857143,0.0033261644067418524
1,0.832,0.0032068193700727343
2,0.8745714285714286,0.0030874743334036153
3,0.8941428571428571,0.0029681292967344963
