Iteration,Accuracy,Weight Decay
0,0.7414050822122571,0.0722504203169805
1,0.7608370702541106,0.052563218514838285
2,0.8061783756851021,0.03600096937970277
3,0.8231190832087693,0.02256367291157395
4,0.8624813153961136,0.012251329110451837
5,0.8849028400597907,0.005063937976336426
6,0.8794220229197808,0.0010014995092277146
7,0.8819133034379671,6.401370912570431e-05
