Iteration,Accuracy,Weight Decay
0,0.45789735924265074,0.09706882132280426
1,0.44892874937717986,0.09046519793170772
2,0.5092177379172895,0.07310626521668034
3,0.502740408570005,0.04378320141530977
4,0.6183358246138515,0.018243790724546134
5,0.6681614349775785,0.006010088662594013
6,0.7199800697558545,0.0018001084090777473
7,0.7364225211758844,0.0005235193184478273
