Iteration,Accuracy,Weight Decay
0,0.7462057335581788,0.041773682891187935
1,0.8322091062394603,0.018334280241060232
2,0.8448566610455311,0.008046832567607796
3,0.8811129848229342,0.003531718372347135
4,0.8836424957841484,0.001550055199580515
5,0.8827993254637436,0.0006803122073830045
