Iteration,Accuracy,Weight Decay
0,0.6290050590219224,0.0003139551541520559
1,0.7554806070826307,0.00019461011748293712
2,0.7892074198988196,7.526508081381837e-05
3,0.790893760539629,-4.4079955855300356e-05
4,0.8406408094435076,-0.0001634249925244192
5,0.8448566610455311,-0.0002827700291935379
