Iteration,Accuracy,Weight Decay
0,0.39711011459890383,0.0019651531060601536
1,0.3811659192825112,0.0018458080693910348
2,0.3841554559043348,0.0017264630327219162
3,0.4469357249626308,0.0016071179960527975
4,0.43946188340807174,0.0014877729593836787
5,0.604384653712008,0.00136842792271456
6,0.715495764823119,0.0012490828860454411
7,0.7548579970104634,0.0011297378493763223
