Iteration,Accuracy,Weight Decay
0,0.7414050822122571,0.09706882132280426
1,0.7628300946686597,0.09046519793170772
2,0.8330842052815147,0.07310626521668034
3,0.84853014449427,0.04378320141530977
4,0.8684603886397608,0.018243790724546134
5,0.8794220229197808,0.006010088662594013
6,0.8858993522670653,0.0018001084090777473
7,0.8913801694070752,0.0005235193184478273
