Iteration,Accuracy,Weight Decay
0,0.699,0.08126216613380753
1,0.8972857142857142,0.04451338310406878
2,0.9052857142857142,0.010978637918546164
3,0.9134285714285715,0.0003021294961929753
