Iteration,Accuracy,Weight Decay
0,0.6297142857142857,0.09746673418161543
1,0.6962857142857143,0.09340111078410944
2,0.6918571428571428,0.0838891336884537
3,0.6927142857142857,0.06570110725289291
4,0.6881428571428572,0.041338346412298756
5,0.7054285714285714,0.020587178380980863
6,0.7432857142857143,0.00870673956906492
7,0.7414285714285714,0.0033896881950003137
8,0.7451428571428571,0.0012744104865876579
9,0.8198571428571428,0.00047274822582090244
