Iteration,Accuracy,Weight Decay
0,0.7388505747126437,0.001707114015636677
1,0.7733333333333333,0.00032621754047255496
2,0.8128735632183908,0.00029265128716838965
3,0.8133333333333334,0.0007363483959166735
4,0.8165517241379311,1.4142870678917833e-05
5,0.8151724137931035,0.001976130973661042
6,0.8216091954022988,3.0547641143613844e-05
7,0.8133333333333334,0.0051952993635097705
