Iteration,Accuracy,Weight Decay
0,0.5945714285714285,0.0005605051968886945
1,0.6291428571428571,0.0009533393687265403
2,0.6581428571428571,0.00018805877592630835
3,0.77,0.00019480013367323347
4,0.8184285714285714,0.0014913517036721044
5,0.7952857142857143,0.003388776773925854
6,0.8902857142857142,3.348793538347118e-05
7,0.9007142857142857,0.0004999372540270663
8,0.9027142857142857,0.0015766463552885027
9,0.8898571428571429,0.008369622122944545
