Iteration,Accuracy,Weight Decay
0,0.5281514698555058,0.018925488238263552
1,0.7628300946686597,0.0047270079827679235
2,0.8350772296960638,0.0011806619828161344
3,0.8395615346287992,0.00029489324383393244
4,0.8460388639760837,7.365531077021373e-05
5,0.8684603886397608,1.8396843325823638e-05
6,0.8824115595416044,4.594968656242079e-06
7,0.8913801694070752,1.1476825984711098e-06
