Iteration,Accuracy,Weight Decay
0,0.643248629795715,0.0019651531060601536
1,0.6900847035376183,0.0018458080693910348
2,0.7852516193323368,0.0017264630327219162
3,0.8026905829596412,0.0016071179960527975
4,0.8415545590433483,0.0014877729593836787
5,0.8734429496761336,0.00136842792271456
6,0.8749377179870453,0.0012490828860454411
7,0.890881913303438,0.0011297378493763223
