Iteration,Accuracy,Weight Decay
0,0.6450252951096122,0.09623406949124648
1,0.7293423271500843,0.08285422480701589
2,0.7529510961214165,0.047877320869366004
3,0.8482293423271501,0.015206179604296877
4,0.8549747048903878,0.003819399833108084
5,0.8861720067453626,0.0013164192457227669
