Iteration,Accuracy,Weight Decay
0,0.5885057471264368,2.4313285004204436e-08
1,0.7351724137931035,1.7640969257885612e-07
2,0.7696551724137931,3.199267137797384e-07
3,0.7774712643678161,3.96396275506239e-05
4,0.8105747126436782,0.0005580305251442092
5,0.8404597701149426,1.5487250883917444e-05
6,0.8675862068965517,6.0274239009094145e-05
7,0.8832183908045977,1.3530477745798077e-08
