Iteration,Accuracy,Weight Decay
0,0.6315714285714286,0.09746673418161543
1,0.6782857142857143,0.09340111078410944
2,0.726,0.0838891336884537
3,0.72,0.06570110725289291
4,0.7412857142857143,0.041338346412298756
5,0.7852857142857143,0.020587178380980863
6,0.835,0.00870673956906492
7,0.8551428571428571,0.0033896881950003137
8,0.8725714285714286,0.0012744104865876579
9,0.8974285714285715,0.00047274822582090244
