Iteration,Accuracy,Weight Decay
0,0.5622988505747126,2.4313285004204436e-08
1,0.7581609195402299,1.7640969257885612e-07
2,0.7535632183908046,3.199267137797384e-07
3,0.7981609195402298,3.96396275506239e-05
4,0.7889655172413793,0.0005580305251442092
5,0.8087356321839081,1.5487250883917444e-05
6,0.8377011494252874,6.0274239009094145e-05
7,0.8068965517241379,1.3530477745798077e-08
