Iteration,Accuracy,Weight Decay
0,0.7344294967613353,0.0722504203169805
1,0.776283009466866,0.052563218514838285
2,0.8186347782760339,0.03600096937970277
3,0.8315894369706028,0.02256367291157395
4,0.8435475834578974,0.012251329110451837
5,0.8560039860488291,0.005063937976336426
6,0.8599900348779272,0.0010014995092277146
7,0.8619830592924763,6.401370912570431e-05
