Iteration,Accuracy,Weight Decay
0,0.8111428571428572,0.08956689623880071
1,0.8544285714285714,0.041338346412298756
2,0.8972857142857142,0.005468299804777157
3,0.9184285714285715,0.00047274822582090244
