Iteration,Accuracy,Weight Decay
0,0.6751428571428572,0.0009749756417084386
1,0.6685714285714286,0.00017929542736133246
2,0.6652857142857143,0.0008058357288005636
3,0.6644285714285715,0.0010018334662459053
4,0.6615714285714286,0.0014013942319050486
5,0.6661428571428571,0.0006926937770154916
6,0.6791428571428572,1.330920986625124e-05
7,0.6898571428571428,0.0020928402986830174
8,0.7712857142857142,1.8052685261935306e-05
9,0.7771428571428571,1.5551321135106104e-05
