Iteration,Accuracy,Weight Decay
0,0.5463743676222597,0.000714770463686342
1,0.7917369308600337,0.000714770463686342
2,0.8600337268128162,0.000714770463686342
3,0.7875210792580101,0.000714770463686342
4,0.8836424957841484,0.000714770463686342
5,0.8895446880269815,0.000714770463686342
