Iteration,Accuracy,Weight Decay
0,0.5226706527154957,0.0019651531060601536
1,0.6193323368211261,0.0018458080693910348
2,0.8161434977578476,0.0017264630327219162
3,0.8016940707523668,0.0016071179960527975
4,0.8560039860488291,0.0014877729593836787
5,0.8634778276033881,0.00136842792271456
6,0.8794220229197808,0.0012490828860454411
7,0.8858993522670653,0.0011297378493763223
