Iteration,Accuracy,Weight Decay
0,0.5899352267065272,0.0019651531060601536
1,0.739412057797708,0.0018458080693910348
2,0.7887394120577977,0.0017264630327219162
3,0.8086696562032885,0.0016071179960527975
4,0.802192326856004,0.0014877729593836787
5,0.7852516193323368,0.00136842792271456
6,0.8086696562032885,0.0012490828860454411
7,0.8370702541106129,0.0011297378493763223
