Iteration,Accuracy,Weight Decay
0,0.6937142857142857,0.05112258690704978
1,0.826,0.021622639359772756
2,0.8632857142857143,0.004622669586765671
3,0.8848571428571429,0.0001226775880285013
