Iteration,Accuracy,Weight Decay
0,0.7441428571428571,0.09557017170827971
1,0.8197142857142857,0.08698157789648651
2,0.8282857142857143,0.07477297827681818
3,0.8554285714285714,0.06013943564236318
4,0.8764285714285714,0.04451338310406878
5,0.8782857142857143,0.029424407557493124
6,0.8958571428571429,0.01634952306020954
7,0.8987142857142857,0.006568590404889097
8,0.8994285714285715,0.0010390354275995517
9,0.9154285714285715,0.0003021294961929753
