Iteration,Accuracy,Weight Decay
0,0.6158445440956651,0.018925488238263552
1,0.7194818136522172,0.0047270079827679235
2,0.7817638266068759,0.0011806619828161344
3,0.794718485301445,0.00029489324383393244
4,0.7972097658196313,7.365531077021373e-05
5,0.828101644245142,1.8396843325823638e-05
6,0.8071748878923767,4.594968656242079e-06
7,0.815146985550573,1.1476825984711098e-06
