Iteration,Accuracy,Weight Decay
0,0.6057142857142858,0.09746673418161543
1,0.6444285714285715,0.09340111078410944
2,0.7287142857142858,0.0838891336884537
3,0.731,0.06570110725289291
4,0.8417142857142857,0.041338346412298756
5,0.8535714285714285,0.020587178380980863
6,0.855,0.00870673956906492
7,0.8687142857142857,0.0033896881950003137
8,0.8754285714285714,0.0012744104865876579
9,0.9054285714285715,0.00047274822582090244
