Iteration,Accuracy,Weight Decay
0,0.34628799202790234,0.08500022719836783
1,0.43099152964623816,0.07250041653034103
2,0.4773293472845042,0.06000060586231423
3,0.6472346786248132,0.047500795194287425
4,0.7030393622321873,0.03500098452626062
5,0.776283009466866,0.022501173858233817
6,0.8599900348779272,0.010001363190207016
7,0.807673143996014,-0.0024984474778197846
