Iteration,Accuracy,Weight Decay
0,0.7314285714285714,0.0071340919757048255
1,0.8205714285714286,1.7697434982290845e-06
2,0.78,0.00023777479666081832
3,0.8374285714285714,0.001284764685431755
4,0.8364285714285714,0.00277374762232651
5,0.8982857142857142,0.003298654464196375
6,0.8945714285714286,0.00258257950735642
7,0.9067142857142857,0.001485072748559495
8,0.9175714285714286,0.0013682422858920349
9,0.9304285714285714,0.0019179102616724
