Iteration,Accuracy,Weight Decay
0,0.6172006745362564,4.815297862032934e-06
1,0.657672849915683,0.0004982290216050967
2,0.7824620573355818,1.409240098658793e-07
3,0.811973018549747,0.00013713943858997027
4,0.8600337268128162,2.192787454395522e-07
5,0.8785834738617201,1.6297508346206433e-08
