Iteration,Accuracy,Weight Decay
0,0.576,0.07482254476706554
1,0.6732857142857143,0.05852257374941756
2,0.7084285714285714,0.04422259917565277
3,0.73,0.03192262104577116
4,0.7162857142857143,0.021622639359772756
5,0.8177142857142857,0.013322654117657533
6,0.8634285714285714,0.007022665319425497
7,0.8731428571428571,0.0027226729650766464
8,0.8821428571428571,0.00042267705461097914
9,0.9054285714285715,0.0001226775880285013
