Iteration,Accuracy,Weight Decay
0,0.3597409068261086,0.09455040875321775
1,0.48530144494270055,0.08247266789928005
2,0.6537120079720976,0.06545137301945098
3,0.6865969108121575,0.04607786196076218
4,0.7802690582959642,0.02730157616058396
5,0.8570004982561036,0.011981034924538829
6,0.8659691081215745,0.002448651774762514
7,0.874439461883408,0.00015564563454001894
