Iteration,Accuracy,Weight Decay
0,0.6812816188870152,0.0003139551541520559
1,0.7799325463743676,0.00019461011748293712
2,0.815345699831366,7.526508081381837e-05
3,0.8330522765598651,-4.4079955855300356e-05
4,0.8482293423271501,-0.0001634249925244192
5,0.8372681281618887,-0.0002827700291935379
