Iteration,Accuracy,Weight Decay
0,0.6812816188870152,0.08245960944858459
1,0.7740303541315345,0.06591207119253231
2,0.7790893760539629,0.049364532936480035
3,0.8288364249578415,0.03281699468042776
4,0.821247892074199,0.01626945642437548
5,0.866779089376054,-0.00027808183167679634
