Iteration,Accuracy,Weight Decay
0,0.8086003372681282,0.041773682891187935
1,0.8389544688026982,0.018334280241060232
2,0.8608768971332209,0.008046832567607796
3,0.8752107925801011,0.003531718372347135
4,0.8853288364249579,0.001550055199580515
5,0.9047217537942664,0.0006803122073830045
