Iteration,Accuracy,Weight Decay
0,0.5847142857142857,0.016739508918050823
1,0.6472857142857142,0.004453867730520001
2,0.7357142857142858,0.0011850370197883447
3,0.6972857142857143,0.0003153018507141175
4,0.699,8.389211088232821e-05
5,0.6991428571428572,2.2321106750096656e-05
6,0.6994285714285714,5.938958995179634e-06
7,0.6971428571428572,1.5801740631105742e-06
8,0.6998571428571428,4.204356473506604e-07
9,0.6925714285714286,1.118649759477795e-07
