Iteration,Accuracy,Weight Decay
0,0.7925801011804384,0.06801802122791924
1,0.8094435075885329,0.043527664608961875
2,0.8507588532883642,0.02455315407535525
3,0.8414839797639123,0.011094489627099403
4,0.8617200674536256,0.0031516712641943057
5,0.8785834738617201,0.0007246989866399735
