Iteration,Accuracy,Weight Decay
0,0.5819631290483308,0.0019651531060601536
1,0.5540607872446437,0.0018458080693910348
2,0.5430991529646239,0.0017264630327219162
3,0.5401096163428002,0.0016071179960527975
4,0.5176880916791231,0.0014877729593836787
5,0.6038863976083707,0.00136842792271456
6,0.6646736422521176,0.0012490828860454411
7,0.7344294967613353,0.0011297378493763223
