Iteration,Accuracy,Weight Decay
0,0.5396113602391629,3.163998725811912e-05
1,0.45739910313901344,0.0005233901834111001
2,0.47234678624813153,0.0037869054300941397
3,0.536123567513702,0.0003687225415870801
4,0.513702042850025,0.00010616271367934697
5,0.5241654210264076,5.42481303589925e-05
6,0.6278026905829597,0.0031091685758112826
7,0.700548081714001,0.0020750088749412633
