Iteration,Accuracy,Weight Decay
0,0.48,5.99030482063902e-05
1,0.7760919540229885,-5.944198846272857e-05
2,0.7797701149425287,-0.00017878702513184736
3,0.8216091954022988,-0.0002981320618009661
4,0.799080459770115,-0.0004174770984700848
5,0.8229885057471265,-0.0005368221351392036
6,0.8298850574712644,-0.0006561671718083224
7,0.8326436781609196,-0.0007755122084774412
