Iteration,Accuracy,Weight Decay
0,0.5610363726955655,0.0019651531060601536
1,0.5376183358246138,0.0018458080693910348
2,0.5510712506228201,0.0017264630327219162
3,0.547085201793722,0.0016071179960527975
4,0.5724962630792227,0.0014877729593836787
5,0.5739910313901345,0.00136842792271456
6,0.5759840558046836,0.0012490828860454411
7,0.70254110612855,0.0011297378493763223
