Iteration,Accuracy,Weight Decay
0,0.6634285714285715,2.869377067127777e-06
1,0.7552857142857143,0.00277374762232651
2,0.8322857142857143,0.00190932807667502
3,0.7454285714285714,0.0019179102616724
