Iteration,Accuracy,Weight Decay
0,0.7284504235176881,0.08500022719836783
1,0.828101644245142,0.07250041653034103
2,0.8495266567015446,0.06000060586231423
3,0.8445440956651719,0.047500795194287425
4,0.8709516691579472,0.03500098452626062
5,0.8789237668161435,0.022501173858233817
6,0.8948679621325362,0.010001363190207016
7,0.877927254608869,-0.0024984474778197846
