Iteration,Accuracy,Weight Decay
0,0.7205714285714285,0.016739508918050823
1,0.7692857142857142,0.004453867730520001
2,0.8018571428571428,0.0011850370197883447
3,0.8407142857142857,0.0003153018507141175
4,0.8452857142857143,8.389211088232821e-05
5,0.85,2.2321106750096656e-05
6,0.8522857142857143,5.938958995179634e-06
7,0.87,1.5801740631105742e-06
8,0.8692857142857143,4.204356473506604e-07
9,0.8844285714285715,1.118649759477795e-07
