Iteration,Accuracy,Weight Decay
0,0.7092857142857143,0.09746673418161543
1,0.8534285714285714,0.09340111078410944
2,0.7858571428571428,0.0838891336884537
3,0.8385714285714285,0.06570110725289291
4,0.8867142857142857,0.041338346412298756
5,0.8661428571428571,0.020587178380980863
6,0.8641428571428571,0.00870673956906492
7,0.8797142857142857,0.0033896881950003137
8,0.9015714285714286,0.0012744104865876579
9,0.9061428571428571,0.00047274822582090244
