Iteration,Accuracy,Weight Decay
0,0.769814502529511,0.041773682891187935
1,0.7757166947723441,0.018334280241060232
2,0.8381112984822934,0.008046832567607796
3,0.8794266441821248,0.003531718372347135
4,0.8979763912310287,0.001550055199580515
5,0.9215851602023609,0.0006803122073830045
