Iteration,Accuracy,Weight Decay
0,0.48231190832087695,0.09706882132280426
1,0.4170403587443946,0.09046519793170772
2,0.42202291978076734,0.07310626521668034
3,0.4947683109118087,0.04378320141530977
4,0.6068759342301944,0.018243790724546134
5,0.6940707523667164,0.006010088662594013
6,0.7219730941704036,0.0018001084090777473
7,0.7389138016940707,0.0005235193184478273
