Iteration,Accuracy,Weight Decay
0,0.6467116357504216,2.160847762438609e-05
1,0.769814502529511,0.003709780349424426
2,0.781618887015177,0.005266956482601204
3,0.8288364249578415,2.69595244225147e-05
4,0.8532883642495784,7.703115159130985e-05
5,0.8684654300168634,8.282903635720654e-05
