Iteration,Accuracy,Weight Decay
0,0.5118043844856661,0.00024186325401702653
1,0.7225969645868465,4.790021423629546e-05
2,0.8161888701517707,0.009730232240505628
3,0.8338954468802698,0.0003318236057092864
4,0.8490725126475548,0.0007982288676923336
5,0.8617200674536256,0.003933289839454869
