Iteration,Accuracy,Weight Decay
0,0.6416526138279932,0.000714770463686342
1,0.7259696458684655,0.000714770463686342
2,0.7774030354131535,0.000714770463686342
3,0.8338954468802698,0.000714770463686342
4,0.8473861720067454,0.000714770463686342
5,0.8617200674536256,0.000714770463686342
