Iteration,Accuracy,Weight Decay
0,0.6937931034482758,0.002547388173304471
1,0.7154022988505747,3.719881801583627e-05
2,0.7816091954022989,0.0011424760732524333
3,0.7972413793103448,0.007336548823462712
4,0.7940229885057472,4.1750821882882415e-05
5,0.8202298850574713,1.3916996389285507e-05
6,0.8225287356321839,0.0010566886288531686
7,0.8229885057471265,1.2922080049114358e-05
