Iteration,Accuracy,Weight Decay
0,0.6112984822934233,0.09623406949124648
1,0.6745362563237775,0.08285422480701589
2,0.7925801011804384,0.047877320869366004
3,0.836424957841484,0.015206179604296877
4,0.8794266441821248,0.003819399833108084
5,0.8684654300168634,0.0013164192457227669
