Iteration,Accuracy,Weight Decay
0,0.8071748878923767,0.0019651531060601536
1,0.8241155954160438,0.0018458080693910348
2,0.8679621325361235,0.0017264630327219162
3,0.8824115595416044,0.0016071179960527975
4,0.8938714499252616,0.0014877729593836787
5,0.8988540109616343,0.00136842792271456
6,0.9068261086198306,0.0012490828860454411
7,0.905829596412556,0.0011297378493763223
