Iteration,Accuracy,Weight Decay
0,0.6098654708520179,0.08500022719836783
1,0.5401096163428002,0.07250041653034103
2,0.658196312904833,0.06000060586231423
3,0.763328350772297,0.047500795194287425
4,0.7379172894867962,0.03500098452626062
5,0.796711509715994,0.022501173858233817
6,0.8515196811160937,0.010001363190207016
7,0.8231190832087693,-0.0024984474778197846
