Iteration,Accuracy,Weight Decay
0,0.5328836424957841,3.4389797858499916e-05
1,0.49494097807757165,4.399956126979658e-05
2,0.7866779089376054,7.491612826728721e-05
3,0.806070826306914,0.00039436547244073837
4,0.8499156829679595,0.00032675355902167774
5,0.8541315345699831,1.5471371531326146e-05
