Iteration,Accuracy,Weight Decay
0,0.7762857142857142,0.0033261644067418524
1,0.896,0.0032068193700727343
2,0.9062857142857143,0.0030874743334036153
3,0.924,0.0029681292967344963
