Iteration,Accuracy,Weight Decay
0,0.7907142857142857,0.0015190600647416465
1,0.8418571428571429,4.2566683663384604e-05
2,0.8738571428571429,0.0001582249487909493
3,0.8888571428571429,0.0039899924460270195
4,0.8998571428571429,0.004179382049080926
5,0.9068571428571428,0.005658017127402831
6,0.9115714285714286,0.0004870721462904524
7,0.908,0.0006076510523737438
8,0.9182857142857143,0.0007159433093195523
9,0.9287142857142857,0.00011235840577837008
