Iteration,Accuracy,Weight Decay
0,0.7,0.0033977714287433238
1,0.6637142857142857,0.003350033414075676
2,0.6612857142857143,0.0033022953994080286
3,0.6914285714285714,0.003254557384740381
4,0.7142857142857143,0.0032068193700727343
5,0.7094285714285714,0.0031590813554050867
6,0.7071428571428572,0.003111343340737439
7,0.7394285714285714,0.0030636053260697915
8,0.7851428571428571,0.003015867311402144
9,0.7827142857142857,0.0029681292967344963
