Iteration,Accuracy,Weight Decay
0,0.6087689713322091,0.003699350424495759
1,0.6829679595278246,7.087211164444851e-05
2,0.7537942664418212,4.7911236005861585e-05
3,0.8069139966273187,0.00015849245944795932
4,0.8414839797639123,0.00525007930775293
5,0.8768971332209107,0.0012098951411981633
