Iteration,Accuracy,Weight Decay
0,0.7671428571428571,0.08650002400378849
1,0.8127142857142857,0.07650004178437256
2,0.8554285714285714,0.06650005956495662
3,0.8637142857142858,0.05650007734554069
4,0.8854285714285715,0.046500095126124755
5,0.893,0.03650011290670882
6,0.9022857142857142,0.026500130687292886
7,0.9077142857142857,0.01650014846787695
8,0.9112857142857143,0.006500166248461017
9,0.9142857142857143,-0.003499815970954903
