Iteration,Accuracy,Weight Decay
0,0.4484304932735426,0.09706882132280426
1,0.5819631290483308,0.09046519793170772
2,0.5605381165919282,0.07310626521668034
3,0.7832585949177877,0.04378320141530977
4,0.8440458395615347,0.018243790724546134
5,0.8809167912306926,0.006010088662594013
6,0.8814150473343298,0.0018001084090777473
7,0.8893871449925261,0.0005235193184478273
