Iteration,Accuracy,Weight Decay
0,0.6859770114942528,2.6262442874554606e-05
1,0.736551724137931,0.00026439498634250083
2,0.7714942528735632,0.0022701952136907153
3,0.7733333333333333,0.003148671081687228
4,0.7885057471264367,0.0005364245369820087
5,0.8013793103448276,0.0006378025198917661
6,0.8170114942528736,0.003774344815506786
7,0.8147126436781609,5.237780918978129e-05
