Iteration,Accuracy,Weight Decay
0,0.37857142857142856,0.08650002400378849
1,0.539,0.07650004178437256
2,0.45085714285714285,0.06650005956495662
3,0.5812857142857143,0.05650007734554069
4,0.6057142857142858,0.046500095126124755
5,0.6767142857142857,0.03650011290670882
6,0.703,0.026500130687292886
7,0.7342857142857143,0.01650014846787695
8,0.7628571428571429,0.006500166248461017
9,0.7267142857142858,-0.003499815970954903
