Iteration,Accuracy,Weight Decay
0,0.6854974704890388,0.000714770463686342
1,0.7268128161888702,0.000714770463686342
2,0.7757166947723441,0.000714770463686342
3,0.8465430016863407,0.000714770463686342
4,0.8642495784148398,0.000714770463686342
5,0.8794266441821248,0.000714770463686342
