Iteration,Accuracy,Weight Decay
0,0.7424015944195317,1.51465578557073e-06
1,0.8460388639760837,1.51465578557073e-06
2,0.8809167912306926,1.51465578557073e-06
3,0.8834080717488789,1.51465578557073e-06
4,0.8878923766816144,1.51465578557073e-06
5,0.8968609865470852,1.51465578557073e-06
6,0.8953662182361734,1.51465578557073e-06
7,0.8963627304434479,1.51465578557073e-06
