Iteration,Accuracy,Weight Decay
0,0.5166915794718485,0.09455040875321775
1,0.5874439461883408,0.08247266789928005
2,0.5929247633283508,0.06545137301945098
3,0.7359242650722472,0.04607786196076218
4,0.8455406078724464,0.02730157616058396
5,0.8679621325361235,0.011981034924538829
6,0.8789237668161435,0.002448651774762514
7,0.885401096163428,0.00015564563454001894
