Iteration,Accuracy,Weight Decay
0,0.6462381664175386,0.0028118864149608213
1,0.6382660687593423,0.00011937291283979085
2,0.6367713004484304,0.0006434596391333783
3,0.6228201295465869,7.683020645338772e-05
4,0.6407573492775287,0.008093419883421528
5,0.6686596910812157,0.002292988396641045
6,0.6552067762830095,0.0005337307778500035
7,0.6965620328849028,0.0001361570785957599
