Iteration,Accuracy,Weight Decay
0,0.6629885057471264,5.95501370565999e-05
1,0.7324137931034482,5.95501370565999e-05
2,0.7503448275862069,5.95501370565999e-05
3,0.784367816091954,5.95501370565999e-05
4,0.8004597701149425,5.95501370565999e-05
5,0.8528735632183908,5.95501370565999e-05
6,0.8648275862068966,5.95501370565999e-05
7,0.8942528735632184,5.95501370565999e-05
