Iteration,Accuracy,Weight Decay
0,0.7142857142857143,0.05112258690704978
1,0.7524285714285714,0.021622639359772756
2,0.7727142857142857,0.004622669586765671
3,0.7818571428571428,0.0001226775880285013
