Iteration,Accuracy,Weight Decay
0,0.8068571428571428,0.0715000506746646
1,0.8004285714285714,0.046500095126124755
2,0.8847142857142857,0.021500139577584912
3,0.898,-0.003499815970954903
