Iteration,Accuracy,Weight Decay
0,0.6222596964586846,0.000714770463686342
1,0.7234401349072512,0.000714770463686342
2,0.836424957841484,0.000714770463686342
3,0.8625632377740303,0.000714770463686342
4,0.8760539629005059,0.000714770463686342
5,0.8895446880269815,0.000714770463686342
