Iteration,Accuracy,Weight Decay
0,0.5805714285714285,0.016739508918050823
1,0.7,0.004453867730520001
2,0.724,0.0011850370197883447
3,0.79,0.0003153018507141175
4,0.8237142857142857,8.389211088232821e-05
5,0.8265714285714286,2.2321106750096656e-05
6,0.8382857142857143,5.938958995179634e-06
7,0.8441428571428572,1.5801740631105742e-06
8,0.8427142857142857,4.204356473506604e-07
9,0.8785714285714286,1.118649759477795e-07
