Iteration,Accuracy,Weight Decay
0,0.3312857142857143,0.002297389418863703
1,0.7958571428571428,8.389211088232821e-05
2,0.8345714285714285,3.0634276498817596e-06
3,0.8524285714285714,1.118649759477795e-07
