Iteration,Accuracy,Weight Decay
0,0.6322869955156951,0.0019651531060601536
1,0.5824613851519681,0.0018458080693910348
2,0.5660189337319382,0.0017264630327219162
3,0.5465869456900847,0.0016071179960527975
4,0.5455904334828101,0.0014877729593836787
5,0.6143497757847534,0.00136842792271456
6,0.6781265570503239,0.0012490828860454411
7,0.695067264573991,0.0011297378493763223
