Iteration,Accuracy,Weight Decay
0,0.52,5.99030482063902e-05
1,0.7494252873563219,-5.944198846272857e-05
2,0.7425287356321839,-0.00017878702513184736
3,0.7866666666666666,-0.0002981320618009661
4,0.8156321839080459,-0.0004174770984700848
5,0.8390804597701149,-0.0005368221351392036
6,0.8574712643678161,-0.0006561671718083224
7,0.8395402298850575,-0.0007755122084774412
