Iteration,Accuracy,Weight Decay
0,0.663575042158516,0.000714770463686342
1,0.7462057335581788,0.000714770463686342
2,0.8128161888701517,0.000714770463686342
3,0.8397976391231029,0.000714770463686342
4,0.8591905564924115,0.000714770463686342
5,0.8760539629005059,0.000714770463686342
