Iteration,Accuracy,Weight Decay
0,0.6408094435075885,0.041773682891187935
1,0.7596964586846543,0.018334280241060232
2,0.8465430016863407,0.008046832567607796
3,0.8752107925801011,0.003531718372347135
4,0.8743676222596964,0.001550055199580515
5,0.897133220910624,0.0006803122073830045
