Iteration,Accuracy,Weight Decay
0,0.5292857142857142,2.963284521682602e-05
1,0.6684285714285715,0.0020318721981453717
2,0.6798571428571428,0.00020552659838639955
3,0.6857142857142857,2.4052660963061104e-05
4,0.7011428571428572,0.00014526631566142497
5,0.7022857142857143,0.00041067280624686056
6,0.7034285714285714,0.008444278892635366
7,0.7048571428571428,0.005697194467758711
8,0.7188571428571429,0.00024101680707583093
9,0.7818571428571428,0.0001389276318476912
