Iteration,Accuracy,Weight Decay
0,0.5885328836424958,0.09254828078406145
1,0.642495784148398,0.07381604081063549
2,0.6854974704890388,0.04879807301935227
3,0.7672849915682968,0.024197921676153977
4,0.8026981450252951,0.006607177467133997
5,0.8296795952782462,0.0007392660973616683
