Iteration,Accuracy,Weight Decay
0,0.6239460370994941,0.09254828078406145
1,0.693929173693086,0.07381604081063549
2,0.8355817875210793,0.04879807301935227
3,0.845699831365936,0.024197921676153977
4,0.8541315345699831,0.006607177467133997
5,0.8566610455311973,0.0007392660973616683
