Iteration,Accuracy,Weight Decay
0,0.663575042158516,0.000714770463686342
1,0.7630691399662732,0.000714770463686342
2,0.8642495784148398,0.000714770463686342
3,0.8895446880269815,0.000714770463686342
4,0.9005059021922428,0.000714770463686342
5,0.8895446880269815,0.000714770463686342
