Iteration,Accuracy,Weight Decay
0,0.805,0.004419708937646058
1,0.8894285714285715,0.0022703938974156014
2,0.9141428571428571,2.97418636337901e-05
3,0.9262857142857143,0.0009613380994976862
