Iteration,Accuracy,Weight Decay
0,0.648397976391231,4.815297862032934e-06
1,0.7689713322091062,0.0004982290216050967
2,0.8010118043844857,1.409240098658793e-07
3,0.8237774030354131,0.00013713943858997027
4,0.8330522765598651,2.192787454395522e-07
5,0.8566610455311973,1.6297508346206433e-08
