Iteration,Accuracy,Weight Decay
0,0.7668161434977578,0.0722504203169805
1,0.8525161933233683,0.052563218514838285
2,0.8584952665670155,0.03600096937970277
3,0.8664673642252118,0.02256367291157395
4,0.8799202790234181,0.012251329110451837
5,0.8839063278525162,0.005063937976336426
6,0.8883906327852517,0.0010014995092277146
7,0.8883906327852517,6.401370912570431e-05
