Iteration,Accuracy,Weight Decay
0,0.7352445193929174,0.06801802122791924
1,0.7386172006745363,0.043527664608961875
2,0.8001686340640809,0.02455315407535525
3,0.8482293423271501,0.011094489627099403
4,0.8473861720067454,0.0031516712641943057
5,0.8532883642495784,0.0007246989866399735
