Iteration,Accuracy,Weight Decay
0,0.6551428571428571,0.07482254476706554
1,0.6737142857142857,0.05852257374941756
2,0.647,0.04422259917565277
3,0.7047142857142857,0.03192262104577116
4,0.7781428571428571,0.021622639359772756
5,0.7331428571428571,0.013322654117657533
6,0.754,0.007022665319425497
7,0.6644285714285715,0.0027226729650766464
8,0.8055714285714286,0.00042267705461097914
9,0.7958571428571428,0.0001226775880285013
