Iteration,Accuracy,Weight Decay
0,0.7269556552067763,0.0722504203169805
1,0.7717987045341306,0.052563218514838285
2,0.8056801195814649,0.03600096937970277
3,0.8330842052815147,0.02256367291157395
4,0.8365719980069756,0.012251329110451837
5,0.8574987543597409,0.005063937976336426
6,0.8659691081215745,0.0010014995092277146
7,0.8689586447433981,6.401370912570431e-05
