Iteration,Accuracy,Weight Decay
0,0.7724285714285715,0.0715000506746646
1,0.8682857142857143,0.046500095126124755
2,0.8882857142857142,0.021500139577584912
3,0.9058571428571428,-0.003499815970954903
