Iteration,Accuracy,Weight Decay
0,0.6108619830592925,0.018925488238263552
1,0.624813153961136,0.0047270079827679235
2,0.6407573492775287,0.0011806619828161344
3,0.6621823617339312,0.00029489324383393244
4,0.7389138016940707,7.365531077021373e-05
5,0.783756851021425,1.8396843325823638e-05
6,0.807673143996014,4.594968656242079e-06
7,0.8216243148978575,1.1476825984711098e-06
