Iteration,Accuracy,Weight Decay
0,0.7381428571428571,0.007468052123684861
1,0.7344285714285714,0.00016400085789247044
2,0.8662857142857143,0.007599907126599621
3,0.8328571428571429,2.516325484769712e-05
4,0.8261428571428572,8.100976539040825e-05
5,0.9067142857142857,0.0006252015168408874
6,0.9112857142857143,0.004952312962166992
7,0.921,0.0006810507472631316
8,0.9202857142857143,2.5694879246224563e-05
9,0.9207142857142857,4.227413843709137e-05
