Iteration,Accuracy,Weight Decay
0,0.6308045977011494,2.4313285004204436e-08
1,0.7645977011494253,1.7640969257885612e-07
2,0.784367816091954,3.199267137797384e-07
3,0.7972413793103448,3.96396275506239e-05
4,0.7981609195402298,0.0005580305251442092
5,0.8156321839080459,1.5487250883917444e-05
6,0.7963218390804597,6.0274239009094145e-05
7,0.8183908045977012,1.3530477745798077e-08
