Iteration,Accuracy,Weight Decay
0,0.7478571428571429,0.016739508918050823
1,0.8405714285714285,0.004453867730520001
2,0.8862857142857142,0.0011850370197883447
3,0.8882857142857142,0.0003153018507141175
4,0.9035714285714286,8.389211088232821e-05
5,0.9064285714285715,2.2321106750096656e-05
6,0.9137142857142857,5.938958995179634e-06
7,0.9147142857142857,1.5801740631105742e-06
8,0.9207142857142857,4.204356473506604e-07
9,0.925,1.118649759477795e-07
