Iteration,Accuracy,Weight Decay
0,0.6222596964586846,0.06801802122791924
1,0.8035413153456998,0.043527664608961875
2,0.8263069139966274,0.02455315407535525
3,0.8549747048903878,0.011094489627099403
4,0.8524451939291737,0.0031516712641943057
5,0.8887015177065767,0.0007246989866399735
