Iteration,Accuracy,Weight Decay
0,0.7124789207419899,0.06801802122791924
1,0.8010118043844857,0.043527664608961875
2,0.836424957841484,0.02455315407535525
3,0.8507588532883642,0.011094489627099403
4,0.8558178752107926,0.0031516712641943057
5,0.8532883642495784,0.0007246989866399735
