Iteration,Accuracy,Weight Decay
0,0.57299451918286,0.09455040875321775
1,0.6736422521175884,0.08247266789928005
2,0.6138515196811161,0.06545137301945098
3,0.6238166417538615,0.04607786196076218
4,0.7847533632286996,0.02730157616058396
5,0.7992027902341804,0.011981034924538829
6,0.8196312904833084,0.002448651774762514
7,0.8046836073741903,0.00015564563454001894
