Iteration,Accuracy,Weight Decay
0,0.6838571428571428,0.0064336478337166155
1,0.7172857142857143,2.224445064119592e-05
2,0.7327142857142858,1.0850582202071402e-05
3,0.7288571428571429,0.004692828881427479
