Iteration,Accuracy,Weight Decay
0,0.6332835077229696,0.0019651531060601536
1,0.70254110612855,0.0018458080693910348
2,0.7359242650722472,0.0017264630327219162
3,0.7438963627304435,0.0016071179960527975
4,0.7663178873941205,0.0014877729593836787
5,0.7643248629795715,0.00136842792271456
6,0.7852516193323368,0.0012490828860454411
7,0.7927254608868959,0.0011297378493763223
