Iteration,Accuracy,Weight Decay
0,0.6053811659192825,0.0019651531060601536
1,0.5630293971101146,0.0018458080693910348
2,0.5670154459392127,0.0017264630327219162
3,0.5680119581464873,0.0016071179960527975
4,0.5849526656701545,0.0014877729593836787
5,0.661684105630294,0.00136842792271456
6,0.6621823617339312,0.0012490828860454411
7,0.6586945690084703,0.0011297378493763223
