Iteration,Accuracy,Weight Decay
0,0.673,0.09746673418161543
1,0.5317142857142857,0.09340111078410944
2,0.8088571428571428,0.0838891336884537
3,0.7538571428571429,0.06570110725289291
4,0.8648571428571429,0.041338346412298756
5,0.8832857142857143,0.020587178380980863
6,0.8968571428571429,0.00870673956906492
7,0.911,0.0033896881950003137
8,0.9155714285714286,0.0012744104865876579
9,0.9277142857142857,0.00047274822582090244
