Iteration,Accuracy,Weight Decay
0,0.6332835077229696,0.0007924828983539
1,0.7284504235176881,0.00019812203523477496
2,0.7443946188340808,1.7073526474706922e-06
3,0.7757847533632287,0.00043789432981655344
4,0.7952167414050823,0.0008342823480416806
5,0.7822620827105132,6.949760391706498e-06
6,0.8131539611360239,0.0089021508544503
7,0.8046836073741903,0.0006579332246575
