Iteration,Accuracy,Weight Decay
0,0.7099494097807757,0.06801802122791924
1,0.7875210792580101,0.043527664608961875
2,0.872681281618887,0.02455315407535525
3,0.8870151770657673,0.011094489627099403
4,0.9005059021922428,0.0031516712641943057
5,0.9038785834738617,0.0007246989866399735
