Iteration,Accuracy,Weight Decay
0,0.6045531197301856,0.08245960944858459
1,0.7259696458684655,0.06591207119253231
2,0.8650927487352446,0.049364532936480035
3,0.8988195615514334,0.03281699468042776
4,0.8929173693086003,0.01626945642437548
5,0.9123102866779089,-0.00027808183167679634
