Iteration,Accuracy,Weight Decay
0,0.7274285714285714,0.016739508918050823
1,0.7822857142857143,0.004453867730520001
2,0.8674285714285714,0.0011850370197883447
3,0.889,0.0003153018507141175
4,0.9008571428571429,8.389211088232821e-05
5,0.9101428571428571,2.2321106750096656e-05
6,0.921,5.938958995179634e-06
7,0.927,1.5801740631105742e-06
8,0.929,4.204356473506604e-07
9,0.933,1.118649759477795e-07
