Iteration,Accuracy,Weight Decay
0,0.71,0.0001365898811837251
1,0.734,8.397031426582447e-05
2,0.7654285714285715,0.0001323214391189095
3,0.7605714285714286,0.009864237161368023
