Iteration,Accuracy,Weight Decay
0,0.4947683109118087,0.08500022719836783
1,0.5351270553064275,0.07250041653034103
2,0.5530642750373692,0.06000060586231423
3,0.6940707523667164,0.047500795194287425
4,0.7782760338814151,0.03500098452626062
5,0.815146985550573,0.022501173858233817
6,0.8624813153961136,0.010001363190207016
7,0.8415545590433483,-0.0024984474778197846
