Iteration,Accuracy,Weight Decay
0,0.709106239460371,0.00031395515415205585
1,0.7655986509274874,0.00019461011748293712
2,0.8145025295109612,7.526508081381834e-05
3,0.8077571669477235,-4.407995585530041e-05
4,0.8313659359190556,-0.00016342499252441916
5,0.836424957841484,-0.0002827700291935379
