Iteration,Accuracy,Weight Decay
0,0.43099152964623816,0.08500022719836783
1,0.3338315894369706,0.07250041653034103
2,0.30543099152964626,0.06000060586231423
3,0.38266068759342303,0.047500795194287425
4,0.4235176880916791,0.03500098452626062
5,0.4334828101644245,0.022501173858233817
6,0.44942700548081715,0.010001363190207016
7,0.6103637269556552,-0.0024984474778197846
