Iteration,Accuracy,Weight Decay
0,0.4419531639262581,0.09455040875321775
1,0.32884902840059793,0.08247266789928005
2,0.30493273542600896,0.06545137301945098
3,0.32486297957149973,0.04607786196076218
4,0.489785749875436,0.02730157616058396
5,0.4927752864972596,0.011981034924538829
6,0.6571998006975586,0.002448651774762514
7,0.6846038863976084,0.00015564563454001894
