Iteration,Accuracy,Weight Decay
0,0.7140009965122073,0.09455040875321775
1,0.7473841554559043,0.08247266789928005
2,0.7992027902341804,0.06545137301945098
3,0.8226208271051321,0.04607786196076218
4,0.8465371200797209,0.02730157616058396
5,0.8659691081215745,0.011981034924538829
6,0.8814150473343298,0.002448651774762514
7,0.885401096163428,0.00015564563454001894
