Iteration,Accuracy,Weight Decay
0,0.7461428571428571,0.08956689623880071
1,0.8675714285714285,0.041338346412298756
2,0.8727142857142857,0.005468299804777157
3,0.8954285714285715,0.00047274822582090244
