Iteration,Accuracy,Weight Decay
0,0.6020236087689713,0.000714770463686342
1,0.769814502529511,0.000714770463686342
2,0.8322091062394603,0.000714770463686342
3,0.8524451939291737,0.000714770463686342
4,0.8760539629005059,0.000714770463686342
5,0.8743676222596964,0.000714770463686342
