Iteration,Accuracy,Weight Decay
0,0.671264367816092,0.00022885349795909773
1,0.6694252873563218,0.005967992087554812
2,0.7048275862068966,4.8658007004404734e-05
3,0.7609195402298851,5.982620435601075e-05
4,0.8082758620689655,1.6947697541945905e-05
5,0.7857471264367816,4.091722816691099e-05
6,0.8303448275862069,0.00013003604832323765
7,0.8363218390804598,0.000504039030869614
