Iteration,Accuracy,Weight Decay
0,0.3403089187842551,0.09455040875321775
1,0.3358246138515197,0.08247266789928005
2,0.39461883408071746,0.06545137301945098
3,0.3831589436970603,0.04607786196076218
4,0.40707523667164924,0.02730157616058396
5,0.4384653712007972,0.011981034924538829
6,0.5774788241155954,0.002448651774762514
7,0.7040358744394619,0.00015564563454001894
