Iteration,Accuracy,Weight Decay
0,0.5597142857142857,2.869377067127777e-06
1,0.5797142857142857,0.00277374762232651
2,0.6464285714285715,0.00190932807667502
3,0.6344285714285715,0.0019179102616724
