Iteration,Accuracy,Weight Decay
0,0.6475548060708263,4.815297862032934e-06
1,0.7841483979763912,0.0004982290216050967
2,0.8111298482293423,1.409240098658793e-07
3,0.8507588532883642,0.00013713943858997027
4,0.8777403035413154,2.192787454395522e-07
5,0.8962900505902193,1.6297508346206433e-08
