Iteration,Accuracy,Weight Decay
0,0.56070826306914,0.041773682891187935
1,0.7622259696458684,0.018334280241060232
2,0.8263069139966274,0.008046832567607796
3,0.8752107925801011,0.003531718372347135
4,0.8532883642495784,0.001550055199580515
5,0.8870151770657673,0.0006803122073830045
