Iteration,Accuracy,Weight Decay
0,0.6045531197301856,4.815297862032934e-06
1,0.7107925801011804,0.0004982290216050967
2,0.8448566610455311,1.409240098658793e-07
3,0.8693086003372681,0.00013713943858997027
4,0.8861720067453626,2.192787454395522e-07
5,0.897133220910624,1.6297508346206433e-08
