Iteration,Accuracy,Weight Decay
0,0.6745362563237775,0.000714770463686342
1,0.7706576728499157,0.000714770463686342
2,0.7892074198988196,0.000714770463686342
3,0.8094435075885329,0.000714770463686342
4,0.8693086003372681,0.000714770463686342
5,0.8676222596964587,0.000714770463686342
