Iteration,Accuracy,Weight Decay
0,0.5455714285714286,0.08956689623880071
1,0.547,0.041338346412298756
2,0.6567142857142857,0.005468299804777157
3,0.6772857142857143,0.00047274822582090244
