Iteration,Accuracy,Weight Decay
0,0.6191428571428571,0.09557017170827971
1,0.5752857142857143,0.08698157789648651
2,0.5457142857142857,0.07477297827681818
3,0.5444285714285715,0.06013943564236318
4,0.5447142857142857,0.04451338310406878
5,0.5435714285714286,0.029424407557493124
6,0.5392857142857143,0.01634952306020954
7,0.5592857142857143,0.006568590404889097
8,0.7294285714285714,0.0010390354275995517
9,0.7012857142857143,0.0003021294961929753
