Iteration,Accuracy,Weight Decay
0,0.8617142857142858,0.0715000506746646
1,0.8841428571428571,0.046500095126124755
2,0.9034285714285715,0.021500139577584912
3,0.9095714285714286,-0.003499815970954903
