Iteration,Accuracy,Weight Decay
0,0.6837142857142857,0.0071340919757048255
1,0.7594285714285715,1.7697434982290845e-06
2,0.7537142857142857,0.00023777479666081832
3,0.8208571428571428,0.001284764685431755
4,0.8381428571428572,0.00277374762232651
5,0.881,0.003298654464196375
6,0.8718571428571429,0.00258257950735642
7,0.9052857142857142,0.001485072748559495
8,0.9135714285714286,0.0013682422858920349
9,0.9201428571428572,0.0019179102616724
