Iteration,Accuracy,Weight Decay
0,0.528649725959143,0.09455040875321775
1,0.8081714000996513,0.08247266789928005
2,0.8340807174887892,0.06545137301945098
3,0.8674638764324863,0.04607786196076218
4,0.8888888888888888,0.02730157616058396
5,0.8988540109616343,0.011981034924538829
6,0.8988540109616343,0.002448651774762514
7,0.8948679621325362,0.00015564563454001894
