Iteration,Accuracy,Weight Decay
0,0.83,0.05112258690704978
1,0.8567142857142858,0.021622639359772756
2,0.8874285714285715,0.004622669586765671
3,0.9094285714285715,0.0001226775880285013
