Iteration,Accuracy,Weight Decay
0,0.7144992526158446,0.09455040875321775
1,0.7678126557050324,0.08247266789928005
2,0.7982062780269058,0.06545137301945098
3,0.807673143996014,0.04607786196076218
4,0.8545092177379173,0.02730157616058396
5,0.866965620328849,0.011981034924538829
6,0.8769307424015944,0.002448651774762514
7,0.8799202790234181,0.00015564563454001894
