Iteration,Accuracy,Weight Decay
0,0.8221428571428572,0.0033261644067418524
1,0.8648571428571429,0.0032068193700727343
2,0.8735714285714286,0.0030874743334036153
3,0.8972857142857142,0.0029681292967344963
