Iteration,Accuracy,Weight Decay
0,0.7453625632377741,0.041773682891187935
1,0.7959527824620574,0.018334280241060232
2,0.8440134907251264,0.008046832567607796
3,0.8440134907251264,0.003531718372347135
4,0.8406408094435076,0.001550055199580515
5,0.8819561551433389,0.0006803122073830045
