Iteration,Accuracy,Weight Decay
0,0.6306913996627319,0.00031395515415205585
1,0.7327150084317032,0.00019461011748293712
2,0.8010118043844857,7.526508081381834e-05
3,0.836424957841484,-4.407995585530041e-05
4,0.8229342327150084,-0.00016342499252441916
5,0.8338954468802698,-0.0002827700291935379
