Iteration,Accuracy,Weight Decay
0,0.52,5.99030482063902e-05
1,0.5797701149425287,-5.944198846272857e-05
2,0.655632183908046,-0.00017878702513184736
3,0.7301149425287357,-0.0002981320618009661
4,0.7604597701149425,-0.0004174770984700848
5,0.7954022988505747,-0.0005368221351392036
6,0.8101149425287356,-0.0006561671718083224
7,0.8464367816091954,-0.0007755122084774412
