Iteration,Accuracy,Weight Decay
0,0.642495784148398,7.62882529839944e-05
1,0.7765598650927488,0.0030487405751811586
2,0.8347386172006745,0.0009760097784245314
3,0.857504215851602,1.5533503831346332e-05
4,0.857504215851602,0.002827689170506276
5,0.8785834738617201,0.00043293079927462716
