Iteration,Accuracy,Weight Decay
0,0.6669477234401349,0.06801802122791924
1,0.7689713322091062,0.043527664608961875
2,0.8532883642495784,0.02455315407535525
3,0.8946037099494097,0.011094489627099403
4,0.8946037099494097,0.0031516712641943057
5,0.9055649241146712,0.0007246989866399735
