Iteration,Accuracy,Weight Decay
0,0.8408571428571429,0.0033261644067418524
1,0.8982857142857142,0.0032068193700727343
2,0.9234285714285714,0.0030874743334036153
3,0.9237142857142857,0.0029681292967344963
