Iteration,Accuracy,Weight Decay
0,0.5461428571428572,0.08126216613380753
1,0.5458571428571428,0.04451338310406878
2,0.6305714285714286,0.010978637918546164
3,0.6814285714285714,0.0003021294961929753
