Iteration,Accuracy,Weight Decay
0,0.7042857142857143,0.07482254476706554
1,0.7567142857142857,0.05852257374941756
2,0.772,0.04422259917565277
3,0.8244285714285714,0.03192262104577116
4,0.8348571428571429,0.021622639359772756
5,0.843,0.013322654117657533
6,0.8494285714285714,0.007022665319425497
7,0.883,0.0027226729650766464
8,0.8981428571428571,0.00042267705461097914
9,0.9152857142857143,0.0001226775880285013
