Iteration,Accuracy,Weight Decay
0,0.642,0.002297389418863703
1,0.7178571428571429,8.389211088232821e-05
2,0.7202857142857143,3.0634276498817596e-06
3,0.7145714285714285,1.118649759477795e-07
