Iteration,Accuracy,Weight Decay
0,0.5573355817875211,0.0012565297646977365
1,0.6323777403035413,0.005998937789682683
2,0.8187183811129848,0.009728553218549407
3,0.8617200674536256,3.3622550059543e-05
4,0.8608768971332209,0.00019714574930025346
5,0.8811129848229342,1.4328219451001098e-05
