Iteration,Accuracy,Weight Decay
0,0.49725959142999504,0.00012611164387828433
1,0.7428998505231689,0.0001323213523700751
2,0.7698056801195815,3.0409504598737932e-05
3,0.8181365221723966,1.1260001775028411e-05
4,0.8211260587942202,0.0016789699235315342
5,0.8729446935724963,1.9192485833678157e-05
6,0.8849028400597907,7.582167315953516e-05
7,0.8858993522670653,0.0002553853808430867
