Iteration,Accuracy,Weight Decay
0,0.730185497470489,0.08245960944858459
1,0.8271500843170321,0.06591207119253231
2,0.8709949409780776,0.049364532936480035
3,0.8693086003372681,0.03281699468042776
4,0.8701517706576728,0.01626945642437548
5,0.8532883642495784,-0.00027808183167679634
