Iteration,Accuracy,Weight Decay
0,0.6627318718381113,0.08245960944858459
1,0.7689713322091062,0.06591207119253231
2,0.8760539629005059,0.049364532936480035
3,0.8650927487352446,0.03281699468042776
4,0.8870151770657673,0.01626945642437548
5,0.8920741989881956,-0.00027808183167679634
