Iteration,Accuracy,Weight Decay
0,0.6711509715994021,0.09455040875321775
1,0.7583457897359243,0.08247266789928005
2,0.7907324364723468,0.06545137301945098
3,0.8231190832087693,0.04607786196076218
4,0.85949177877429,0.02730157616058396
5,0.8774289985052317,0.011981034924538829
6,0.8794220229197808,0.002448651774762514
7,0.8754359740906826,0.00015564563454001894
