Iteration,Accuracy,Weight Decay
0,0.7865714285714286,0.08126216613380753
1,0.8875714285714286,0.04451338310406878
2,0.9051428571428571,0.010978637918546164
3,0.926,0.0003021294961929753
