Iteration,Accuracy,Weight Decay
0,0.7593423019431988,0.09455040875321775
1,0.8136522172396612,0.08247266789928005
2,0.8266068759342302,0.06545137301945098
3,0.8400597907324364,0.04607786196076218
4,0.8579970104633782,0.02730157616058396
5,0.8734429496761336,0.011981034924538829
6,0.8844045839561535,0.002448651774762514
7,0.8829098156452416,0.00015564563454001894
