Iteration,Accuracy,Weight Decay
0,0.6552857142857142,0.07482254476706554
1,0.776,0.05852257374941756
2,0.8361428571428572,0.04422259917565277
3,0.8881428571428571,0.03192262104577116
4,0.8864285714285715,0.021622639359772756
5,0.8912857142857142,0.013322654117657533
6,0.9021428571428571,0.007022665319425497
7,0.805,0.0027226729650766464
8,0.9075714285714286,0.00042267705461097914
9,0.9227142857142857,0.0001226775880285013
