Iteration,Accuracy,Weight Decay
0,0.8502857142857143,0.0033261644067418524
1,0.8785714285714286,0.0032068193700727343
2,0.8932857142857142,0.0030874743334036153
3,0.8974285714285715,0.0029681292967344963
