Iteration,Accuracy,Weight Decay
0,0.6163428001993024,0.08500022719836783
1,0.8246138515196811,0.07250041653034103
2,0.841056302939711,0.06000060586231423
3,0.8784255107125062,0.047500795194287425
4,0.8804185351270553,0.03500098452626062
5,0.898355754857997,0.022501173858233817
6,0.9018435475834579,0.010001363190207016
7,0.8858993522670653,-0.0024984474778197846
