Iteration,Accuracy,Weight Decay
0,0.6702857142857143,0.05112258690704978
1,0.6484285714285715,0.021622639359772756
2,0.8078571428571428,0.004622669586765671
3,0.8924285714285715,0.0001226775880285013
