Iteration,Accuracy,Weight Decay
0,0.548,0.08956689623880071
1,0.5397142857142857,0.041338346412298756
2,0.6032857142857143,0.005468299804777157
3,0.6414285714285715,0.00047274822582090244
