Iteration,Accuracy,Weight Decay
0,0.6652873563218391,5.95501370565999e-05
1,0.7705747126436782,5.95501370565999e-05
2,0.799080459770115,5.95501370565999e-05
3,0.8022988505747126,5.95501370565999e-05
4,0.8064367816091954,5.95501370565999e-05
5,0.8114942528735632,5.95501370565999e-05
6,0.8174712643678161,5.95501370565999e-05
7,0.8202298850574713,5.95501370565999e-05
