Iteration,Accuracy,Weight Decay
0,0.635774788241156,0.0722504203169805
1,0.8251121076233184,0.052563218514838285
2,0.8639760837070254,0.03600096937970277
3,0.8634778276033881,0.02256367291157395
4,0.8993522670652716,0.012251329110451837
5,0.8978574987543597,0.005063937976336426
6,0.9008470353761834,0.0010014995092277146
7,0.9043348281016442,6.401370912570431e-05
