Iteration,Accuracy,Weight Decay
0,0.5620328849028401,0.09706882132280426
1,0.5002491280518186,0.09046519793170772
2,0.5490782262082711,0.07310626521668034
3,0.5685102142501246,0.04378320141530977
4,0.6522172396611858,0.018243790724546134
5,0.7907324364723468,0.006010088662594013
6,0.8266068759342302,0.0018001084090777473
7,0.820627802690583,0.0005235193184478273
