Iteration,Accuracy,Weight Decay
0,0.4120577977080219,0.09455040875321775
1,0.48231190832087695,0.08247266789928005
2,0.5037369207772795,0.06545137301945098
3,0.4803188839063279,0.04607786196076218
4,0.643248629795715,0.02730157616058396
5,0.6696562032884903,0.011981034924538829
6,0.7254608868958645,0.002448651774762514
7,0.739412057797708,0.00015564563454001894
