Iteration,Accuracy,Weight Decay
0,0.7461428571428571,0.08650002400378849
1,0.8185714285714286,0.07650004178437256
2,0.872,0.06650005956495662
3,0.8842857142857142,0.05650007734554069
4,0.8708571428571429,0.046500095126124755
5,0.8982857142857142,0.03650011290670882
6,0.9034285714285715,0.026500130687292886
7,0.915,0.01650014846787695
8,0.9045714285714286,0.006500166248461017
9,0.9188571428571428,-0.003499815970954903
