Iteration,Accuracy,Weight Decay
0,0.7864285714285715,0.08956689623880071
1,0.8492857142857143,0.041338346412298756
2,0.8642857142857143,0.005468299804777157
3,0.9134285714285715,0.00047274822582090244
