Iteration,Accuracy,Weight Decay
0,0.5985714285714285,0.08956689623880071
1,0.6844285714285714,0.041338346412298756
2,0.7552857142857143,0.005468299804777157
3,0.8017142857142857,0.00047274822582090244
