Iteration,Accuracy,Weight Decay
0,0.7241428571428571,0.016739508918050823
1,0.8371428571428572,0.004453867730520001
2,0.8692857142857143,0.0011850370197883447
3,0.8305714285714285,0.0003153018507141175
4,0.886,8.389211088232821e-05
5,0.8958571428571429,2.2321106750096656e-05
6,0.9094285714285715,5.938958995179634e-06
7,0.9162857142857143,1.5801740631105742e-06
8,0.9241428571428572,4.204356473506604e-07
9,0.9191428571428572,1.118649759477795e-07
