Iteration,Accuracy,Weight Decay
0,0.7904285714285715,0.00025670862200213455
1,0.8028571428571428,0.0001511341911839069
2,0.8338571428571429,0.0018934498928292885
3,0.8408571428571429,0.00012096466322376684
4,0.8634285714285714,0.00049270747900771
5,0.8735714285714286,0.006119494811410003
6,0.8808571428571429,0.005681883006828153
7,0.8838571428571429,0.00843169032787587
8,0.8752857142857143,1.5559445533920105e-05
9,0.889,1.8839012701596008e-05
