Iteration,Accuracy,Weight Decay
0,0.7787142857142857,0.0715000506746646
1,0.8378571428571429,0.046500095126124755
2,0.8714285714285714,0.021500139577584912
3,0.8952857142857142,-0.003499815970954903
