Iteration,Accuracy,Weight Decay
0,0.7345714285714285,0.0067921359645671635
1,0.8255714285714286,0.00015686950928097809
2,0.8372857142857143,0.00012793933196010617
3,0.9241428571428572,0.0014102990593451296
