Iteration,Accuracy,Weight Decay
0,0.7072857142857143,0.009848351587101786
1,0.78,0.0007012459727433545
2,0.8175714285714286,1.4098097556233318e-05
3,0.8602857142857143,0.007762566253922485
4,0.8678571428571429,0.002309019494254811
5,0.45185714285714285,2.5008609002018037e-05
6,0.8762857142857143,0.0016948856089395283
7,0.8858571428571429,2.4322517462970655e-05
8,0.8892857142857142,2.0760472523215957e-05
9,0.8965714285714286,0.0015536832190642075
