Iteration,Accuracy,Weight Decay
0,0.6821247892074199,0.0003139551541520559
1,0.7951096121416527,0.00019461011748293712
2,0.8305227655986509,7.526508081381837e-05
3,0.8693086003372681,-4.4079955855300356e-05
4,0.8524451939291737,-0.0001634249925244192
5,0.8709949409780776,-0.0002827700291935379
