Iteration,Accuracy,Weight Decay
0,0.6517706576728499,0.09254828078406145
1,0.8128161888701517,0.07381604081063549
2,0.8735244519392917,0.04879807301935227
3,0.8659359190556493,0.024197921676153977
4,0.9080944350758853,0.006607177467133997
5,0.9021922428330523,0.0007392660973616683
