Iteration,Accuracy,Weight Decay
0,0.7082857142857143,0.09746673418161543
1,0.7662857142857142,0.09340111078410944
2,0.8078571428571428,0.0838891336884537
3,0.8448571428571429,0.06570110725289291
4,0.8655714285714285,0.041338346412298756
5,0.8818571428571429,0.020587178380980863
6,0.9035714285714286,0.00870673956906492
7,0.9142857142857143,0.0033896881950003137
8,0.9231428571428572,0.0012744104865876579
9,0.9271428571428572,0.00047274822582090244
