Iteration,Accuracy,Weight Decay
0,0.7531428571428571,0.08650002400378849
1,0.768,0.07650004178437256
2,0.8214285714285714,0.06650005956495662
3,0.8421428571428572,0.05650007734554069
4,0.8547142857142858,0.046500095126124755
5,0.8545714285714285,0.03650011290670882
6,0.8644285714285714,0.026500130687292886
7,0.857,0.01650014846787695
8,0.8567142857142858,0.006500166248461017
9,0.8085714285714286,-0.003499815970954903
