Iteration,Accuracy,Weight Decay
0,0.7548571428571429,3.313120202058791e-05
1,0.8184285714285714,8.672858677149206e-05
2,0.8307142857142857,0.0002386891860251487
3,0.8535714285714285,0.0007960506319382293
4,0.8684285714285714,0.00233351318475323
5,0.8951428571428571,0.00010863803379857296
6,0.9078571428571428,0.00010318287042437199
7,0.6568571428571428,0.0051735620510783824
8,0.9168571428571428,4.802996340936247e-05
9,0.9188571428571428,0.005281312051355433
