Iteration,Accuracy,Weight Decay
0,0.6834285714285714,0.016739508918050823
1,0.6857142857142857,0.004453867730520001
2,0.6721428571428572,0.0011850370197883447
3,0.685,0.0003153018507141175
4,0.6832857142857143,8.389211088232821e-05
5,0.726,2.2321106750096656e-05
6,0.7528571428571429,5.938958995179634e-06
7,0.7538571428571429,1.5801740631105742e-06
8,0.7548571428571429,4.204356473506604e-07
9,0.755,1.118649759477795e-07
