Iteration,Accuracy,Weight Decay
0,0.6408571428571429,0.0071340919757048255
1,0.6395714285714286,1.7697434982290845e-06
2,0.7084285714285714,0.00023777479666081832
3,0.7227142857142858,0.001284764685431755
4,0.7534285714285714,0.00277374762232651
5,0.7884285714285715,0.003298654464196375
6,0.764,0.00258257950735642
7,0.7611428571428571,0.001485072748559495
8,0.6328571428571429,0.0013682422858920349
9,0.8121428571428572,0.0019179102616724
