Iteration,Accuracy,Weight Decay
0,0.3252857142857143,0.07482254476706554
1,0.6604285714285715,0.05852257374941756
2,0.6495714285714286,0.04422259917565277
3,0.6291428571428571,0.03192262104577116
4,0.6552857142857142,0.021622639359772756
5,0.5508571428571428,0.013322654117657533
6,0.6957142857142857,0.007022665319425497
7,0.7042857142857143,0.0027226729650766464
8,0.7225714285714285,0.00042267705461097914
9,0.7242857142857143,0.0001226775880285013
