Iteration,Accuracy,Weight Decay
0,0.6272857142857143,0.07482254476706554
1,0.762,0.05852257374941756
2,0.8315714285714285,0.04422259917565277
3,0.6408571428571429,0.03192262104577116
4,0.8648571428571429,0.021622639359772756
5,0.8805714285714286,0.013322654117657533
6,0.8908571428571429,0.007022665319425497
7,0.9055714285714286,0.0027226729650766464
8,0.9151428571428571,0.00042267705461097914
9,0.9245714285714286,0.0001226775880285013
