Iteration,Accuracy,Weight Decay
0,0.7492857142857143,2.869377067127777e-06
1,0.8591428571428571,0.00277374762232651
2,0.8478571428571429,0.00190932807667502
3,0.9022857142857142,0.0019179102616724
