Iteration,Accuracy,Weight Decay
0,0.7778571428571428,0.0715000506746646
1,0.838,0.046500095126124755
2,0.8685714285714285,0.021500139577584912
3,0.8998571428571429,-0.003499815970954903
