Iteration,Accuracy,Weight Decay
0,0.7310344827586207,3.5843514908878565e-05
1,0.7563218390804598,6.360022537099006e-05
2,0.7903448275862069,0.007962696954179995
3,0.7903448275862069,6.604214185144704e-05
4,0.8174712643678161,3.963819340117706e-05
5,0.8105747126436782,0.0009500992698757787
6,0.8239080459770115,0.0006259036723819938
7,0.8537931034482759,0.003099086219372917
