Iteration,Accuracy,Weight Decay
0,0.7351724137931035,3.0023283204096852e-05
1,0.7531034482758621,0.00019418160201694934
2,0.7783908045977012,0.00252214593218693
3,0.7903448275862069,0.005087252463856519
4,0.8022988505747126,0.0002533534872962702
5,0.8045977011494253,0.003069990749988737
6,0.7972413793103448,7.006147581388995e-05
7,0.8032183908045977,0.0028804474183662518
