Iteration,Accuracy,Weight Decay
0,0.7452857142857143,0.0071340919757048255
1,0.8398571428571429,1.7697434982290845e-06
2,0.8471428571428572,0.00023777479666081832
3,0.8744285714285714,0.001284764685431755
4,0.8972857142857142,0.00277374762232651
5,0.913,0.003298654464196375
6,0.9112857142857143,0.00258257950735642
7,0.9208571428571428,0.001485072748559495
8,0.925,0.0013682422858920349
9,0.9284285714285714,0.0019179102616724
