Iteration,Accuracy,Weight Decay
0,0.6736930860033726,0.000714770463686342
1,0.8145025295109612,0.000714770463686342
2,0.8524451939291737,0.000714770463686342
3,0.8490725126475548,0.000714770463686342
4,0.8988195615514334,0.000714770463686342
5,0.9021922428330523,0.000714770463686342
