Iteration,Accuracy,Weight Decay
0,0.6450252951096122,0.041773682891187935
1,0.7672849915682968,0.018334280241060232
2,0.8204047217537943,0.008046832567607796
3,0.8541315345699831,0.003531718372347135
4,0.8861720067453626,0.001550055199580515
5,0.8979763912310287,0.0006803122073830045
