Iteration,Accuracy,Weight Decay
0,0.5118043844856661,0.09623406949124648
1,0.6559865092748736,0.08285422480701589
2,0.8170320404721754,0.047877320869366004
3,0.8853288364249579,0.015206179604296877
4,0.8844856661045531,0.003819399833108084
5,0.9198988195615514,0.0013164192457227669
