Iteration,Accuracy,Weight Decay
0,0.6312904833084205,0.018925488238263552
1,0.7648231190832088,0.0047270079827679235
2,0.8121574489287494,0.0011806619828161344
3,0.8445440956651719,0.00029489324383393244
4,0.877927254608869,7.365531077021373e-05
5,0.872446437468859,1.8396843325823638e-05
6,0.8714499252615845,4.594968656242079e-06
7,0.8893871449925261,1.1476825984711098e-06
