Iteration,Accuracy,Weight Decay
0,0.6951724137931035,5.95501370565999e-05
1,0.7724137931034483,5.95501370565999e-05
2,0.7954022988505747,5.95501370565999e-05
3,0.8110344827586207,5.95501370565999e-05
4,0.8183908045977012,5.95501370565999e-05
5,0.8390804597701149,5.95501370565999e-05
6,0.8289655172413793,5.95501370565999e-05
7,0.833103448275862,5.95501370565999e-05
