Iteration,Accuracy,Weight Decay
0,0.7453911310413552,0.0007924828983539
1,0.8420528151469856,0.00019812203523477496
2,0.8555057299451918,1.7073526474706922e-06
3,0.8794220229197808,0.00043789432981655344
4,0.8868958644743398,0.0008342823480416806
5,0.8918784255107125,6.949760391706498e-06
6,0.8963627304434479,0.0089021508544503
7,0.9033383158943697,0.0006579332246575
