Iteration,Accuracy,Weight Decay
0,0.6602023608768971,0.00031395515415205585
1,0.7571669477234402,0.00019461011748293712
2,0.8086003372681282,7.526508081381834e-05
3,0.8524451939291737,-4.407995585530041e-05
4,0.866779089376054,-0.00016342499252441916
5,0.8465430016863407,-0.0002827700291935379
