Iteration,Accuracy,Weight Decay
0,0.5893760539629005,0.000714770463686342
1,0.7352445193929174,0.000714770463686342
2,0.8288364249578415,0.000714770463686342
3,0.8600337268128162,0.000714770463686342
4,0.8768971332209107,0.000714770463686342
5,0.9064080944350759,0.000714770463686342
