Iteration,Accuracy,Weight Decay
0,0.7543597409068261,0.018925488238263552
1,0.8455406078724464,0.0047270079827679235
2,0.8714499252615845,0.0011806619828161344
3,0.877927254608869,0.00029489324383393244
4,0.8834080717488789,7.365531077021373e-05
5,0.8883906327852517,1.8396843325823638e-05
6,0.8923766816143498,4.594968656242079e-06
7,0.8938714499252616,1.1476825984711098e-06
