Iteration,Accuracy,Weight Decay
0,0.6235714285714286,0.08650002400378849
1,0.5625714285714286,0.07650004178437256
2,0.5471428571428572,0.06650005956495662
3,0.546,0.05650007734554069
4,0.577,0.046500095126124755
5,0.6274285714285714,0.03650011290670882
6,0.646,0.026500130687292886
7,0.5661428571428572,0.01650014846787695
8,0.645,0.006500166248461017
9,0.7258571428571429,-0.003499815970954903
