Iteration,Accuracy,Weight Decay
0,0.6547085201793722,0.0007924828983539
1,0.6676631788739412,0.00019812203523477496
2,0.6860986547085202,1.7073526474706922e-06
3,0.7508719481813653,0.00043789432981655344
4,0.772795216741405,0.0008342823480416806
5,0.7797708021923269,6.949760391706498e-06
6,0.8091679123069258,0.0089021508544503
7,0.8221225710014948,0.0006579332246575
