Iteration,Accuracy,Weight Decay
0,0.7952857142857143,2.869377067127777e-06
1,0.8964285714285715,0.00277374762232651
2,0.9038571428571428,0.00190932807667502
3,0.9231428571428572,0.0019179102616724
