Iteration,Accuracy,Weight Decay
0,0.6720067453625632,0.0003139551541520559
1,0.7841483979763912,0.00019461011748293712
2,0.8220910623946037,7.526508081381837e-05
3,0.8617200674536256,-4.4079955855300356e-05
4,0.8743676222596964,-0.0001634249925244192
5,0.8768971332209107,-0.0002827700291935379
