Iteration,Accuracy,Weight Decay
0,0.7528571428571429,0.05112258690704978
1,0.827,0.021622639359772756
2,0.8842857142857142,0.004622669586765671
3,0.8994285714285715,0.0001226775880285013
