Iteration,Accuracy,Weight Decay
0,0.6878160919540229,2.4313285004204436e-08
1,0.7627586206896552,1.7640969257885612e-07
2,0.782528735632184,3.199267137797384e-07
3,0.8013793103448276,3.96396275506239e-05
4,0.8119540229885057,0.0005580305251442092
5,0.8266666666666667,1.5487250883917444e-05
6,0.832183908045977,6.0274239009094145e-05
7,0.84,1.3530477745798077e-08
