Iteration,Accuracy,Weight Decay
0,0.5241428571428571,0.08650002400378849
1,0.6955714285714286,0.07650004178437256
2,0.7884285714285715,0.06650005956495662
3,0.8385714285714285,0.05650007734554069
4,0.8725714285714286,0.046500095126124755
5,0.8941428571428571,0.03650011290670882
6,0.9031428571428571,0.026500130687292886
7,0.9064285714285715,0.01650014846787695
8,0.9082857142857143,0.006500166248461017
9,0.9087142857142857,-0.003499815970954903
