Iteration,Accuracy,Weight Decay
0,0.6290050590219224,0.0001641407124279448
1,0.6720067453625632,0.00020732053749610745
2,0.7951096121416527,0.0034803010944082042
3,0.8355817875210793,0.0010456256220095586
4,0.7993254637436762,0.0023449326237679896
5,0.851602023608769,0.006510608359309352
