Iteration,Accuracy,Weight Decay
0,0.6138515196811161,0.09706882132280426
1,0.6068759342301944,0.09046519793170772
2,0.6088689586447434,0.07310626521668034
3,0.5734927752864972,0.04378320141530977
4,0.6108619830592925,0.018243790724546134
5,0.6751370204285002,0.006010088662594013
6,0.6960637767812655,0.0018001084090777473
7,0.7075236671649228,0.0005235193184478273
