Iteration,Accuracy,Weight Decay
0,0.5894369706028899,0.0019651531060601536
1,0.547085201793722,0.0018458080693910348
2,0.541604384653712,0.0017264630327219162
3,0.5391131041355257,0.0016071179960527975
4,0.56751370204285,0.0014877729593836787
5,0.5749875435974091,0.00136842792271456
6,0.5769805680119582,0.0012490828860454411
7,0.6402590931738914,0.0011297378493763223
