Iteration,Accuracy,Weight Decay
0,0.8365714285714285,0.002297389418863703
1,0.8838571428571429,8.389211088232821e-05
2,0.9075714285714286,3.0634276498817596e-06
3,0.9325714285714286,1.118649759477795e-07
