Iteration,Accuracy,Weight Decay
0,0.6045531197301856,4.815297862032934e-06
1,0.6998313659359191,0.0004982290216050967
2,0.821247892074199,1.409240098658793e-07
3,0.8313659359190556,0.00013713943858997027
4,0.8372681281618887,2.192787454395522e-07
5,0.8617200674536256,1.6297508346206433e-08
