Iteration,Accuracy,Weight Decay
0,0.7204285714285714,0.0033977714287433238
1,0.7332857142857143,0.003350033414075676
2,0.7954285714285714,0.0033022953994080286
3,0.7667142857142857,0.003254557384740381
4,0.7591428571428571,0.0032068193700727343
5,0.776,0.0031590813554050867
6,0.8174285714285714,0.003111343340737439
7,0.799,0.0030636053260697915
8,0.8488571428571429,0.003015867311402144
9,0.8144285714285714,0.0029681292967344963
