Iteration,Accuracy,Weight Decay
0,0.6762225969645869,0.08245960944858459
1,0.7900505902192243,0.06591207119253231
2,0.8313659359190556,0.049364532936480035
3,0.8338954468802698,0.03281699468042776
4,0.8541315345699831,0.01626945642437548
5,0.8583473861720068,-0.00027808183167679634
