Iteration,Accuracy,Weight Decay
0,0.6829679595278246,0.041773682891187935
1,0.8128161888701517,0.018334280241060232
2,0.8431703204047217,0.008046832567607796
3,0.851602023608769,0.003531718372347135
4,0.8490725126475548,0.001550055199580515
5,0.8676222596964587,0.0006803122073830045
