Iteration,Accuracy,Weight Decay
0,0.523168908819133,0.0722504203169805
1,0.39461883408071746,0.052563218514838285
2,0.3687095166915795,0.03600096937970277
3,0.4125560538116592,0.02256367291157395
4,0.4479322371699053,0.012251329110451837
5,0.4962630792227205,0.005063937976336426
6,0.5944195316392625,0.0010014995092277146
7,0.6646736422521176,6.401370912570431e-05
