Iteration,Accuracy,Weight Decay
0,0.33285714285714285,0.08126216613380753
1,0.7514285714285714,0.04451338310406878
2,0.7911428571428571,0.010978637918546164
3,0.8212857142857143,0.0003021294961929753
