Iteration,Accuracy,Weight Decay
0,0.6922428330522765,0.08245960944858459
1,0.8043844856661045,0.06591207119253231
2,0.845699831365936,0.049364532936480035
3,0.8752107925801011,0.03281699468042776
4,0.9097807757166948,0.01626945642437548
5,0.9072512647554806,-0.00027808183167679634
