Iteration,Accuracy,Weight Decay
0,0.6602023608768971,0.041773682891187935
1,0.7967959527824621,0.018334280241060232
2,0.8338954468802698,0.008046832567607796
3,0.857504215851602,0.003531718372347135
4,0.8768971332209107,0.001550055199580515
5,0.8861720067453626,0.0006803122073830045
