Iteration,Accuracy,Weight Decay
0,0.28330522765598654,0.00645962367184787
1,0.6298482293423272,0.001836041692689368
2,0.7512647554806071,4.0730090476015106e-05
3,0.7951096121416527,1.5306189816504026e-05
4,0.8473861720067454,0.001514298498010297
5,0.8735244519392917,0.003937011392051775
