Iteration,Accuracy,Weight Decay
0,0.6074285714285714,0.08650002400378849
1,0.7121428571428572,0.07650004178437256
2,0.6795714285714286,0.06650005956495662
3,0.6732857142857143,0.05650007734554069
4,0.7802857142857142,0.046500095126124755
5,0.8405714285714285,0.03650011290670882
6,0.8565714285714285,0.026500130687292886
7,0.8358571428571429,0.01650014846787695
8,0.8728571428571429,0.006500166248461017
9,0.8971428571428571,-0.003499815970954903
