Iteration,Accuracy,Weight Decay
0,0.6095714285714285,0.0033977714287433238
1,0.6948571428571428,0.003350033414075676
2,0.7038571428571428,0.0033022953994080286
3,0.7471428571428571,0.003254557384740381
4,0.8142857142857143,0.0032068193700727343
5,0.8312857142857143,0.0031590813554050867
6,0.8572857142857143,0.003111343340737439
7,0.8697142857142857,0.0030636053260697915
8,0.8942857142857142,0.003015867311402144
9,0.8981428571428571,0.0029681292967344963
