Iteration,Accuracy,Weight Decay
0,0.7681281618887015,0.041773682891187935
1,0.8187183811129848,0.018334280241060232
2,0.8473861720067454,0.008046832567607796
3,0.8524451939291737,0.003531718372347135
4,0.8617200674536256,0.001550055199580515
5,0.8735244519392917,0.0006803122073830045
