Iteration,Accuracy,Weight Decay
0,0.766,0.08126216613380753
1,0.8645714285714285,0.04451338310406878
2,0.8905714285714286,0.010978637918546164
3,0.9178571428571428,0.0003021294961929753
