Iteration,Accuracy,Weight Decay
0,0.6582857142857143,0.07482254476706554
1,0.6512857142857142,0.05852257374941756
2,0.6091428571428571,0.04422259917565277
3,0.6214285714285714,0.03192262104577116
4,0.611,0.021622639359772756
5,0.5541428571428572,0.013322654117657533
6,0.6765714285714286,0.007022665319425497
7,0.6608571428571428,0.0027226729650766464
8,0.6501428571428571,0.00042267705461097914
9,0.7731428571428571,0.0001226775880285013
