Iteration,Accuracy,Weight Decay
0,0.7042857142857143,0.016739508918050823
1,0.7015714285714286,0.004453867730520001
2,0.7625714285714286,0.0011850370197883447
3,0.6931428571428572,0.0003153018507141175
4,0.7371428571428571,8.389211088232821e-05
5,0.737,2.2321106750096656e-05
6,0.7664285714285715,5.938958995179634e-06
7,0.7874285714285715,1.5801740631105742e-06
8,0.7801428571428571,4.204356473506604e-07
9,0.8055714285714286,1.118649759477795e-07
