Iteration,Accuracy,Weight Decay
0,0.5336322869955157,0.0020715040933154145
1,0.47882411559541604,0.0001513500084733278
2,0.6676631788739412,0.0020128406086017724
3,0.7299451918285998,0.0011074506003456858
4,0.7329347284504235,6.429409242676677e-05
5,0.8066766317887394,0.002954020246240133
6,0.8066766317887394,1.0193616590513236e-05
7,0.8325859491778774,0.0019088323494965088
