Iteration,Accuracy,Weight Decay
0,0.41604384653712007,0.09706882132280426
1,0.3667164922770304,0.09046519793170772
2,0.3452914798206278,0.07310626521668034
3,0.414050822122571,0.04378320141530977
4,0.4962630792227205,0.018243790724546134
5,0.5475834578973593,0.006010088662594013
6,0.6088689586447434,0.0018001084090777473
7,0.6975585450921774,0.0005235193184478273
