Iteration,Accuracy,Weight Decay
0,0.658196312904833,0.0722504203169805
1,0.7364225211758844,0.052563218514838285
2,0.7458893871449925,0.03600096937970277
3,0.776283009466866,0.02256367291157395
4,0.7767812655705032,0.012251329110451837
5,0.7917289486796213,0.005063937976336426
6,0.794718485301445,0.0010014995092277146
7,0.8006975585450922,6.401370912570431e-05
