Iteration,Accuracy,Weight Decay
0,0.48,5.99030482063902e-05
1,0.48,-5.944198846272857e-05
2,0.48,-0.00017878702513184736
3,0.8418390804597701,-0.0002981320618009661
4,0.8441379310344828,-0.0004174770984700848
5,0.8257471264367816,-0.0005368221351392036
6,0.8147126436781609,-0.0006561671718083224
7,0.8588505747126437,-0.0007755122084774412
