Iteration,Accuracy,Weight Decay
0,0.6477142857142857,0.002297389418863703
1,0.8068571428571428,8.389211088232821e-05
2,0.8815714285714286,3.0634276498817596e-06
3,0.9138571428571428,1.118649759477795e-07
