Iteration,Accuracy,Weight Decay
0,0.6306913996627319,0.003267161852947946
1,0.6838111298482293,0.0005742246505574501
2,0.7807757166947723,7.653325042429936e-05
3,0.806070826306914,0.002429696411742809
4,0.857504215851602,0.00010666439659818643
5,0.8735244519392917,3.136067632444122e-05
