Iteration,Accuracy,Weight Decay
0,0.6408094435075885,0.09254828078406145
1,0.7276559865092749,0.07381604081063549
2,0.8204047217537943,0.04879807301935227
3,0.8524451939291737,0.024197921676153977
4,0.8524451939291737,0.006607177467133997
5,0.8760539629005059,0.0007392660973616683
