Iteration,Accuracy,Weight Decay
0,0.730185497470489,0.09254828078406145
1,0.8440134907251264,0.07381604081063549
2,0.8591905564924115,0.04879807301935227
3,0.8903878583473862,0.024197921676153977
4,0.8912310286677909,0.006607177467133997
5,0.8946037099494097,0.0007392660973616683
