Iteration,Accuracy,Weight Decay
0,0.6458684654300169,0.000714770463686342
1,0.7967959527824621,0.000714770463686342
2,0.8431703204047217,0.000714770463686342
3,0.8836424957841484,0.000714770463686342
4,0.8608768971332209,0.000714770463686342
5,0.8802698145025295,0.000714770463686342
