Iteration,Accuracy,Weight Decay
0,0.7546374367622259,0.041773682891187935
1,0.7934232715008431,0.018334280241060232
2,0.8381112984822934,0.008046832567607796
3,0.8735244519392917,0.003531718372347135
4,0.8954468802698144,0.001550055199580515
5,0.893760539629005,0.0006803122073830045
