Iteration,Accuracy,Weight Decay
0,0.6087142857142858,0.016739508918050823
1,0.6284285714285714,0.004453867730520001
2,0.6434285714285715,0.0011850370197883447
3,0.6932857142857143,0.0003153018507141175
4,0.702,8.389211088232821e-05
5,0.7655714285714286,2.2321106750096656e-05
6,0.7654285714285715,5.938958995179634e-06
7,0.7278571428571429,1.5801740631105742e-06
8,0.7344285714285714,4.204356473506604e-07
9,0.7927142857142857,1.118649759477795e-07
