Iteration,Accuracy,Weight Decay
0,0.6805714285714286,0.09746673418161543
1,0.6682857142857143,0.09340111078410944
2,0.6977142857142857,0.0838891336884537
3,0.7031428571428572,0.06570110725289291
4,0.7435714285714285,0.041338346412298756
5,0.7264285714285714,0.020587178380980863
6,0.7134285714285714,0.00870673956906492
7,0.6991428571428572,0.0033896881950003137
8,0.7491428571428571,0.0012744104865876579
9,0.6847142857142857,0.00047274822582090244
