Iteration,Accuracy,Weight Decay
0,0.655,0.08126216613380753
1,0.6951428571428572,0.04451338310406878
2,0.6957142857142857,0.010978637918546164
3,0.8311428571428572,0.0003021294961929753
