Iteration,Accuracy,Weight Decay
0,0.7268571428571429,0.08650002400378849
1,0.8055714285714286,0.07650004178437256
2,0.8867142857142857,0.06650005956495662
3,0.9022857142857142,0.05650007734554069
4,0.9087142857142857,0.046500095126124755
5,0.9208571428571428,0.03650011290670882
6,0.7928571428571428,0.026500130687292886
7,0.925,0.01650014846787695
8,0.9262857142857143,0.006500166248461017
9,0.9177142857142857,-0.003499815970954903
