Iteration,Accuracy,Weight Decay
0,0.7814285714285715,0.05112258690704978
1,0.759,0.021622639359772756
2,0.8438571428571429,0.004622669586765671
3,0.886,0.0001226775880285013
