Iteration,Accuracy,Weight Decay
0,0.6070826306913997,0.08245960944858459
1,0.642495784148398,0.06591207119253231
2,0.6585160202360877,0.049364532936480035
3,0.7807757166947723,0.03281699468042776
4,0.8836424957841484,0.01626945642437548
5,0.8659359190556493,-0.00027808183167679634
