Iteration,Accuracy,Weight Decay
0,0.5944350758853288,0.000714770463686342
1,0.7344013490725126,0.000714770463686342
2,0.8279932546374368,0.000714770463686342
3,0.8600337268128162,0.000714770463686342
4,0.866779089376054,0.000714770463686342
5,0.9038785834738617,0.000714770463686342
