Iteration,Accuracy,Weight Decay
0,0.759,0.0715000506746646
1,0.8064285714285714,0.046500095126124755
2,0.8884285714285715,0.021500139577584912
3,0.8985714285714286,-0.003499815970954903
