Iteration,Accuracy,Weight Decay
0,0.5201793721973094,1.286462700052033e-05
1,0.6108619830592925,0.0008991945215838024
2,0.7234678624813154,0.002248680782571533
3,0.7533632286995515,2.9151213979720305e-05
4,0.7852516193323368,0.00012517581599017958
5,0.8340807174887892,0.000281964723650145
6,0.8241155954160438,0.004018550504636781
7,0.8579970104633782,0.0001873582464565317
