Iteration,Accuracy,Weight Decay
0,0.6244285714285714,0.016739508918050823
1,0.6162857142857143,0.004453867730520001
2,0.6862857142857143,0.0011850370197883447
3,0.6752857142857143,0.0003153018507141175
4,0.673,8.389211088232821e-05
5,0.6762857142857143,2.2321106750096656e-05
6,0.6725714285714286,5.938958995179634e-06
7,0.7422857142857143,1.5801740631105742e-06
8,0.7434285714285714,4.204356473506604e-07
9,0.7442857142857143,1.118649759477795e-07
