Iteration,Accuracy,Weight Decay
0,0.6992857142857143,0.0007043057944907607
1,0.8327142857142857,0.00031649326672667796
2,0.8747142857142857,9.451045082641837e-05
3,0.8932857142857142,0.000377541044310099
4,0.887,1.9434501543293977e-05
5,0.8935714285714286,1.334379988194559e-05
6,0.8911428571428571,6.0726602073137135e-05
7,0.9052857142857142,0.00019656723253799865
8,0.9161428571428571,6.625945674745753e-05
9,0.9217142857142857,0.002870395578187289
