Iteration,Accuracy,Weight Decay
0,0.6913996627318718,0.041773682891187935
1,0.7740303541315345,0.018334280241060232
2,0.8338954468802698,0.008046832567607796
3,0.8650927487352446,0.003531718372347135
4,0.8802698145025295,0.001550055199580515
5,0.8861720067453626,0.0006803122073830045
