Iteration,Accuracy,Weight Decay
0,0.779,0.0071340919757048255
1,0.805,1.7697434982290845e-06
2,0.7992857142857143,0.00023777479666081832
3,0.8131428571428572,0.001284764685431755
4,0.8685714285714285,0.00277374762232651
5,0.9065714285714286,0.003298654464196375
6,0.9021428571428571,0.00258257950735642
7,0.9107142857142857,0.001485072748559495
8,0.9218571428571428,0.0013682422858920349
9,0.924,0.0019179102616724
