Iteration,Accuracy,Weight Decay
0,0.663575042158516,0.09254828078406145
1,0.7967959527824621,0.07381604081063549
2,0.8338954468802698,0.04879807301935227
3,0.8507588532883642,0.024197921676153977
4,0.8777403035413154,0.006607177467133997
5,0.8887015177065767,0.0007392660973616683
