Iteration,Accuracy,Weight Decay
0,0.7157142857142857,5.930193634141639e-05
1,0.8761428571428571,0.0014873232124722557
2,0.9024285714285715,2.281611751094531e-05
3,0.9077142857142857,0.008069185409675416
