Iteration,Accuracy,Weight Decay
0,0.8292857142857143,0.05112258690704978
1,0.8481428571428572,0.021622639359772756
2,0.8757142857142857,0.004622669586765671
3,0.8997142857142857,0.0001226775880285013
