Iteration,Accuracy,Weight Decay
0,0.615346287992028,0.018925488238263552
1,0.6816143497757847,0.0047270079827679235
2,0.7862481315396114,0.0011806619828161344
3,0.8201295465869457,0.00029489324383393244
4,0.8624813153961136,7.365531077021373e-05
5,0.8878923766816144,1.8396843325823638e-05
6,0.8888888888888888,4.594968656242079e-06
7,0.8824115595416044,1.1476825984711098e-06
