Iteration,Accuracy,Weight Decay
0,0.6568296795952783,0.041773682891187935
1,0.8018549747048904,0.018334280241060232
2,0.851602023608769,0.008046832567607796
3,0.872681281618887,0.003531718372347135
4,0.8827993254637436,0.001550055199580515
5,0.8844856661045531,0.0006803122073830045
