Iteration,Accuracy,Weight Decay
0,0.647816091954023,2.4313285004204436e-08
1,0.7517241379310344,1.7640969257885612e-07
2,0.7728735632183908,3.199267137797384e-07
3,0.7963218390804597,3.96396275506239e-05
4,0.8124137931034483,0.0005580305251442092
5,0.8165517241379311,1.5487250883917444e-05
6,0.8119540229885057,6.0274239009094145e-05
7,0.8128735632183908,1.3530477745798077e-08
