Iteration,Accuracy,Weight Decay
0,0.7942664418212478,0.041773682891187935
1,0.8220910623946037,0.018334280241060232
2,0.8532883642495784,0.008046832567607796
3,0.8709949409780776,0.003531718372347135
4,0.8760539629005059,0.001550055199580515
5,0.8819561551433389,0.0006803122073830045
