Iteration,Accuracy,Weight Decay
0,0.7030393622321873,0.0007924828983539
1,0.8430493273542601,0.00019812203523477496
2,0.8525161933233683,1.7073526474706922e-06
3,0.8684603886397608,0.00043789432981655344
4,0.8824115595416044,0.0008342823480416806
5,0.8958644743398106,6.949760391706498e-06
6,0.8968609865470852,0.0089021508544503
7,0.8958644743398106,0.0006579332246575
