Iteration,Accuracy,Weight Decay
0,0.7082857142857143,0.0715000506746646
1,0.737,0.046500095126124755
2,0.8624285714285714,0.021500139577584912
3,0.8991428571428571,-0.003499815970954903
