Iteration,Accuracy,Weight Decay
0,0.7583457897359243,0.08500022719836783
1,0.7528649725959143,0.07250041653034103
2,0.8141504733432985,0.06000060586231423
3,0.8216243148978575,0.047500795194287425
4,0.8450423517688092,0.03500098452626062
5,0.8570004982561036,0.022501173858233817
6,0.8719481813652217,0.010001363190207016
7,0.8535127055306427,-0.0024984474778197846
