Iteration,Accuracy,Weight Decay
0,0.5739910313901345,0.08500022719836783
1,0.6003986048829099,0.07250041653034103
2,0.5705032386646737,0.06000060586231423
3,0.6193323368211261,0.047500795194287425
4,0.6258096661684106,0.03500098452626062
5,0.8455406078724464,0.022501173858233817
6,0.8380667663178873,0.010001363190207016
7,0.8071748878923767,-0.0024984474778197846
