Iteration,Accuracy,Weight Decay
0,0.7080459770114943,5.95501370565999e-05
1,0.7673563218390804,5.95501370565999e-05
2,0.8041379310344827,5.95501370565999e-05
3,0.792183908045977,5.95501370565999e-05
4,0.8312643678160919,5.95501370565999e-05
5,0.8326436781609196,5.95501370565999e-05
6,0.8262068965517242,5.95501370565999e-05
7,0.8119540229885057,5.95501370565999e-05
