Iteration,Accuracy,Weight Decay
0,0.6482758620689655,0.0009679088184130589
1,0.7310344827586207,0.005305245458382725
2,0.7342528735632184,2.5926359382154968e-05
3,0.7563218390804598,6.607446176411606e-05
4,0.7650574712643678,0.000544863112779391
5,0.7779310344827586,1.4944978339784705e-05
6,0.783448275862069,0.0013523427514206298
7,0.8082758620689655,0.0006370752480326852
