Iteration,Accuracy,Weight Decay
0,0.5354131534569984,0.00018592074837205924
1,0.6104553119730185,0.0001627004249510256
2,0.7284991568296796,1.7059079510922725e-05
3,0.8330522765598651,0.0033135734347910467
4,0.8608768971332209,7.669526144735679e-05
5,0.8768971332209107,0.0003907791410294804
