Iteration,Accuracy,Weight Decay
0,0.6770657672849916,0.00594305749092323
1,0.7790893760539629,5.7374961533818295e-05
2,0.806070826306914,0.0007667012882837966
3,0.8465430016863407,0.00013151022399847262
4,0.8650927487352446,0.00021712525733340895
5,0.8709949409780776,0.0019888900613096194
