Iteration,Accuracy,Weight Decay
0,0.7414050822122571,0.0722504203169805
1,0.7992027902341804,0.052563218514838285
2,0.8395615346287992,0.03600096937970277
3,0.8465371200797209,0.02256367291157395
4,0.8694569008470354,0.012251329110451837
5,0.872446437468859,0.005063937976336426
6,0.8834080717488789,0.0010014995092277146
7,0.8829098156452416,6.401370912570431e-05
