Iteration,Accuracy,Weight Decay
0,0.5969108121574489,0.08500022719836783
1,0.7478824115595416,0.07250041653034103
2,0.8241155954160438,0.06000060586231423
3,0.8584952665670155,0.047500795194287425
4,0.8824115595416044,0.03500098452626062
5,0.8943697060288989,0.022501173858233817
6,0.8963627304434479,0.010001363190207016
7,0.8699551569506726,-0.0024984474778197846
