Iteration,Accuracy,Weight Decay
0,0.6930860033726813,0.09623406949124648
1,0.7563237774030354,0.08285422480701589
2,0.8330522765598651,0.047877320869366004
3,0.8490725126475548,0.015206179604296877
4,0.8591905564924115,0.003819399833108084
5,0.8903878583473862,0.0013164192457227669
