Iteration,Accuracy,Weight Decay
0,0.5075862068965518,0.004193947698695797
1,0.759080459770115,0.0030608265558877855
2,0.7581609195402299,0.0016728489609453255
3,0.7351724137931035,3.03166525238385e-05
4,0.8105747126436782,0.0005845602353010418
5,0.8225287356321839,7.219382919845697e-05
6,0.8386206896551724,0.0003918421930980963
7,0.8386206896551724,1.0066473604887328e-05
