Iteration,Accuracy,Weight Decay
0,0.7464285714285714,0.016739508918050823
1,0.8158571428571428,0.004453867730520001
2,0.853,0.0011850370197883447
3,0.8697142857142857,0.0003153018507141175
4,0.8848571428571429,8.389211088232821e-05
5,0.8872857142857142,2.2321106750096656e-05
6,0.9085714285714286,5.938958995179634e-06
7,0.9115714285714286,1.5801740631105742e-06
8,0.901,4.204356473506604e-07
9,0.913,1.118649759477795e-07
