Iteration,Accuracy,Weight Decay
0,0.7389138016940707,0.0007924828983539
1,0.8325859491778774,0.00019812203523477496
2,0.8649725959143,1.7073526474706922e-06
3,0.8898854010961634,0.00043789432981655344
4,0.8888888888888888,0.0008342823480416806
5,0.8978574987543597,6.949760391706498e-06
6,0.8998505231689088,0.0089021508544503
7,0.9018435475834579,0.0006579332246575
