Iteration,Accuracy,Weight Decay
0,0.7324137931034482,5.99030482063902e-05
1,0.7291954022988506,-5.944198846272857e-05
2,0.7857471264367816,-0.00017878702513184736
3,0.7811494252873563,-0.0002981320618009661
4,0.7995402298850575,-0.0004174770984700848
5,0.8073563218390805,-0.0005368221351392036
6,0.8147126436781609,-0.0006561671718083224
7,0.8156321839080459,-0.0007755122084774412
