Iteration,Accuracy,Weight Decay
0,0.678752107925801,0.09254828078406145
1,0.8161888701517707,0.07381604081063549
2,0.857504215851602,0.04879807301935227
3,0.9005059021922428,0.024197921676153977
4,0.8870151770657673,0.006607177467133997
5,0.9047217537942664,0.0007392660973616683
