Iteration,Accuracy,Weight Decay
0,0.666,0.0715000506746646
1,0.6572857142857143,0.046500095126124755
2,0.7127142857142857,0.021500139577584912
3,0.7512857142857143,-0.003499815970954903
