Iteration,Accuracy,Weight Decay
0,0.7790893760539629,0.041773682891187935
1,0.790893760539629,0.018334280241060232
2,0.8355817875210793,0.008046832567607796
3,0.8811129848229342,0.003531718372347135
4,0.8979763912310287,0.001550055199580515
5,0.9064080944350759,0.0006803122073830045
