Iteration,Accuracy,Weight Decay
0,0.679080459770115,2.4313285004204436e-08
1,0.7664367816091954,1.7640969257885612e-07
2,0.7691954022988505,3.199267137797384e-07
3,0.7917241379310345,3.96396275506239e-05
4,0.8073563218390805,0.0005580305251442092
5,0.7751724137931034,1.5487250883917444e-05
6,0.8137931034482758,6.0274239009094145e-05
7,0.825287356321839,1.3530477745798077e-08
