Iteration,Accuracy,Weight Decay
0,0.6172006745362564,0.0003139551541520559
1,0.6973018549747049,0.00019461011748293712
2,0.8145025295109612,7.526508081381837e-05
3,0.8288364249578415,-4.4079955855300356e-05
4,0.8625632377740303,-0.0001634249925244192
5,0.8752107925801011,-0.0002827700291935379
