Iteration,Accuracy,Weight Decay
0,0.6358620689655172,0.0004885120365687309
1,0.6933333333333334,6.090169359107918e-05
2,0.6754022988505747,0.0003945023090217144
3,0.8032183908045977,0.00043765792053883015
4,0.7981609195402298,0.00017298214430506648
5,0.7935632183908046,6.220771291459109e-05
6,0.8110344827586207,2.1042152693191708e-05
7,0.8128735632183908,2.4090952318223857e-05
