Iteration,Accuracy,Weight Decay
0,0.704367816091954,5.95501370565999e-05
1,0.7632183908045977,5.95501370565999e-05
2,0.7742528735632184,5.95501370565999e-05
3,0.8119540229885057,5.95501370565999e-05
4,0.8234482758620689,5.95501370565999e-05
5,0.8239080459770115,5.95501370565999e-05
6,0.8340229885057471,5.95501370565999e-05
7,0.8317241379310345,5.95501370565999e-05
