Iteration,Accuracy,Weight Decay
0,0.2142501245640259,0.0722504203169805
1,0.26856003986048826,0.052563218514838285
2,0.2501245640259093,0.03600096937970277
3,0.401096163428002,0.02256367291157395
4,0.4389636273044345,0.012251329110451837
5,0.585949177877429,0.005063937976336426
6,0.6273044344793224,0.0010014995092277146
7,0.6970602889885401,6.401370912570431e-05
