Iteration,Accuracy,Weight Decay
0,0.6078724464374688,0.0722504203169805
1,0.6322869955156951,0.052563218514838285
2,0.6457399103139013,0.03600096937970277
3,0.796711509715994,0.02256367291157395
4,0.8246138515196811,0.012251329110451837
5,0.8305929247633284,0.005063937976336426
6,0.8231190832087693,0.0010014995092277146
7,0.794718485301445,6.401370912570431e-05
