Iteration,Accuracy,Weight Decay
0,0.6155714285714285,0.0715000506746646
1,0.6727142857142857,0.046500095126124755
2,0.6841428571428572,0.021500139577584912
3,0.6602857142857143,-0.003499815970954903
