Iteration,Accuracy,Weight Decay
0,0.6832183908045977,5.99030482063902e-05
1,0.7374712643678161,-5.944198846272857e-05
2,0.7682758620689655,-0.00017878702513184736
3,0.7926436781609195,-0.0002981320618009661
4,0.8220689655172414,-0.0004174770984700848
5,0.8211494252873563,-0.0005368221351392036
6,0.8239080459770115,-0.0006561671718083224
7,0.8165517241379311,-0.0007755122084774412
