Iteration,Accuracy,Weight Decay
0,0.8004285714285714,0.08126216613380753
1,0.8604285714285714,0.04451338310406878
2,0.8941428571428571,0.010978637918546164
3,0.8937142857142857,0.0003021294961929753
