Iteration,Accuracy,Weight Decay
0,0.4588938714499253,0.09706882132280426
1,0.414050822122571,0.09046519793170772
2,0.547085201793722,0.07310626521668034
3,0.7080219232685601,0.04378320141530977
4,0.8350772296960638,0.018243790724546134
5,0.8644743398106627,0.006010088662594013
6,0.8739412057797707,0.0018001084090777473
7,0.8839063278525162,0.0005235193184478273
