Iteration,Accuracy,Weight Decay
0,0.6731439960139511,0.018925488238263552
1,0.8574987543597409,0.0047270079827679235
2,0.8694569008470354,0.0011806619828161344
3,0.8938714499252616,0.00029489324383393244
4,0.8898854010961634,7.365531077021373e-05
5,0.8998505231689088,1.8396843325823638e-05
6,0.8993522670652716,4.594968656242079e-06
7,0.9048330842052815,1.1476825984711098e-06
