Iteration,Accuracy,Weight Decay
0,0.6144285714285714,0.0071340919757048255
1,0.5642857142857143,1.7697434982290845e-06
2,0.5634285714285714,0.00023777479666081832
3,0.5632857142857143,0.001284764685431755
4,0.7064285714285714,0.00277374762232651
5,0.6992857142857143,0.003298654464196375
6,0.6882857142857143,0.00258257950735642
7,0.6935714285714286,0.001485072748559495
8,0.6948571428571428,0.0013682422858920349
9,0.6877142857142857,0.0019179102616724
