Iteration,Accuracy,Weight Decay
0,0.6148571428571429,0.08126216613380753
1,0.6407142857142857,0.04451338310406878
2,0.7835714285714286,0.010978637918546164
3,0.808,0.0003021294961929753
