Iteration,Accuracy,Weight Decay
0,0.52,5.99030482063902e-05
1,0.6767816091954023,-5.944198846272857e-05
2,0.743448275862069,-0.00017878702513184736
3,0.7774712643678161,-0.0002981320618009661
4,0.8013793103448276,-0.0004174770984700848
5,0.8156321839080459,-0.0005368221351392036
6,0.8160919540229885,-0.0006561671718083224
7,0.8285057471264368,-0.0007755122084774412
