Iteration,Accuracy,Weight Decay
0,0.7267142857142858,0.016739508918050823
1,0.8535714285714285,0.004453867730520001
2,0.8785714285714286,0.0011850370197883447
3,0.8988571428571429,0.0003153018507141175
4,0.9085714285714286,8.389211088232821e-05
5,0.8962857142857142,2.2321106750096656e-05
6,0.9214285714285714,5.938958995179634e-06
7,0.9194285714285715,1.5801740631105742e-06
8,0.928,4.204356473506604e-07
9,0.9311428571428572,1.118649759477795e-07
