Iteration,Accuracy,Weight Decay
0,0.5750421585160203,0.06801802122791924
1,0.7622259696458684,0.043527664608961875
2,0.8389544688026982,0.02455315407535525
3,0.8650927487352446,0.011094489627099403
4,0.8844856661045531,0.0031516712641943057
5,0.903035413153457,0.0007246989866399735
