Iteration,Accuracy,Weight Decay
0,0.5961214165261383,0.000714770463686342
1,0.7445193929173693,0.000714770463686342
2,0.8288364249578415,0.000714770463686342
3,0.8659359190556493,0.000714770463686342
4,0.897133220910624,0.000714770463686342
5,0.9047217537942664,0.000714770463686342
