Iteration,Accuracy,Weight Decay
0,0.5573355817875211,0.08245960944858459
1,0.6593591905564924,0.06591207119253231
2,0.8558178752107926,0.049364532936480035
3,0.8819561551433389,0.03281699468042776
4,0.9089376053962901,0.01626945642437548
5,0.8929173693086003,-0.00027808183167679634
