Iteration,Accuracy,Weight Decay
0,0.7217537942664418,0.06801802122791924
1,0.7377740303541316,0.043527664608961875
2,0.8077571669477235,0.02455315407535525
3,0.8566610455311973,0.011094489627099403
4,0.8591905564924115,0.0031516712641943057
5,0.8473861720067454,0.0007246989866399735
