Iteration,Accuracy,Weight Decay
0,0.6937931034482758,5.99030482063902e-05
1,0.52,-5.944198846272858e-05
2,0.52,-0.00017878702513184734
3,0.52,-0.0002981320618009661
4,0.52,-0.00041747709847008487
5,0.52,-0.0005368221351392036
6,0.7875862068965517,-0.0006561671718083224
7,0.7885057471264367,-0.0007755122084774412
