Iteration,Accuracy,Weight Decay
0,0.4982561036372696,0.09455040875321775
1,0.6910812157448929,0.08247266789928005
2,0.8211260587942202,0.06545137301945098
3,0.8754359740906826,0.04607786196076218
4,0.8809167912306926,0.02730157616058396
5,0.8933731938216243,0.011981034924538829
6,0.9013452914798207,0.002448651774762514
7,0.8898854010961634,0.00015564563454001894
