Iteration,Accuracy,Weight Decay
0,0.6180438448566611,0.0003139551541520559
1,0.7563237774030354,0.00019461011748293712
2,0.7925801011804384,7.526508081381837e-05
3,0.815345699831366,-4.4079955855300356e-05
4,0.8507588532883642,-0.0001634249925244192
5,0.8608768971332209,-0.0002827700291935379
