Iteration,Accuracy,Weight Decay
0,0.6645714285714286,0.0033261644067418524
1,0.7555714285714286,0.0032068193700727343
2,0.8674285714285714,0.0030874743334036153
3,0.884,0.0029681292967344963
