Iteration,Accuracy,Weight Decay
0,0.46385714285714286,0.08126216613380753
1,0.6422857142857142,0.04451338310406878
2,0.7041428571428572,0.010978637918546164
3,0.8531428571428571,0.0003021294961929753
