Iteration,Accuracy,Weight Decay
0,0.7031428571428572,0.016739508918050823
1,0.7672857142857142,0.004453867730520001
2,0.8655714285714285,0.0011850370197883447
3,0.8668571428571429,0.0003153018507141175
4,0.8612857142857143,8.389211088232821e-05
5,0.8778571428571429,2.2321106750096656e-05
6,0.8887142857142857,5.938958995179634e-06
7,0.8854285714285715,1.5801740631105742e-06
8,0.8898571428571429,4.204356473506604e-07
9,0.9004285714285715,1.118649759477795e-07
