Iteration,Accuracy,Weight Decay
0,0.6753794266441822,0.041773682891187935
1,0.8507588532883642,0.018334280241060232
2,0.857504215851602,0.008046832567607796
3,0.8617200674536256,0.003531718372347135
4,0.8693086003372681,0.001550055199580515
5,0.8777403035413154,0.0006803122073830045
