Iteration,Accuracy,Weight Decay
0,0.8194285714285714,0.08126216613380753
1,0.8812857142857143,0.04451338310406878
2,0.9075714285714286,0.010978637918546164
3,0.9201428571428572,0.0003021294961929753
