Iteration,Accuracy,Weight Decay
0,0.6222596964586846,0.08245960944858459
1,0.6871838111298483,0.06591207119253231
2,0.7529510961214165,0.049364532936480035
3,0.8001686340640809,0.03281699468042776
4,0.8440134907251264,0.01626945642437548
5,0.8608768971332209,-0.00027808183167679634
