Iteration,Accuracy,Weight Decay
0,0.4055804683607374,0.09706882132280426
1,0.49725959142999504,0.09046519793170772
2,0.6621823617339312,0.07310626521668034
3,0.7174887892376681,0.04378320141530977
4,0.8126557050323866,0.018243790724546134
5,0.8500249128051819,0.006010088662594013
6,0.8460388639760837,0.0018001084090777473
7,0.8599900348779272,0.0005235193184478273
