Iteration,Accuracy,Weight Decay
0,0.4190333831589437,0.08500022719836783
1,0.3148978574987544,0.07250041653034103
2,0.3617339312406577,0.06000060586231423
3,0.36073741903338313,0.047500795194287425
4,0.4265072247135027,0.03500098452626062
5,0.4982561036372696,0.022501173858233817
6,0.587942202291978,0.010001363190207016
7,0.554559043348281,-0.0024984474778197846
