Iteration,Accuracy,Weight Decay
0,0.40358744394618834,0.0722504203169805
1,0.5366218236173393,0.052563218514838285
2,0.6003986048829099,0.03600096937970277
3,0.7349277528649726,0.02256367291157395
4,0.8226208271051321,0.012251329110451837
5,0.841056302939711,0.005063937976336426
6,0.8435475834578974,0.0010014995092277146
7,0.8629795714997509,6.401370912570431e-05
