Iteration,Accuracy,Weight Decay
0,0.5196811160936722,1.4164256304720764e-05
1,0.7244643746885899,1.6352730568579908e-05
2,0.7443946188340808,0.0004415869045501628
3,0.7548579970104634,0.00010383211106421225
4,0.7917289486796213,2.6124140812021747e-05
5,0.7972097658196313,0.000175589515862527
6,0.8300946686596911,0.008690125761642532
7,0.8405580468360737,0.001984348806295514
