Iteration,Accuracy,Weight Decay
0,0.6206896551724138,5.99030482063902e-05
1,0.7379310344827587,-5.944198846272857e-05
2,0.7609195402298851,-0.00017878702513184736
3,0.8110344827586207,-0.0002981320618009661
4,0.8225287356321839,-0.0004174770984700848
5,0.8234482758620689,-0.0005368221351392036
6,0.8570114942528736,-0.0006561671718083224
7,0.8754022988505747,-0.0007755122084774412
