Iteration,Accuracy,Weight Decay
0,0.736,0.07482254476706554
1,0.7851428571428571,0.05852257374941756
2,0.8475714285714285,0.04422259917565277
3,0.8497142857142858,0.03192262104577116
4,0.4034285714285714,0.021622639359772756
5,0.8717142857142857,0.013322654117657533
6,0.8692857142857143,0.007022665319425497
7,0.8672857142857143,0.0027226729650766464
8,0.9124285714285715,0.00042267705461097914
9,0.9207142857142857,0.0001226775880285013
