Iteration,Accuracy,Weight Decay
0,0.7225714285714285,0.08956689623880071
1,0.832,0.041338346412298756
2,0.8614285714285714,0.005468299804777157
3,0.9005714285714286,0.00047274822582090244
