Iteration,Accuracy,Weight Decay
0,0.6560919540229885,0.0010061609041421555
1,0.7305747126436781,0.00010279511247044769
2,0.7195402298850575,0.0006549475935526396
3,0.7710344827586207,6.144953484262208e-05
4,0.7995402298850575,0.008422111038699937
5,0.8068965517241379,2.2084458571860844e-05
6,0.8183908045977012,1.6869306061773673e-05
7,0.8234482758620689,0.004110978240529612
