Iteration,Accuracy,Weight Decay
0,0.6720067453625632,0.0003139551541520559
1,0.7512647554806071,0.00019461011748293712
2,0.7689713322091062,7.526508081381837e-05
3,0.811973018549747,-4.4079955855300356e-05
4,0.842327150084317,-0.0001634249925244192
5,0.8853288364249579,-0.0002827700291935379
