Iteration,Accuracy,Weight Decay
0,0.7912306925759841,0.018925488238263552
1,0.85401096163428,0.0047270079827679235
2,0.8754359740906826,0.0011806619828161344
3,0.8804185351270553,0.00029489324383393244
4,0.890881913303438,7.365531077021373e-05
5,0.8878923766816144,1.8396843325823638e-05
6,0.8913801694070752,4.594968656242079e-06
7,0.8888888888888888,1.1476825984711098e-06
