Iteration,Accuracy,Weight Decay
0,0.607,0.08956689623880071
1,0.7362857142857143,0.041338346412298756
2,0.7672857142857142,0.005468299804777157
3,0.8717142857142857,0.00047274822582090244
