Iteration,Accuracy,Weight Decay
0,0.6897133220910624,0.08245960944858459
1,0.8069139966273187,0.06591207119253231
2,0.857504215851602,0.049364532936480035
3,0.8819561551433389,0.03281699468042776
4,0.8912310286677909,0.01626945642437548
5,0.9038785834738617,-0.00027808183167679634
