Iteration,Accuracy,Weight Decay
0,0.4539113104135526,0.09706882132280426
1,0.3213751868460389,0.09046519793170772
2,0.4294967613353264,0.07310626521668034
3,0.42750373692077726,0.04378320141530977
4,0.45241654210264076,0.018243790724546134
5,0.5266567015445939,0.006010088662594013
6,0.5670154459392127,0.0018001084090777473
7,0.6367713004484304,0.0005235193184478273
