Iteration,Accuracy,Weight Decay
0,0.7051428571428572,0.05112258690704978
1,0.7948571428571428,0.021622639359772756
2,0.8855714285714286,0.004622669586765671
3,0.9028571428571428,0.0001226775880285013
