Iteration,Accuracy,Weight Decay
0,0.6455714285714286,0.09557017170827971
1,0.8167142857142857,0.08698157789648651
2,0.8502857142857143,0.07477297827681818
3,0.8684285714285714,0.06013943564236318
4,0.8774285714285714,0.04451338310406878
5,0.8728571428571429,0.029424407557493124
6,0.8718571428571429,0.01634952306020954
7,0.8987142857142857,0.006568590404889097
8,0.9014285714285715,0.0010390354275995517
9,0.916,0.0003021294961929753
