Iteration,Accuracy,Weight Decay
0,0.549,0.08956689623880071
1,0.5644285714285714,0.041338346412298756
2,0.7545714285714286,0.005468299804777157
3,0.8405714285714285,0.00047274822582090244
