Iteration,Accuracy,Weight Decay
0,0.6378571428571429,0.016739508918050823
1,0.7955714285714286,0.004453867730520001
2,0.8282857142857143,0.0011850370197883447
3,0.8734285714285714,0.0003153018507141175
4,0.8752857142857143,8.389211088232821e-05
5,0.8832857142857143,2.2321106750096656e-05
6,0.9085714285714286,5.938958995179634e-06
7,0.9095714285714286,1.5801740631105742e-06
8,0.9222857142857143,4.204356473506604e-07
9,0.9295714285714286,1.118649759477795e-07
