Iteration,Accuracy,Weight Decay
0,0.6027586206896551,5.99030482063902e-05
1,0.6574712643678161,-5.944198846272857e-05
2,0.7172413793103448,-0.00017878702513184736
3,0.759080459770115,-0.0002981320618009661
4,0.7871264367816092,-0.0004174770984700848
5,0.8032183908045977,-0.0005368221351392036
6,0.8110344827586207,-0.0006561671718083224
7,0.8124137931034483,-0.0007755122084774412
