Iteration,Accuracy,Weight Decay
0,0.6618887015177066,0.06801802122791924
1,0.7858347386172007,0.043527664608961875
2,0.8313659359190556,0.02455315407535525
3,0.8650927487352446,0.011094489627099403
4,0.866779089376054,0.0031516712641943057
5,0.8760539629005059,0.0007246989866399735
