Iteration,Accuracy,Weight Decay
0,0.7617142857142857,0.09746673418161543
1,0.8288571428571428,0.09340111078410944
2,0.8682857142857143,0.0838891336884537
3,0.8784285714285714,0.06570110725289291
4,0.8904285714285715,0.041338346412298756
5,0.8831428571428571,0.020587178380980863
6,0.9002857142857142,0.00870673956906492
7,0.9074285714285715,0.0033896881950003137
8,0.9234285714285714,0.0012744104865876579
9,0.9271428571428572,0.00047274822582090244
