Iteration,Accuracy,Weight Decay
0,0.6682857142857143,0.08956689623880071
1,0.663,0.041338346412298756
2,0.7028571428571428,0.005468299804777157
3,0.7382857142857143,0.00047274822582090244
