Iteration,Accuracy,Weight Decay
0,0.712183908045977,5.99030482063902e-05
1,0.7268965517241379,-5.944198846272858e-05
2,0.7783908045977012,-0.00017878702513184734
3,0.7944827586206896,-0.0002981320618009661
4,0.8059770114942528,-0.00041747709847008487
5,0.8188505747126437,-0.0005368221351392036
6,0.8367816091954023,-0.0006561671718083224
7,0.8491954022988506,-0.0007755122084774412
