Iteration,Accuracy,Weight Decay
0,0.6357504215851602,0.06801802122791924
1,0.7757166947723441,0.043527664608961875
2,0.7967959527824621,0.02455315407535525
3,0.8566610455311973,0.011094489627099403
4,0.8684654300168634,0.0031516712641943057
5,0.8844856661045531,0.0007246989866399735
