Iteration,Accuracy,Weight Decay
0,0.6374367622259697,0.0003139551541520559
1,0.7166947723440135,0.00019461011748293712
2,0.7900505902192243,7.526508081381837e-05
3,0.8220910623946037,-4.4079955855300356e-05
4,0.8347386172006745,-0.0001634249925244192
5,0.8397976391231029,-0.0002827700291935379
