Iteration,Accuracy,Weight Decay
0,0.6715714285714286,0.08956689623880071
1,0.8484285714285714,0.041338346412298756
2,0.8228571428571428,0.005468299804777157
3,0.89,0.00047274822582090244
