Iteration,Accuracy,Weight Decay
0,0.6146711635750421,0.09254828078406145
1,0.7748735244519392,0.07381604081063549
2,0.866779089376054,0.04879807301935227
3,0.8693086003372681,0.024197921676153977
4,0.887858347386172,0.006607177467133997
5,0.8946037099494097,0.0007392660973616683
