Iteration,Accuracy,Weight Decay
0,0.7044285714285714,0.00014218930797294378
1,0.7487142857142857,0.00013919918878496212
2,0.8427142857142857,0.0017514535997672565
3,0.8361428571428572,0.006244176040634455
4,0.8865714285714286,0.0010406686637588732
5,0.8988571428571429,0.00027024207152017126
6,0.9048571428571428,0.00023750580486395947
7,0.9115714285714286,0.0010816411099089213
8,0.9114285714285715,0.006854629139022864
9,0.9195714285714286,0.0005363558294076636
