Iteration,Accuracy,Weight Decay
0,0.5657672849915683,0.000714770463686342
1,0.6795952782462057,0.000714770463686342
2,0.8381112984822934,0.000714770463686342
3,0.872681281618887,0.000714770463686342
4,0.8785834738617201,0.000714770463686342
5,0.897133220910624,0.000714770463686342
