Iteration,Accuracy,Weight Decay
0,0.7847533632286996,0.018925488238263552
1,0.8555057299451918,0.0047270079827679235
2,0.8719481813652217,0.0011806619828161344
3,0.8903836571998007,0.00029489324383393244
4,0.890881913303438,7.365531077021373e-05
5,0.8953662182361734,1.8396843325823638e-05
6,0.8918784255107125,4.594968656242079e-06
7,0.8958644743398106,1.1476825984711098e-06
