Iteration,Accuracy,Weight Decay
0,0.6318571428571429,1.7021289956912246e-05
1,0.6351428571428571,0.0005637757165409996
2,0.6357142857142857,0.0003204419261209929
3,0.6258571428571429,0.004417117280443249
