Iteration,Accuracy,Weight Decay
0,0.38365719980069757,0.0722504203169805
1,0.5421026407573493,0.052563218514838285
2,0.7015445939212755,0.03600096937970277
3,0.7872446437468859,0.02256367291157395
4,0.8136522172396612,0.012251329110451837
5,0.8809167912306926,0.005063937976336426
6,0.8873941205779771,0.0010014995092277146
7,0.8948679621325362,6.401370912570431e-05
