Iteration,Accuracy,Weight Decay
0,0.6441428571428571,0.0033261644067418524
1,0.6501428571428571,0.0032068193700727343
2,0.6371428571428571,0.0030874743334036153
3,0.6368571428571429,0.0029681292967344963
