Iteration,Accuracy,Weight Decay
0,0.7197142857142858,0.0715000506746646
1,0.8052857142857143,0.046500095126124755
2,0.7888571428571428,0.021500139577584912
3,0.8478571428571429,-0.003499815970954903
