Iteration,Accuracy,Weight Decay
0,0.52,0.03808331627541416
1,0.7135632183908046,0.015052031037412423
2,0.7172413793103448,0.005949157282226808
3,0.7393103448275862,0.0023513419737643954
4,0.7742528735632184,0.0009293432355711351
5,0.8009195402298851,0.00036731315952273603
6,0.8096551724137931,0.00014517667100213993
7,0.824367816091954,5.7379555447043585e-05
