Iteration,Accuracy,Weight Decay
0,0.6044285714285714,2.869377067127777e-06
1,0.7755714285714286,0.00277374762232651
2,0.8904285714285715,0.00190932807667502
3,0.9131428571428571,0.0019179102616724
