Iteration,Accuracy,Weight Decay
0,0.8136522172396612,0.0722504203169805
1,0.8246138515196811,0.052563218514838285
2,0.8480318883906328,0.03600096937970277
3,0.8749377179870453,0.02256367291157395
4,0.8863976083707026,0.012251329110451837
5,0.8893871449925261,0.005063937976336426
6,0.8824115595416044,0.0010014995092277146
7,0.8858993522670653,6.401370912570431e-05
