Iteration,Accuracy,Weight Decay
0,0.7715008431703204,0.041773682891187935
1,0.8010118043844857,0.018334280241060232
2,0.8271500843170321,0.008046832567607796
3,0.8473861720067454,0.003531718372347135
4,0.8583473861720068,0.001550055199580515
5,0.8768971332209107,0.0006803122073830045
