Iteration,Accuracy,Weight Decay
0,0.612141652613828,0.000714770463686342
1,0.7630691399662732,0.000714770463686342
2,0.8136593591905565,0.000714770463686342
3,0.8617200674536256,0.000714770463686342
4,0.8591905564924115,0.000714770463686342
5,0.8870151770657673,0.000714770463686342
