Iteration,Accuracy,Weight Decay
0,0.5909317389138017,0.018925488238263552
1,0.6756352765321375,0.0047270079827679235
2,0.7812655705032386,0.0011806619828161344
3,0.8400597907324364,0.00029489324383393244
4,0.833582461385152,7.365531077021373e-05
5,0.8649725959143,1.8396843325823638e-05
6,0.8749377179870453,4.594968656242079e-06
7,0.8903836571998007,1.1476825984711098e-06
