Iteration,Accuracy,Weight Decay
0,0.69,0.08126216613380753
1,0.6455714285714286,0.04451338310406878
2,0.7658571428571429,0.010978637918546164
3,0.8245714285714286,0.0003021294961929753
