Iteration,Accuracy,Weight Decay
0,0.383,0.016739508918050823
1,0.5025714285714286,0.004453867730520001
2,0.7321428571428571,0.0011850370197883447
3,0.7505714285714286,0.0003153018507141175
4,0.7478571428571429,8.389211088232821e-05
5,0.747,2.2321106750096656e-05
6,0.7441428571428571,5.938958995179634e-06
7,0.753,1.5801740631105742e-06
8,0.7498571428571429,4.204356473506604e-07
9,0.7474285714285714,1.118649759477795e-07
