Iteration,Accuracy,Weight Decay
0,0.648397976391231,0.06801802122791924
1,0.7799325463743676,0.043527664608961875
2,0.821247892074199,0.02455315407535525
3,0.8785834738617201,0.011094489627099403
4,0.8777403035413154,0.0031516712641943057
5,0.9013490725126475,0.0007246989866399735
