Iteration,Accuracy,Weight Decay
0,0.5151968111609367,0.0007924828983539
1,0.6816143497757847,0.00019812203523477496
2,0.700548081714001,1.7073526474706922e-06
3,0.7593423019431988,0.00043789432981655344
4,0.7717987045341306,0.0008342823480416806
5,0.7987045341305431,6.949760391706498e-06
6,0.8056801195814649,0.0089021508544503
7,0.8385650224215246,0.0006579332246575
