Iteration,Accuracy,Weight Decay
0,0.4872944693572496,0.000424690265798912
1,0.41953163926258097,0.0005517330182184676
2,0.6327852516193323,0.004025116517614789
3,0.7055306427503737,0.0018083300149481444
4,0.7683109118086696,0.00023943726342831533
5,0.8470353761833582,0.000388264327620926
6,0.8858993522670653,0.00020342586625712893
7,0.9023418036870952,0.0004981824585138288
