Iteration,Accuracy,Weight Decay
0,0.7034285714285714,0.0061684684587035655
1,0.7034285714285714,0.00326458264901521
2,0.6828571428571428,0.0009400784125335637
3,0.7077142857142857,9.62028523093052e-05
