Iteration,Accuracy,Weight Decay
0,0.6338571428571429,5.978110929625625e-05
1,0.8111428571428572,1.4365401887338486e-05
2,0.8774285714285714,0.007370335364774534
3,0.8971428571428571,0.0013740265912590578
