Iteration,Accuracy,Weight Decay
0,0.47985714285714287,0.05112258690704978
1,0.7325714285714285,0.021622639359772756
2,0.7787142857142857,0.004622669586765671
3,0.823,0.0001226775880285013
