Iteration,Accuracy,Weight Decay
0,0.5949425287356321,5.99030482063902e-05
1,0.7705747126436782,-5.944198846272857e-05
2,0.7770114942528735,-0.00017878702513184736
3,0.7935632183908046,-0.0002981320618009661
4,0.7917241379310345,-0.0004174770984700848
5,0.7967816091954023,-0.0005368221351392036
6,0.8124137931034483,-0.0006561671718083224
7,0.8124137931034483,-0.0007755122084774412
