Iteration,Accuracy,Weight Decay
0,0.7264367816091954,0.0019411448575945972
1,0.6873563218390805,0.0008649619736558548
2,0.7770114942528735,0.002812338641122756
3,0.8045977011494253,0.0003358245806660262
4,0.8257471264367816,3.532089875517492e-05
5,0.8266666666666667,4.943335242244714e-05
6,0.8308045977011494,0.001104419504885853
7,0.8211494252873563,5.145521091209405e-05
