Iteration,Accuracy,Weight Decay
0,0.7204783258594918,0.0007924828983539
1,0.8545092177379173,0.00019812203523477496
2,0.8579970104633782,1.7073526474706922e-06
3,0.885401096163428,0.00043789432981655344
4,0.8849028400597907,0.0008342823480416806
5,0.8829098156452416,6.949760391706498e-06
6,0.8893871449925261,0.0089021508544503
7,0.898355754857997,0.0006579332246575
