Iteration,Accuracy,Weight Decay
0,0.8031888390632785,0.08500022719836783
1,0.8315894369706028,0.07250041653034103
2,0.8161434977578476,0.06000060586231423
3,0.8375685102142502,0.047500795194287425
4,0.8550074738415545,0.03500098452626062
5,0.8555057299451918,0.022501173858233817
6,0.8649725959143,0.010001363190207016
7,0.8649725959143,-0.0024984474778197846
