Iteration,Accuracy,Weight Decay
0,0.7236781609195402,5.95501370565999e-05
1,0.7783908045977012,5.95501370565999e-05
2,0.7958620689655173,5.95501370565999e-05
3,0.8,5.95501370565999e-05
4,0.8197701149425287,5.95501370565999e-05
5,0.8197701149425287,5.95501370565999e-05
6,0.8262068965517242,5.95501370565999e-05
7,0.8326436781609196,5.95501370565999e-05
