Iteration,Accuracy,Weight Decay
0,0.763,1.290658137936681e-05
1,0.8122857142857143,0.001688607961529723
2,0.8714285714285714,0.0043154215830481955
3,0.8938571428571429,1.9939332310377925e-05
