Iteration,Accuracy,Weight Decay
0,0.683,0.08650002400378849
1,0.6775714285714286,0.07650004178437256
2,0.6955714285714286,0.06650005956495662
3,0.7948571428571428,0.05650007734554069
4,0.6828571428571428,0.046500095126124755
5,0.8254285714285714,0.03650011290670882
6,0.8062857142857143,0.026500130687292886
7,0.7827142857142857,0.01650014846787695
8,0.8235714285714286,0.006500166248461017
9,0.8834285714285715,-0.003499815970954903
