Iteration,Accuracy,Weight Decay
0,0.659,0.002297389418863703
1,0.7752857142857142,8.389211088232821e-05
2,0.8168571428571428,3.0634276498817596e-06
3,0.8341428571428572,1.118649759477795e-07
