Iteration,Accuracy,Weight Decay
0,0.8715714285714286,0.0033261644067418524
1,0.8904285714285715,0.0032068193700727343
2,0.9154285714285715,0.0030874743334036153
3,0.9262857142857143,0.0029681292967344963
