Iteration,Accuracy,Weight Decay
0,0.7777777777777778,0.0722504203169805
1,0.8116591928251121,0.052563218514838285
2,0.8395615346287992,0.03600096937970277
3,0.8440458395615347,0.02256367291157395
4,0.8639760837070254,0.012251329110451837
5,0.8694569008470354,0.005063937976336426
6,0.8649725959143,0.0010014995092277146
7,0.8774289985052317,6.401370912570431e-05
