Iteration,Accuracy,Weight Decay
0,0.6557142857142857,0.07482254476706554
1,0.7437142857142857,0.05852257374941756
2,0.7977142857142857,0.04422259917565277
3,0.834,0.03192262104577116
4,0.874,0.021622639359772756
5,0.8835714285714286,0.013322654117657533
6,0.8938571428571429,0.007022665319425497
7,0.8962857142857142,0.0027226729650766464
8,0.8597142857142858,0.00042267705461097914
9,0.9115714285714286,0.0001226775880285013
