Iteration,Accuracy,Weight Decay
0,0.6342800199302442,0.0722504203169805
1,0.7767812655705032,0.052563218514838285
2,0.8300946686596911,0.03600096937970277
3,0.8654708520179372,0.02256367291157395
4,0.8819133034379671,0.012251329110451837
5,0.8878923766816144,0.005063937976336426
6,0.8978574987543597,0.0010014995092277146
7,0.8948679621325362,6.401370912570431e-05
