Iteration,Accuracy,Weight Decay
0,0.7792725460886896,0.09706882132280426
1,0.8081714000996513,0.09046519793170772
2,0.8435475834578974,0.07310626521668034
3,0.8295964125560538,0.04378320141530977
4,0.8674638764324863,0.018243790724546134
5,0.8799202790234181,0.006010088662594013
6,0.8809167912306926,0.0018001084090777473
7,0.8883906327852517,0.0005235193184478273
