Iteration,Accuracy,Weight Decay
0,0.5471428571428572,0.016739508918050823
1,0.7027142857142857,0.004453867730520001
2,0.7511428571428571,0.0011850370197883447
3,0.785,0.0003153018507141175
4,0.8287142857142857,8.389211088232821e-05
5,0.8177142857142857,2.2321106750096656e-05
6,0.8368571428571429,5.938958995179634e-06
7,0.8354285714285714,1.5801740631105742e-06
8,0.8275714285714286,4.204356473506604e-07
9,0.8175714285714286,1.118649759477795e-07
