Iteration,Accuracy,Weight Decay
0,0.7728571428571429,0.05112258690704978
1,0.7622857142857142,0.021622639359772756
2,0.8312857142857143,0.004622669586765671
3,0.9098571428571428,0.0001226775880285013
