Iteration,Accuracy,Weight Decay
0,0.6871838111298483,0.041773682891187935
1,0.7782462057335582,0.018334280241060232
2,0.7984822934232715,0.008046832567607796
3,0.8347386172006745,0.003531718372347135
4,0.8414839797639123,0.001550055199580515
5,0.8541315345699831,0.0006803122073830045
