Iteration,Accuracy,Weight Decay
0,0.6457399103139013,0.0021662148186092503
1,0.7752864972595914,0.00013853064713068898
2,0.8051818634778276,2.614075325142553e-05
3,0.8535127055306427,0.0017624349020558677
4,0.8574987543597409,0.00033241287879029534
5,0.8654708520179372,0.0002188845884235037
6,0.8689586447433981,3.422435037396174e-05
7,0.8664673642252118,0.0007978291714518649
