Iteration,Accuracy,Weight Decay
0,0.7907142857142857,0.05112258690704978
1,0.8167142857142857,0.021622639359772756
2,0.852,0.004622669586765671
3,0.8644285714285714,0.0001226775880285013
