Iteration,Accuracy,Weight Decay
0,0.639080459770115,2.4313285004204436e-08
1,0.7783908045977012,1.7640969257885612e-07
2,0.7908045977011494,3.199267137797384e-07
3,0.8032183908045977,3.96396275506239e-05
4,0.8101149425287356,0.0005580305251442092
5,0.8036781609195403,1.5487250883917444e-05
6,0.8404597701149426,6.0274239009094145e-05
7,0.8303448275862069,1.3530477745798077e-08
