Iteration,Accuracy,Weight Decay
0,0.6751428571428572,0.0033977714287433238
1,0.6702857142857143,0.003350033414075676
2,0.628,0.0033022953994080286
3,0.6247142857142857,0.003254557384740381
4,0.695,0.0032068193700727343
5,0.7535714285714286,0.0031590813554050867
6,0.7502857142857143,0.003111343340737439
7,0.7538571428571429,0.0030636053260697915
8,0.763,0.003015867311402144
9,0.7688571428571429,0.0029681292967344963
