Iteration,Accuracy,Weight Decay
0,0.6022857142857143,0.05112258690704978
1,0.7525714285714286,0.021622639359772756
2,0.745,0.004622669586765671
3,0.696,0.0001226775880285013
