Iteration,Accuracy,Weight Decay
0,0.7293423271500843,0.06801802122791924
1,0.8355817875210793,0.043527664608961875
2,0.8625632377740303,0.02455315407535525
3,0.8827993254637436,0.011094489627099403
4,0.893760539629005,0.0031516712641943057
5,0.8794266441821248,0.0007246989866399735
