Iteration,Accuracy,Weight Decay
0,0.7389138016940707,0.09455040875321775
1,0.7458893871449925,0.08247266789928005
2,0.7867463876432487,0.06545137301945098
3,0.8141504733432985,0.04607786196076218
4,0.8400597907324364,0.02730157616058396
5,0.8639760837070254,0.011981034924538829
6,0.8689586447433981,0.002448651774762514
7,0.8739412057797707,0.00015564563454001894
