Iteration,Accuracy,Weight Decay
0,0.5181863477827603,0.09455040875321775
1,0.34628799202790234,0.08247266789928005
2,0.3238664673642252,0.06545137301945098
3,0.3328350772296961,0.04607786196076218
4,0.3786746387643249,0.02730157616058396
5,0.4499252615844544,0.011981034924538829
6,0.5774788241155954,0.002448651774762514
7,0.6532137518684604,0.00015564563454001894
