Iteration,Accuracy,Weight Decay
0,0.7588532883642496,0.09254828078406145
1,0.8077571669477235,0.07381604081063549
2,0.8549747048903878,0.04879807301935227
3,0.8558178752107926,0.024197921676153977
4,0.8650927487352446,0.006607177467133997
5,0.8903878583473862,0.0007392660973616683
