Iteration,Accuracy,Weight Decay
0,0.752,0.05112258690704978
1,0.8365714285714285,0.021622639359772756
2,0.8905714285714286,0.004622669586765671
3,0.9148571428571428,0.0001226775880285013
