Iteration,Accuracy,Weight Decay
0,0.8332857142857143,0.002297389418863703
1,0.8654285714285714,8.389211088232821e-05
2,0.884,3.0634276498817596e-06
3,0.8922857142857142,1.118649759477795e-07
