Iteration,Accuracy,Weight Decay
0,0.7802690582959642,6.743647540355345e-05
1,0.8186347782760339,0.00014016173205182498
2,0.8639760837070254,4.803533114625662e-05
3,0.8774289985052317,0.002908004887475539
4,0.8913801694070752,0.00020993719551909375
5,0.9018435475834579,0.009345369318736734
6,0.905829596412556,0.0007266812447451727
7,0.9018435475834579,8.360062193502971e-05
