Iteration,Accuracy,Weight Decay
0,0.7445714285714286,0.09746673418161543
1,0.7575714285714286,0.09340111078410944
2,0.8134285714285714,0.0838891336884537
3,0.8372857142857143,0.06570110725289291
4,0.8471428571428572,0.041338346412298756
5,0.8522857142857143,0.020587178380980863
6,0.8558571428571429,0.00870673956906492
7,0.8757142857142857,0.0033896881950003137
8,0.874,0.0012744104865876579
9,0.8898571428571429,0.00047274822582090244
