Iteration,Accuracy,Weight Decay
0,0.7563237774030354,0.09254828078406145
1,0.7883642495784149,0.07381604081063549
2,0.8465430016863407,0.04879807301935227
3,0.8693086003372681,0.024197921676153977
4,0.8929173693086003,0.006607177467133997
5,0.893760539629005,0.0007392660973616683
