Iteration,Accuracy,Weight Decay
0,0.661,0.0715000506746646
1,0.6878571428571428,0.046500095126124755
2,0.6771428571428572,0.021500139577584912
3,0.6677142857142857,-0.003499815970954903
