Iteration,Accuracy,Weight Decay
0,0.5999003487792726,0.09706882132280426
1,0.617339312406577,0.09046519793170772
2,0.5495764823119084,0.07310626521668034
3,0.6547085201793722,0.04378320141530977
4,0.7065271549576483,0.018243790724546134
5,0.8236173393124065,0.006010088662594013
6,0.8300946686596911,0.0018001084090777473
7,0.8251121076233184,0.0005235193184478273
