Iteration,Accuracy,Weight Decay
0,0.7304434479322371,0.0019651531060601536
1,0.7892376681614349,0.0018458080693910348
2,0.8036870951669158,0.0017264630327219162
3,0.8500249128051819,0.0016071179960527975
4,0.872446437468859,0.0014877729593836787
5,0.8739412057797707,0.00136842792271456
6,0.8913801694070752,0.0012490828860454411
7,0.8928749377179871,0.0011297378493763223
