Iteration,Accuracy,Weight Decay
0,0.7382857142857143,0.08650002400378849
1,0.6971428571428572,0.07650004178437256
2,0.6682857142857143,0.06650005956495662
3,0.6584285714285715,0.05650007734554069
4,0.6852857142857143,0.046500095126124755
5,0.6607142857142857,0.03650011290670882
6,0.7064285714285714,0.026500130687292886
7,0.7567142857142857,0.01650014846787695
8,0.8012857142857143,0.006500166248461017
9,0.7157142857142857,-0.003499815970954903
