Iteration,Accuracy,Weight Decay
0,0.6854974704890388,0.0003139551541520559
1,0.7655986509274874,0.00019461011748293712
2,0.806070826306914,7.526508081381837e-05
3,0.8010118043844857,-4.4079955855300356e-05
4,0.7875210792580101,-0.0001634249925244192
5,0.8204047217537943,-0.0002827700291935379
