Iteration,Accuracy,Weight Decay
0,0.7219730941704036,0.09455040875321775
1,0.794718485301445,0.08247266789928005
2,0.8131539611360239,0.06545137301945098
3,0.8749377179870453,0.04607786196076218
4,0.8873941205779771,0.02730157616058396
5,0.898355754857997,0.011981034924538829
6,0.9003487792725461,0.002448651774762514
7,0.8888888888888888,0.00015564563454001894
