Iteration,Accuracy,Weight Decay
0,0.6475714285714286,0.0006141474649807392
1,0.8071428571428572,0.0001027461890653683
2,0.8377142857142857,0.00017639086879325927
3,0.8184285714285714,0.0022866541462527416
4,0.8927142857142857,0.005763407887415337
5,0.8625714285714285,0.0003737683322344842
6,0.9042857142857142,0.0027278130772963173
7,0.9001428571428571,2.5059833584618874e-05
8,0.8975714285714286,0.00019557945700477582
9,0.9104285714285715,9.159615678377278e-05
