Iteration,Accuracy,Weight Decay
0,0.7742899850523169,0.09706882132280426
1,0.8355754857997011,0.09046519793170772
2,0.8664673642252118,0.07310626521668034
3,0.8639760837070254,0.04378320141530977
4,0.874439461883408,0.018243790724546134
5,0.8794220229197808,0.006010088662594013
6,0.8958644743398106,0.0018001084090777473
7,0.8963627304434479,0.0005235193184478273
