Iteration,Accuracy,Weight Decay
0,0.5918571428571429,0.05112258690704978
1,0.7594285714285715,0.021622639359772756
2,0.8324285714285714,0.004622669586765671
3,0.8888571428571429,0.0001226775880285013
