Iteration,Accuracy,Weight Decay
0,0.670344827586207,2.4313285004204436e-08
1,0.7783908045977012,1.7640969257885612e-07
2,0.7811494252873563,3.199267137797384e-07
3,0.7820689655172414,3.96396275506239e-05
4,0.7940229885057472,0.0005580305251442092
5,0.8432183908045977,1.5487250883917444e-05
6,0.8501149425287357,6.0274239009094145e-05
7,0.8639080459770115,1.3530477745798077e-08
