Iteration,Accuracy,Weight Decay
0,0.6450252951096122,0.08245960944858459
1,0.7875210792580101,0.06591207119253231
2,0.8204047217537943,0.049364532936480035
3,0.8642495784148398,0.03281699468042776
4,0.8819561551433389,0.01626945642437548
5,0.8811129848229342,-0.00027808183167679634
