Iteration,Accuracy,Weight Decay
0,0.771,0.002297389418863703
1,0.8195714285714286,8.389211088232821e-05
2,0.821,3.0634276498817596e-06
3,0.8618571428571429,1.118649759477795e-07
