Iteration,Accuracy,Weight Decay
0,0.5721428571428572,0.0071340919757048255
1,0.6454285714285715,1.7697434982290845e-06
2,0.718,0.00023777479666081832
3,0.7671428571428571,0.001284764685431755
4,0.7652857142857142,0.00277374762232651
5,0.7885714285714286,0.003298654464196375
6,0.7725714285714286,0.00258257950735642
7,0.773,0.001485072748559495
8,0.7871428571428571,0.0013682422858920349
9,0.8238571428571428,0.0019179102616724
