Iteration,Accuracy,Weight Decay
0,0.6188870151770658,0.06801802122791924
1,0.8178752107925801,0.043527664608961875
2,0.8701517706576728,0.02455315407535525
3,0.8853288364249579,0.011094489627099403
4,0.8836424957841484,0.0031516712641943057
5,0.8946037099494097,0.0007246989866399735
