Iteration,Accuracy,Weight Decay
0,0.6172006745362564,4.815297862032934e-06
1,0.7487352445193929,0.0004982290216050967
2,0.8313659359190556,1.409240098658793e-07
3,0.8743676222596964,0.00013713943858997027
4,0.8827993254637436,2.192787454395522e-07
5,0.8870151770657673,1.6297508346206433e-08
