Iteration,Accuracy,Weight Decay
0,0.7582857142857143,0.0071340919757048255
1,0.8027142857142857,1.7697434982290845e-06
2,0.8157142857142857,0.00023777479666081832
3,0.8521428571428571,0.001284764685431755
4,0.8537142857142858,0.00277374762232651
5,0.8647142857142858,0.003298654464196375
6,0.8792857142857143,0.00258257950735642
7,0.8838571428571429,0.001485072748559495
8,0.8912857142857142,0.0013682422858920349
9,0.8988571428571429,0.0019179102616724
