Iteration,Accuracy,Weight Decay
0,0.6935724962630793,0.0722504203169805
1,0.783756851021425,0.052563218514838285
2,0.8604882909815645,0.03600096937970277
3,0.872446437468859,0.02256367291157395
4,0.8898854010961634,0.012251329110451837
5,0.8943697060288989,0.005063937976336426
6,0.9033383158943697,0.0010014995092277146
7,0.8978574987543597,6.401370912570431e-05
