Iteration,Accuracy,Weight Decay
0,0.6063776781265571,5.2848704898025644e-05
1,0.6238166417538615,1.9676347471489593e-05
2,0.6900847035376183,0.00030656543500292964
3,0.7085201793721974,0.00012920668236473284
4,0.7085201793721974,0.0044600237824012675
5,0.7329347284504235,0.001152573062194989
6,0.7354260089686099,3.018283994682508e-05
7,0.770802192326856,6.182319644826948e-05
