Iteration,Accuracy,Weight Decay
0,0.7522857142857143,0.0033977714287433238
1,0.7584285714285715,0.003350033414075676
2,0.799,0.0033022953994080286
3,0.7582857142857143,0.003254557384740381
4,0.8205714285714286,0.0032068193700727343
5,0.814,0.0031590813554050867
6,0.8154285714285714,0.003111343340737439
7,0.821,0.0030636053260697915
8,0.7371428571428571,0.003015867311402144
9,0.8168571428571428,0.0029681292967344963
