Iteration,Accuracy,Weight Decay
0,0.6652613827993255,0.00031395515415205585
1,0.7284991568296796,0.00019461011748293712
2,0.8026981450252951,7.526508081381834e-05
3,0.836424957841484,-4.407995585530041e-05
4,0.8414839797639123,-0.00016342499252441916
5,0.872681281618887,-0.0002827700291935379
