Iteration,Accuracy,Weight Decay
0,0.7563237774030354,0.09254828078406145
1,0.8431703204047217,0.07381604081063549
2,0.8693086003372681,0.04879807301935227
3,0.8794266441821248,0.024197921676153977
4,0.903035413153457,0.006607177467133997
5,0.9038785834738617,0.0007392660973616683
