Iteration,Accuracy,Weight Decay
0,0.7200674536256324,0.09623406949124648
1,0.806070826306914,0.08285422480701589
2,0.8650927487352446,0.047877320869366004
3,0.872681281618887,0.015206179604296877
4,0.8819561551433389,0.003819399833108084
5,0.8752107925801011,0.0013164192457227669
