Iteration,Accuracy,Weight Decay
0,0.7074198988195616,0.08245960944858459
1,0.7664418212478921,0.06591207119253231
2,0.8600337268128162,0.049364532936480035
3,0.8861720067453626,0.03281699468042776
4,0.8920741989881956,0.01626945642437548
5,0.8777403035413154,-0.00027808183167679634
