Iteration,Accuracy,Weight Decay
0,0.6290050590219224,0.09254828078406145
1,0.7133220910623946,0.07381604081063549
2,0.8440134907251264,0.04879807301935227
3,0.8802698145025295,0.024197921676153977
4,0.8929173693086003,0.006607177467133997
5,0.9097807757166948,0.0007392660973616683
