Iteration,Accuracy,Weight Decay
0,0.708,0.0715000506746646
1,0.7625714285714286,0.046500095126124755
2,0.782,0.021500139577584912
3,0.853,-0.003499815970954903
