Iteration,Accuracy,Weight Decay
0,0.7887142857142857,0.08126216613380753
1,0.8298571428571428,0.04451338310406878
2,0.8627142857142858,0.010978637918546164
3,0.906,0.0003021294961929753
