Iteration,Accuracy,Weight Decay
0,0.809,2.869377067127777e-06
1,0.8962857142857142,0.00277374762232651
2,0.9158571428571428,0.00190932807667502
3,0.9294285714285714,0.0019179102616724
