Iteration,Accuracy,Weight Decay
0,0.7862481315396114,0.0007924828983539
1,0.8490284005979073,0.00019812203523477496
2,0.8664673642252118,1.7073526474706922e-06
3,0.877927254608869,0.00043789432981655344
4,0.8873941205779771,0.0008342823480416806
5,0.8903836571998007,6.949760391706498e-06
6,0.8928749377179871,0.0089021508544503
7,0.9003487792725461,0.0006579332246575
