Iteration,Accuracy,Weight Decay
0,0.7148571428571429,0.08126216613380753
1,0.78,0.04451338310406878
2,0.834,0.010978637918546164
3,0.8954285714285715,0.0003021294961929753
