Iteration,Accuracy,Weight Decay
0,0.7232857142857143,2.869377067127777e-06
1,0.828,0.00277374762232651
2,0.7111428571428572,0.00190932807667502
3,0.85,0.0019179102616724
