Iteration,Accuracy,Weight Decay
0,0.7932237169905332,0.0019651531060601536
1,0.8276033881415047,0.0018458080693910348
2,0.8340807174887892,0.0017264630327219162
3,0.8634778276033881,0.0016071179960527975
4,0.8699551569506726,0.0014877729593836787
5,0.8739412057797707,0.00136842792271456
6,0.8714499252615845,0.0012490828860454411
7,0.8709516691579472,0.0011297378493763223
