Iteration,Accuracy,Weight Decay
0,0.8051818634778276,0.0722504203169805
1,0.8295964125560538,0.052563218514838285
2,0.8295964125560538,0.03600096937970277
3,0.8579970104633782,0.02256367291157395
4,0.8639760837070254,0.012251329110451837
5,0.8714499252615845,0.005063937976336426
6,0.8754359740906826,0.0010014995092277146
7,0.8749377179870453,6.401370912570431e-05
