Iteration,Accuracy,Weight Decay
0,0.6437468858993523,0.0019651531060601536
1,0.7115097159940209,0.0018458080693910348
2,0.7623318385650224,0.0017264630327219162
3,0.8231190832087693,0.0016071179960527975
4,0.8535127055306427,0.0014877729593836787
5,0.8510214250124564,0.00136842792271456
6,0.8659691081215745,0.0012490828860454411
7,0.8809167912306926,0.0011297378493763223
