Iteration,Accuracy,Weight Decay
0,0.7138571428571429,1.1136945974199098e-05
1,0.8248571428571428,0.0001355365755453561
2,0.8738571428571429,0.0037606329316776993
3,0.8957142857142857,0.007476183671435119
4,0.9027142857142857,1.2544701376084985e-05
5,0.9077142857142857,0.005913443337741954
6,0.9165714285714286,0.00018245591451716592
7,0.9211428571428572,0.001054611541696972
8,0.9287142857142857,1.281328064470458e-05
9,0.9252857142857143,0.0003742688598366852
