Iteration,Accuracy,Weight Decay
0,0.7603388141504733,0.0722504203169805
1,0.7992027902341804,0.052563218514838285
2,0.8221225710014948,0.03600096937970277
3,0.8415545590433483,0.02256367291157395
4,0.8545092177379173,0.012251329110451837
5,0.8674638764324863,0.005063937976336426
6,0.8699551569506726,0.0010014995092277146
7,0.8709516691579472,6.401370912570431e-05
