Iteration,Accuracy,Weight Decay
0,0.42750373692077726,0.08500022719836783
1,0.5087194818136522,0.07250041653034103
2,0.5829596412556054,0.06000060586231423
3,0.7075236671649228,0.047500795194287425
4,0.7792725460886896,0.03500098452626062
5,0.8116591928251121,0.022501173858233817
6,0.8360737419033383,0.010001363190207016
7,0.84853014449427,-0.0024984474778197846
