Iteration,Accuracy,Weight Decay
0,0.6391231028667791,4.815297862032934e-06
1,0.7217537942664418,0.0004982290216050967
2,0.8052276559865092,1.409240098658793e-07
3,0.8161888701517707,0.00013713943858997027
4,0.8397976391231029,2.192787454395522e-07
5,0.8330522765598651,1.6297508346206433e-08
