Iteration,Accuracy,Weight Decay
0,0.6079258010118044,0.08245960944858459
1,0.7006745362563238,0.06591207119253231
2,0.7951096121416527,0.049364532936480035
3,0.8625632377740303,0.03281699468042776
4,0.8870151770657673,0.01626945642437548
5,0.8954468802698144,-0.00027808183167679634
