Iteration,Accuracy,Weight Decay
0,0.6442857142857142,0.002297389418863703
1,0.6701428571428572,8.389211088232821e-05
2,0.6838571428571428,3.0634276498817596e-06
3,0.69,1.118649759477795e-07
