Iteration,Accuracy,Weight Decay
0,0.3482810164424514,0.08500022719836783
1,0.4808171400099651,0.07250041653034103
2,0.617339312406577,0.06000060586231423
3,0.6437468858993523,0.047500795194287425
4,0.7922272047832586,0.03500098452626062
5,0.8390632785251619,0.022501173858233817
6,0.866965620328849,0.010001363190207016
7,0.833582461385152,-0.0024984474778197846
