Iteration,Accuracy,Weight Decay
0,0.7386172006745363,0.000714770463686342
1,0.7571669477234402,0.000714770463686342
2,0.8524451939291737,0.000714770463686342
3,0.8591905564924115,0.000714770463686342
4,0.8743676222596964,0.000714770463686342
5,0.8853288364249579,0.000714770463686342
