Iteration,Accuracy,Weight Decay
0,0.77,0.0033261644067418524
1,0.8081428571428572,0.0032068193700727343
2,0.8704285714285714,0.0030874743334036153
3,0.8964285714285715,0.0029681292967344963
