Iteration,Accuracy,Weight Decay
0,0.4449427005480817,0.08500022719836783
1,0.42501245640259094,0.07250041653034103
2,0.41006477329347285,0.06000060586231423
3,0.4803188839063279,0.047500795194287425
4,0.4808171400099651,0.03500098452626062
5,0.5097159940209267,0.022501173858233817
6,0.5954160438465371,0.010001363190207016
7,0.5849526656701545,-0.0024984474778197846
