Iteration,Accuracy,Weight Decay
0,0.591,0.08650002400378849
1,0.5502857142857143,0.07650004178437256
2,0.5454285714285714,0.06650005956495662
3,0.5524285714285714,0.05650007734554069
4,0.6105714285714285,0.046500095126124755
5,0.633,0.03650011290670882
6,0.6047142857142858,0.026500130687292886
7,0.6801428571428572,0.01650014846787695
8,0.7467142857142857,0.006500166248461017
9,0.6727142857142857,-0.003499815970954903
