Iteration,Accuracy,Weight Decay
0,0.646896551724138,1.0116174326368985e-05
1,0.6652873563218391,0.007718544000621073
2,0.7852873563218391,0.000114163212742254
3,0.7917241379310345,0.0011187158458094107
4,0.8206896551724138,0.000484157792769603
5,0.8294252873563218,1.2018691905990444e-05
6,0.8413793103448276,7.117028011114192e-05
7,0.8597701149425288,2.579876852506853e-05
