Iteration,Accuracy,Weight Decay
0,0.6070826306913997,0.0003139551541520559
1,0.7689713322091062,0.00019461011748293712
2,0.8052276559865092,7.526508081381837e-05
3,0.8069139966273187,-4.4079955855300356e-05
4,0.8026981450252951,-0.0001634249925244192
5,0.815345699831366,-0.0002827700291935379
