Iteration,Accuracy,Weight Decay
0,0.6188870151770658,4.815297862032934e-06
1,0.7234401349072512,0.0004982290216050967
2,0.7976391231028668,1.409240098658793e-07
3,0.857504215851602,0.00013713943858997027
4,0.8440134907251264,2.192787454395522e-07
5,0.863406408094435,1.6297508346206433e-08
