Iteration,Accuracy,Weight Decay
0,0.5278246205733558,0.09623406949124648
1,0.6138279932546374,0.08285422480701589
2,0.6753794266441822,0.047877320869366004
3,0.7546374367622259,0.015206179604296877
4,0.8650927487352446,0.003819399833108084
5,0.9097807757166948,0.0013164192457227669
