Iteration,Accuracy,Weight Decay
0,0.7259696458684655,0.000714770463686342
1,0.811973018549747,0.000714770463686342
2,0.851602023608769,0.000714770463686342
3,0.8735244519392917,0.000714770463686342
4,0.8811129848229342,0.000714770463686342
5,0.9021922428330523,0.000714770463686342
