Iteration,Accuracy,Weight Decay
0,0.6973018549747049,0.08245960944858459
1,0.7833052276559865,0.06591207119253231
2,0.836424957841484,0.049364532936480035
3,0.866779089376054,0.03281699468042776
4,0.8811129848229342,0.01626945642437548
5,0.8693086003372681,-0.00027808183167679634
