Iteration,Accuracy,Weight Decay
0,0.519080459770115,2.649330549203226e-05
1,0.7949425287356322,4.017271253350871e-05
2,0.8119540229885057,2.167740481892735e-05
3,0.799080459770115,1.1137672989516842e-05
4,0.8151724137931035,1.4358257791825791e-05
5,0.8073563218390805,0.00026529027654518096
6,0.8239080459770115,2.6701425362593754e-05
7,0.8335632183908046,0.0008428515614021582
