Iteration,Accuracy,Weight Decay
0,0.688026981450253,2.5951183170674588e-05
1,0.7344013490725126,0.0021224728964880472
2,0.7917369308600337,0.00017810888619033543
3,0.8001686340640809,0.0008288098444577358
4,0.8338954468802698,0.0007101598794385968
5,0.8676222596964587,0.0004993617479833232
