Iteration,Accuracy,Weight Decay
0,0.7673143996013951,0.018925488238263552
1,0.8161434977578476,0.0047270079827679235
2,0.8664673642252118,0.0011806619828161344
3,0.8814150473343298,0.00029489324383393244
4,0.8794220229197808,7.365531077021373e-05
5,0.8943697060288989,1.8396843325823638e-05
6,0.9008470353761834,4.594968656242079e-06
7,0.9048330842052815,1.1476825984711098e-06
