Iteration,Accuracy,Weight Decay
0,0.7834285714285715,0.0715000506746646
1,0.8417142857142857,0.046500095126124755
2,0.8674285714285714,0.021500139577584912
3,0.8747142857142857,-0.003499815970954903
