Iteration,Accuracy,Weight Decay
0,0.6772413793103448,5.95501370565999e-05
1,0.776551724137931,5.95501370565999e-05
2,0.7645977011494253,5.95501370565999e-05
3,0.7972413793103448,5.95501370565999e-05
4,0.8473563218390805,5.95501370565999e-05
5,0.8459770114942529,5.95501370565999e-05
6,0.8827586206896552,5.95501370565999e-05
7,0.8891954022988505,5.95501370565999e-05
