Iteration,Accuracy,Weight Decay
0,0.6322857142857143,0.016739508918050823
1,0.6292857142857143,0.004453867730520001
2,0.6178571428571429,0.0011850370197883447
3,0.6165714285714285,0.0003153018507141175
4,0.6104285714285714,8.389211088232821e-05
5,0.6232857142857143,2.2321106750096656e-05
6,0.6301428571428571,5.938958995179634e-06
7,0.6318571428571429,1.5801740631105742e-06
8,0.6314285714285715,4.204356473506604e-07
9,0.6714285714285714,1.118649759477795e-07
