Iteration,Accuracy,Weight Decay
0,0.8072857142857143,0.00044211351733506964
1,0.7744285714285715,0.002517128503245477
2,0.7997142857142857,0.0009570908943715289
3,0.9034285714285715,0.0013701076939346005
