Iteration,Accuracy,Weight Decay
0,0.6625714285714286,1.1925000122388455e-05
1,0.7458571428571429,0.0029116464574275866
2,0.8002857142857143,0.006410544171228778
3,0.8981428571428571,0.0004978116365735811
