Iteration,Accuracy,Weight Decay
0,0.7577011494252873,0.09758873462566528
1,0.7347126436781609,0.09206087565809365
2,0.783448275862069,0.07686626273076962
3,0.8059770114942528,0.04878077964178075
4,0.8036781609195403,0.021463298276688195
5,0.8229885057471265,0.007297885666078564
6,0.8101149425287356,0.002246374197986428
7,0.8128735632183908,0.0006960224417668763
