Iteration,Accuracy,Weight Decay
0,0.6163575042158516,0.09623406949124648
1,0.6627318718381113,0.08285422480701589
2,0.7276559865092749,0.047877320869366004
3,0.857504215851602,0.015206179604296877
4,0.8768971332209107,0.003819399833108084
5,0.8844856661045531,0.0013164192457227669
