Iteration,Accuracy,Weight Decay
0,0.6795952782462057,0.041773682891187935
1,0.7462057335581788,0.018334280241060232
2,0.7841483979763912,0.008046832567607796
3,0.8279932546374368,0.003531718372347135
4,0.7419898819561551,0.001550055199580515
5,0.8676222596964587,0.0006803122073830045
