Iteration,Accuracy,Weight Decay
0,0.7748735244519392,0.000714770463686342
1,0.784991568296796,0.000714770463686342
2,0.8566610455311973,0.000714770463686342
3,0.8870151770657673,0.000714770463686342
4,0.8887015177065767,0.000714770463686342
5,0.903035413153457,0.000714770463686342
