Iteration,Accuracy,Weight Decay
0,0.6913996627318718,0.0003139551541520559
1,0.7790893760539629,0.00019461011748293712
2,0.8145025295109612,7.526508081381837e-05
3,0.8347386172006745,-4.4079955855300356e-05
4,0.8693086003372681,-0.0001634249925244192
5,0.8701517706576728,-0.0002827700291935379
