Iteration,Accuracy,Weight Decay
0,0.6841056302939711,0.09455040875321775
1,0.7538614848031888,0.08247266789928005
2,0.8046836073741903,0.06545137301945098
3,0.8031888390632785,0.04607786196076218
4,0.8186347782760339,0.02730157616058396
5,0.8340807174887892,0.011981034924538829
6,0.8525161933233683,0.002448651774762514
7,0.8560039860488291,0.00015564563454001894
