Iteration,Accuracy,Weight Decay
0,0.4598903836571998,0.09455040875321775
1,0.3418036870951669,0.08247266789928005
2,0.32486297957149973,0.06545137301945098
3,0.3731938216243149,0.04607786196076218
4,0.42152466367713004,0.02730157616058396
5,0.43099152964623816,0.011981034924538829
6,0.5844544095665172,0.002448651774762514
7,0.7055306427503737,0.00015564563454001894
