Iteration,Accuracy,Weight Decay
0,0.7120079720976582,0.0019651531060601536
1,0.656203288490284,0.0018458080693910348
2,0.7832585949177877,0.0017264630327219162
3,0.8560039860488291,0.0016071179960527975
4,0.8654708520179372,0.0014877729593836787
5,0.8789237668161435,0.00136842792271456
6,0.8948679621325362,0.0012490828860454411
7,0.8963627304434479,0.0011297378493763223
