Iteration,Accuracy,Weight Decay
0,0.6736930860033726,0.0003139551541520559
1,0.6871838111298483,0.00019461011748293712
2,0.7622259696458684,7.526508081381837e-05
3,0.8271500843170321,-4.4079955855300356e-05
4,0.8549747048903878,-0.0001634249925244192
5,0.8465430016863407,-0.0002827700291935379
