Iteration,Accuracy,Weight Decay
0,0.714,0.08956689623880071
1,0.7337142857142858,0.041338346412298756
2,0.7905714285714286,0.005468299804777157
3,0.8184285714285714,0.00047274822582090244
