Iteration,Accuracy,Weight Decay
0,0.6905564924114671,0.000714770463686342
1,0.8026981450252951,0.000714770463686342
2,0.845699831365936,0.000714770463686342
3,0.872681281618887,0.000714770463686342
4,0.8979763912310287,0.000714770463686342
5,0.8811129848229342,0.000714770463686342
