Iteration,Accuracy,Weight Decay
0,0.6202857142857143,0.016739508918050823
1,0.5862857142857143,0.004453867730520001
2,0.569,0.0011850370197883447
3,0.5578571428571428,0.0003153018507141175
4,0.6542857142857142,8.389211088232821e-05
5,0.6654285714285715,2.2321106750096656e-05
6,0.6634285714285715,5.938958995179634e-06
7,0.6622857142857143,1.5801740631105742e-06
8,0.6631428571428571,4.204356473506604e-07
9,0.666,1.118649759477795e-07
