Iteration,Accuracy,Weight Decay
0,0.739460370994941,0.09254828078406145
1,0.8338954468802698,0.07381604081063549
2,0.8625632377740303,0.04879807301935227
3,0.8777403035413154,0.024197921676153977
4,0.8870151770657673,0.006607177467133997
5,0.8870151770657673,0.0007392660973616683
