Iteration,Accuracy,Weight Decay
0,0.5426008968609866,0.018925488238263552
1,0.5540607872446437,0.0047270079827679235
2,0.5734927752864972,0.0011806619828161344
3,0.600896860986547,0.00029489324383393244
4,0.6033881415047334,7.365531077021373e-05
5,0.6123567513702043,1.8396843325823638e-05
6,0.6193323368211261,4.594968656242079e-06
7,0.7309417040358744,1.1476825984711098e-06
