Iteration,Accuracy,Weight Decay
0,0.6703204047217538,0.08245960944858459
1,0.7613827993254637,0.06591207119253231
2,0.811973018549747,0.049364532936480035
3,0.8676222596964587,0.03281699468042776
4,0.8996627318718381,0.01626945642437548
5,0.8887015177065767,-0.00027808183167679634
