Iteration,Accuracy,Weight Decay
0,0.6174285714285714,0.016739508918050823
1,0.7555714285714286,0.004453867730520001
2,0.8371428571428572,0.0011850370197883447
3,0.88,0.0003153018507141175
4,0.895,8.389211088232821e-05
5,0.8988571428571429,2.2321106750096656e-05
6,0.9021428571428571,5.938958995179634e-06
7,0.9155714285714286,1.5801740631105742e-06
8,0.92,4.204356473506604e-07
9,0.9252857142857143,1.118649759477795e-07
