Iteration,Accuracy,Weight Decay
0,0.6408094435075885,0.000714770463686342
1,0.7715008431703204,0.000714770463686342
2,0.8347386172006745,0.000714770463686342
3,0.8625632377740303,0.000714770463686342
4,0.872681281618887,0.000714770463686342
5,0.8802698145025295,0.000714770463686342
