Iteration,Accuracy,Weight Decay
0,0.7301149425287357,2.4313285004204436e-08
1,0.7696551724137931,1.7640969257885612e-07
2,0.8257471264367816,3.199267137797384e-07
3,0.8363218390804598,3.96396275506239e-05
4,0.8312643678160919,0.0005580305251442092
5,0.8271264367816092,1.5487250883917444e-05
6,0.8262068965517242,6.0274239009094145e-05
7,0.8271264367816092,1.3530477745798077e-08
