Iteration,Accuracy,Weight Decay
0,0.7436762225969646,0.041773682891187935
1,0.8338954468802698,0.018334280241060232
2,0.8524451939291737,0.008046832567607796
3,0.8768971332209107,0.003531718372347135
4,0.8811129848229342,0.001550055199580515
5,0.8760539629005059,0.0006803122073830045
