Iteration,Accuracy,Weight Decay
0,0.6013951170901843,0.09455040875321775
1,0.5171898355754858,0.08247266789928005
2,0.5869456900847035,0.06545137301945098
3,0.6940707523667164,0.04607786196076218
4,0.6955655206776283,0.02730157616058396
5,0.7199800697558545,0.011981034924538829
6,0.8086696562032885,0.002448651774762514
7,0.8236173393124065,0.00015564563454001894
