Iteration,Accuracy,Weight Decay
0,0.5101180438448567,1.1502769495819109e-05
1,0.5885328836424958,0.007880966868718704
2,0.7209106239460371,0.00019242311733310224
3,0.8077571669477235,0.0015032395405208082
4,0.842327150084317,0.0008707737335911674
5,0.8735244519392917,1.553475129010585e-05
