Iteration,Accuracy,Weight Decay
0,0.2192326856003986,0.09455040875321775
1,0.3094170403587444,0.08247266789928005
2,0.2825112107623318,0.06545137301945098
3,0.32486297957149973,0.04607786196076218
4,0.36522172396611857,0.02730157616058396
5,0.57299451918286,0.011981034924538829
6,0.7279521674140508,0.002448651774762514
7,0.7678126557050324,0.00015564563454001894
