Iteration,Accuracy,Weight Decay
0,0.7972097658196313,0.0007924828983539
1,0.8470353761833582,0.00019812203523477496
2,0.8824115595416044,1.7073526474706922e-06
3,0.8963627304434479,0.00043789432981655344
4,0.8973592426507224,0.0008342823480416806
5,0.9023418036870952,6.949760391706498e-06
6,0.9023418036870952,0.0089021508544503
7,0.9118086696562033,0.0006579332246575
