Iteration,Accuracy,Weight Decay
0,0.417,0.07482254476706554
1,0.6018571428571429,0.05852257374941756
2,0.6128571428571429,0.04422259917565277
3,0.6235714285714286,0.03192262104577116
4,0.6322857142857143,0.021622639359772756
5,0.6441428571428571,0.013322654117657533
6,0.6752857142857143,0.007022665319425497
7,0.628,0.0027226729650766464
8,0.6947142857142857,0.00042267705461097914
9,0.7005714285714286,0.0001226775880285013
