Iteration,Accuracy,Weight Decay
0,0.30692575984055803,0.09706882132280426
1,0.3662182361733931,0.09046519793170772
2,0.4982561036372696,0.07310626521668034
3,0.6397608370702541,0.04378320141530977
4,0.8226208271051321,0.018243790724546134
5,0.8749377179870453,0.006010088662594013
6,0.8868958644743398,0.0018001084090777473
7,0.8898854010961634,0.0005235193184478273
