Iteration,Accuracy,Weight Decay
0,0.6786206896551724,2.4313285004204436e-08
1,0.7383908045977011,1.7640969257885612e-07
2,0.7774712643678161,3.199267137797384e-07
3,0.7894252873563219,3.96396275506239e-05
4,0.7981609195402298,0.0005580305251442092
5,0.8064367816091954,1.5487250883917444e-05
6,0.8174712643678161,6.0274239009094145e-05
7,0.8285057471264368,1.3530477745798077e-08
