Iteration,Accuracy,Weight Decay
0,0.6408094435075885,4.815297862032934e-06
1,0.7251264755480608,0.0004982290216050967
2,0.8026981450252951,1.409240098658793e-07
3,0.8532883642495784,0.00013713943858997027
4,0.8760539629005059,2.192787454395522e-07
5,0.8887015177065767,1.6297508346206433e-08
