Iteration,Accuracy,Weight Decay
0,0.825,0.05112258690704978
1,0.8791428571428571,0.021622639359772756
2,0.89,0.004622669586765671
3,0.894,0.0001226775880285013
