Iteration,Accuracy,Weight Decay
0,0.8056801195814649,0.0018831718262366502
1,0.8246138515196811,0.0007120568393130966
2,0.8619830592924763,0.000770384381842599
3,0.8844045839561535,0.0009287754562188494
4,0.8968609865470852,5.727884346999096e-05
5,0.9028400597907325,2.7126454596200555e-05
6,0.9053313403089188,0.001197327610871857
7,0.905829596412556,1.1399447464631244e-05
