Iteration,Accuracy,Weight Decay
0,0.8046836073741903,1.51465578557073e-06
1,0.8545092177379173,1.51465578557073e-06
2,0.8749377179870453,1.51465578557073e-06
3,0.8699551569506726,1.51465578557073e-06
4,0.8868958644743398,1.51465578557073e-06
5,0.8923766816143498,1.51465578557073e-06
6,0.8903836571998007,1.51465578557073e-06
7,0.8938714499252616,1.51465578557073e-06
