Iteration,Accuracy,Weight Decay
0,0.6891428571428572,0.07482254476706554
1,0.8018571428571428,0.05852257374941756
2,0.8612857142857143,0.04422259917565277
3,0.8707142857142857,0.03192262104577116
4,0.8802857142857143,0.021622639359772756
5,0.7662857142857142,0.013322654117657533
6,0.899,0.007022665319425497
7,0.9041428571428571,0.0027226729650766464
8,0.9187142857142857,0.00042267705461097914
9,0.9314285714285714,0.0001226775880285013
