Iteration,Accuracy,Weight Decay
0,0.7225714285714285,0.05112258690704978
1,0.6965714285714286,0.021622639359772756
2,0.7088571428571429,0.004622669586765671
3,0.8137142857142857,0.0001226775880285013
