Iteration,Accuracy,Weight Decay
0,0.6048829098156452,0.0722504203169805
1,0.452914798206278,0.052563218514838285
2,0.6108619830592925,0.03600096937970277
3,0.5062282012954659,0.02256367291157395
4,0.6586945690084703,0.012251329110451837
5,0.6721474838066767,0.005063937976336426
6,0.7289486796213254,0.0010014995092277146
7,0.7259591429995017,6.401370912570431e-05
