Iteration,Accuracy,Weight Decay
0,0.5640809443507588,4.815297862032934e-06
1,0.7276559865092749,0.0004982290216050967
2,0.8237774030354131,1.409240098658793e-07
3,0.8532883642495784,0.00013713943858997027
4,0.8591905564924115,2.192787454395522e-07
5,0.897133220910624,1.6297508346206433e-08
