Iteration,Accuracy,Weight Decay
0,0.6104553119730185,0.041773682891187935
1,0.6956155143338955,0.018334280241060232
2,0.760539629005059,0.008046832567607796
3,0.7925801011804384,0.003531718372347135
4,0.8086003372681282,0.001550055199580515
5,0.7352445193929174,0.0006803122073830045
