Iteration,Accuracy,Weight Decay
0,0.6557142857142857,0.002297389418863703
1,0.7641428571428571,8.389211088232821e-05
2,0.8085714285714286,3.0634276498817596e-06
3,0.8407142857142857,1.118649759477795e-07
