Iteration,Accuracy,Weight Decay
0,0.6551433389544689,0.00031395515415205585
1,0.7006745362563238,0.00019461011748293712
2,0.8102866779089376,7.526508081381834e-05
3,0.8524451939291737,-4.407995585530041e-05
4,0.8549747048903878,-0.00016342499252441916
5,0.8887015177065767,-0.0002827700291935379
