Iteration,Accuracy,Weight Decay
0,0.6888701517706577,0.08245960944858459
1,0.806070826306914,0.06591207119253231
2,0.8625632377740303,0.049364532936480035
3,0.8802698145025295,0.03281699468042776
4,0.8962900505902193,0.01626945642437548
5,0.903035413153457,-0.00027808183167679634
