Iteration,Accuracy,Weight Decay
0,0.612141652613828,0.00020554396795955524
1,0.7293423271500843,0.008328867180442106
2,0.8170320404721754,0.00012805635824716564
3,0.8279932546374368,0.0027043851359227424
4,0.857504215851602,9.076351937921803e-05
5,0.8558178752107926,4.130674629404766e-05
