Iteration,Accuracy,Weight Decay
0,0.6871838111298483,0.000714770463686342
1,0.7731871838111298,0.000714770463686342
2,0.8372681281618887,0.000714770463686342
3,0.8397976391231029,0.000714770463686342
4,0.8263069139966274,0.000714770463686342
5,0.8617200674536256,0.000714770463686342
