Iteration,Accuracy,Weight Decay
0,0.8047142857142857,3.3142003547966e-05
1,0.8828571428571429,0.0013090298086644982
2,0.9081428571428571,0.00019449338383722436
3,0.9265714285714286,4.834020711170947e-05
