Iteration,Accuracy,Weight Decay
0,0.37714285714285717,0.05112258690704978
1,0.3982857142857143,0.021622639359772756
2,0.5608571428571428,0.004622669586765671
3,0.8088571428571428,0.0001226775880285013
