Iteration,Accuracy,Weight Decay
0,0.6231028667790893,0.0027874766348507745
1,0.7639123102866779,2.179179104424617e-05
2,0.806070826306914,4.011601519604198e-05
3,0.8549747048903878,0.00010587908122412262
4,0.8777403035413154,2.800962045249522e-05
5,0.8785834738617201,0.0007262527033828814
