Iteration,Accuracy,Weight Decay
0,0.6758571428571428,0.016739508918050823
1,0.7497142857142857,0.004453867730520001
2,0.8288571428571428,0.0011850370197883447
3,0.8335714285714285,0.0003153018507141175
4,0.8525714285714285,8.389211088232821e-05
5,0.8721428571428571,2.2321106750096656e-05
6,0.8908571428571429,5.938958995179634e-06
7,0.9055714285714286,1.5801740631105742e-06
8,0.9064285714285715,4.204356473506604e-07
9,0.9115714285714286,1.118649759477795e-07
