Iteration,Accuracy,Weight Decay
0,0.6477142857142857,3.376170414610639e-05
1,0.49042857142857144,0.00048105535219052206
2,0.8384285714285714,0.0005134819313580434
3,0.8927142857142857,0.0014925531349812044
