Iteration,Accuracy,Weight Decay
0,0.6342800199302442,0.0007924828983539
1,0.6058794220229198,0.00019812203523477496
2,0.6198305929247633,1.7073526474706922e-06
3,0.6018933731938216,0.00043789432981655344
4,0.5884404583956153,0.0008342823480416806
5,0.6273044344793224,6.949760391706498e-06
6,0.5112107623318386,0.0089021508544503
7,0.731938216243149,0.0006579332246575
