Iteration,Accuracy,Weight Decay
0,0.6775714285714286,5.683630061889934e-05
1,0.7202857142857143,0.0005569851758608267
2,0.745,0.0012268611510332416
3,0.7407142857142858,0.0001157668279486398
4,0.7278571428571429,0.0026183868202965463
5,0.7314285714285714,3.511220331509093e-05
6,0.7577142857142857,0.0005913901504341967
7,0.7832857142857143,6.2679169608372e-05
8,0.7864285714285715,1.1222605648721359e-05
9,0.8165714285714286,6.267542884314202e-05
