Iteration,Accuracy,Weight Decay
0,0.591,0.0033977714287433238
1,0.6477142857142857,0.003350033414075676
2,0.6485714285714286,0.0033022953994080286
3,0.6564285714285715,0.003254557384740381
4,0.6688571428571428,0.0032068193700727343
5,0.6727142857142857,0.0031590813554050867
6,0.6697142857142857,0.003111343340737439
7,0.6461428571428571,0.0030636053260697915
8,0.66,0.003015867311402144
9,0.6664285714285715,0.0029681292967344963
