Iteration,Accuracy,Weight Decay
0,0.7712857142857142,0.08956689623880071
1,0.8035714285714286,0.041338346412298756
2,0.8635714285714285,0.005468299804777157
3,0.889,0.00047274822582090244
