Iteration,Accuracy,Weight Decay
0,0.49057142857142855,0.05112258690704978
1,0.7355714285714285,0.021622639359772756
2,0.7771428571428571,0.004622669586765671
3,0.6958571428571428,0.0001226775880285013
