Iteration,Accuracy,Weight Decay
0,0.48,5.99030482063902e-05
1,0.48,-5.944198846272858e-05
2,0.7471264367816092,-0.00017878702513184734
3,0.7609195402298851,-0.0002981320618009661
4,0.840919540229885,-0.00041747709847008487
5,0.8519540229885058,-0.0005368221351392036
6,0.856551724137931,-0.0006561671718083224
7,0.8758620689655172,-0.0007755122084774412
