Iteration,Accuracy,Weight Decay
0,0.7103448275862069,2.4313285004204436e-08
1,0.7448275862068966,1.7640969257885612e-07
2,0.7760919540229885,3.199267137797384e-07
3,0.7540229885057471,3.96396275506239e-05
4,0.8091954022988506,0.0005580305251442092
5,0.8128735632183908,1.5487250883917444e-05
6,0.8285057471264368,6.0274239009094145e-05
7,0.8381609195402299,1.3530477745798077e-08
