Iteration,Accuracy,Weight Decay
0,0.7543597409068261,0.09455040875321775
1,0.7982062780269058,0.08247266789928005
2,0.8325859491778774,0.06545137301945098
3,0.8290981564524166,0.04607786196076218
4,0.8420528151469856,0.02730157616058396
5,0.8455406078724464,0.011981034924538829
6,0.8659691081215745,0.002448651774762514
7,0.8789237668161435,0.00015564563454001894
