Iteration,Accuracy,Weight Decay
0,0.6392625809666168,0.0019651531060601536
1,0.7050323866467364,0.0018458080693910348
2,0.7219730941704036,0.0017264630327219162
3,0.7693074240159442,0.0016071179960527975
4,0.7797708021923269,0.0014877729593836787
5,0.8221225710014948,0.00136842792271456
6,0.8375685102142502,0.0012490828860454411
7,0.8455406078724464,0.0011297378493763223
