Iteration,Accuracy,Weight Decay
0,0.7259591429995017,0.09706882132280426
1,0.7713004484304933,0.09046519793170772
2,0.807673143996014,0.07310626521668034
3,0.8370702541106129,0.04378320141530977
4,0.8465371200797209,0.018243790724546134
5,0.8659691081215745,0.006010088662594013
6,0.8674638764324863,0.0018001084090777473
7,0.8754359740906826,0.0005235193184478273
