Iteration,Accuracy,Weight Decay
0,0.7951428571428572,0.002297389418863703
1,0.8098571428571428,8.389211088232821e-05
2,0.8784285714285714,3.0634276498817596e-06
3,0.8995714285714286,1.118649759477795e-07
