Iteration,Accuracy,Weight Decay
0,0.5261584454409567,0.09455040875321775
1,0.5799701046337817,0.08247266789928005
2,0.6532137518684604,0.06545137301945098
3,0.6756352765321375,0.04607786196076218
4,0.6970602889885401,0.02730157616058396
5,0.8016940707523668,0.011981034924538829
6,0.8415545590433483,0.002448651774762514
7,0.8216243148978575,0.00015564563454001894
