Iteration,Accuracy,Weight Decay
0,0.4200298953662182,0.09455040875321775
1,0.4434479322371699,0.08247266789928005
2,0.6093672147483806,0.06545137301945098
3,0.7179870453413054,0.04607786196076218
4,0.7922272047832586,0.02730157616058396
5,0.8550074738415545,0.011981034924538829
6,0.8829098156452416,0.002448651774762514
7,0.8799202790234181,0.00015564563454001894
