Iteration,Accuracy,Weight Decay
0,0.7937219730941704,0.0019651531060601536
1,0.8589935226706528,0.0018458080693910348
2,0.8769307424015944,0.0017264630327219162
3,0.8883906327852517,0.0016071179960527975
4,0.8928749377179871,0.0014877729593836787
5,0.9013452914798207,0.00136842792271456
6,0.9048330842052815,0.0012490828860454411
7,0.9088191330343797,0.0011297378493763223
