Iteration,Accuracy,Weight Decay
0,0.6956155143338955,0.000714770463686342
1,0.815345699831366,0.000714770463686342
2,0.8642495784148398,0.000714770463686342
3,0.8929173693086003,0.000714770463686342
4,0.8996627318718381,0.000714770463686342
5,0.9072512647554806,0.000714770463686342
