Iteration,Accuracy,Weight Decay
0,0.7268128161888702,0.041773682891187935
1,0.815345699831366,0.018334280241060232
2,0.8507588532883642,0.008046832567607796
3,0.8861720067453626,0.003531718372347135
4,0.8844856661045531,0.001550055199580515
5,0.9013490725126475,0.0006803122073830045
