Iteration,Accuracy,Weight Decay
0,0.8275714285714286,1.0153992927782773e-05
1,0.8607142857142858,1.3976151615513297e-05
2,0.8811428571428571,0.0017441380964885599
3,0.821,0.004880600021857673
4,0.8927142857142857,0.0010972991742234364
5,0.9037142857142857,0.00022472963475548503
6,0.9175714285714286,0.0004022621150469209
7,0.9155714285714286,0.00020059999038816317
8,0.9157142857142857,3.162352489302578e-05
9,0.9325714285714286,6.203763484240781e-05
