Iteration,Accuracy,Weight Decay
0,0.6155714285714285,0.09746673418161543
1,0.6625714285714286,0.09340111078410944
2,0.7212857142857143,0.0838891336884537
3,0.7661428571428571,0.06570110725289291
4,0.7174285714285714,0.041338346412298756
5,0.756,0.020587178380980863
6,0.8024285714285714,0.00870673956906492
7,0.8407142857142857,0.0033896881950003137
8,0.8688571428571429,0.0012744104865876579
9,0.8655714285714285,0.00047274822582090244
