Iteration,Accuracy,Weight Decay
0,0.7717142857142857,0.08126216613380753
1,0.8271428571428572,0.04451338310406878
2,0.8668571428571429,0.010978637918546164
3,0.8954285714285715,0.0003021294961929753
