Iteration,Accuracy,Weight Decay
0,0.6897133220910624,0.000714770463686342
1,0.7866779089376054,0.000714770463686342
2,0.836424957841484,0.000714770463686342
3,0.8642495784148398,0.000714770463686342
4,0.8709949409780776,0.000714770463686342
5,0.8532883642495784,0.000714770463686342
