Iteration,Accuracy,Weight Decay
0,0.41853512705530643,0.08500022719836783
1,0.34678624813153963,0.07250041653034103
2,0.38913801694070754,0.06000060586231423
3,0.3866467364225212,0.047500795194287425
4,0.3901345291479821,0.03500098452626062
5,0.4120577977080219,0.022501173858233817
6,0.49377179870453414,0.010001363190207016
7,0.6791230692575984,-0.0024984474778197846
