Iteration,Accuracy,Weight Decay
0,0.7194818136522172,0.0007924828983539
1,0.7972097658196313,0.00019812203523477496
2,0.8071748878923767,1.7073526474706922e-06
3,0.8435475834578974,0.00043789432981655344
4,0.85949177877429,0.0008342823480416806
5,0.8584952665670155,6.949760391706498e-06
6,0.8624813153961136,0.0089021508544503
7,0.8624813153961136,0.0006579332246575
