Iteration,Accuracy,Weight Decay
0,0.5020689655172413,2.0817418921093596e-05
1,0.7305747126436781,0.00011441958177155613
2,0.7471264367816092,1.2274325401193116e-05
3,0.7940229885057472,0.00042286834128540734
4,0.791264367816092,0.0023206449426307636
5,0.8101149425287356,0.0012259096285685772
6,0.8165517241379311,0.00010348624479493072
7,0.8225287356321839,0.00014428193199846436
