Iteration,Accuracy,Weight Decay
0,0.7831428571428571,0.002297389418863703
1,0.8097142857142857,8.389211088232821e-05
2,0.8691428571428571,3.0634276498817596e-06
3,0.9044285714285715,1.118649759477795e-07
