Iteration,Accuracy,Weight Decay
0,0.7493771798704534,1.51465578557073e-06
1,0.8460388639760837,1.51465578557073e-06
2,0.8639760837070254,1.51465578557073e-06
3,0.8814150473343298,1.51465578557073e-06
4,0.8883906327852517,1.51465578557073e-06
5,0.8923766816143498,1.51465578557073e-06
6,0.8903836571998007,1.51465578557073e-06
7,0.8948679621325362,1.51465578557073e-06
