Iteration,Accuracy,Weight Decay
0,0.7834285714285715,0.00562358350530102
1,0.8712857142857143,3.430919749487561e-05
2,0.883,1.513763673454618e-05
3,0.8852857142857142,2.0998663664104132e-05
