Iteration,Accuracy,Weight Decay
0,0.7580101180438449,0.09623406949124648
1,0.7841483979763912,0.08285422480701589
2,0.8566610455311973,0.047877320869366004
3,0.8608768971332209,0.015206179604296877
4,0.8920741989881956,0.003819399833108084
5,0.8903878583473862,0.0013164192457227669
