Iteration,Accuracy,Weight Decay
0,0.5261382799325464,0.09623406949124648
1,0.6146711635750421,0.08285422480701589
2,0.6585160202360877,0.047877320869366004
3,0.7352445193929174,0.015206179604296877
4,0.8650927487352446,0.003819399833108084
5,0.897133220910624,0.0013164192457227669
