Iteration,Accuracy,Weight Decay
0,0.7688571428571429,0.0033977714287433238
1,0.8282857142857143,0.003350033414075676
2,0.8535714285714285,0.0033022953994080286
3,0.8805714285714286,0.003254557384740381
4,0.9044285714285715,0.0032068193700727343
5,0.8951428571428571,0.0031590813554050867
6,0.9111428571428571,0.003111343340737439
7,0.9145714285714286,0.0030636053260697915
8,0.9164285714285715,0.003015867311402144
9,0.9174285714285715,0.0029681292967344963
