Iteration,Accuracy,Weight Decay
0,0.6938571428571428,0.08126216613380753
1,0.7297142857142858,0.04451338310406878
2,0.8214285714285714,0.010978637918546164
3,0.8975714285714286,0.0003021294961929753
