Iteration,Accuracy,Weight Decay
0,0.5965714285714285,0.09746673418161543
1,0.5682857142857143,0.09340111078410944
2,0.5457142857142857,0.0838891336884537
3,0.6698571428571428,0.06570110725289291
4,0.6732857142857143,0.041338346412298756
5,0.6884285714285714,0.020587178380980863
6,0.7217142857142858,0.00870673956906492
7,0.7617142857142857,0.0033896881950003137
8,0.7654285714285715,0.0012744104865876579
9,0.7758571428571429,0.00047274822582090244
