Iteration,Accuracy,Weight Decay
0,0.5351724137931034,0.0007843966997050218
1,0.7687356321839081,0.0001065633332777375
2,0.7977011494252874,1.0590311848548617e-05
3,0.8151724137931035,0.0008691363383156425
4,0.8239080459770115,4.162449018707358e-05
5,0.8289655172413793,0.00022800589592250224
6,0.8303448275862069,0.008103908782742393
7,0.8455172413793104,0.0071395872351633066
