Iteration,Accuracy,Weight Decay
0,0.8074285714285714,0.002297389418863703
1,0.836,8.389211088232821e-05
2,0.8977142857142857,3.0634276498817596e-06
3,0.9155714285714286,1.118649759477795e-07
