Iteration,Accuracy,Weight Decay
0,0.6318571428571429,0.08650002400378849
1,0.6057142857142858,0.07650004178437256
2,0.5552857142857143,0.06650005956495662
3,0.5521428571428572,0.05650007734554069
4,0.5627142857142857,0.046500095126124755
5,0.6237142857142857,0.03650011290670882
6,0.6388571428571429,0.026500130687292886
7,0.7305714285714285,0.01650014846787695
8,0.7595714285714286,0.006500166248461017
9,0.6542857142857142,-0.003499815970954903
