Iteration,Accuracy,Weight Decay
0,0.7494285714285714,0.07482254476706554
1,0.7632857142857142,0.05852257374941756
2,0.8004285714285714,0.04422259917565277
3,0.8042857142857143,0.03192262104577116
4,0.8301428571428572,0.021622639359772756
5,0.8012857142857143,0.013322654117657533
6,0.8475714285714285,0.007022665319425497
7,0.8782857142857143,0.0027226729650766464
8,0.9027142857142857,0.00042267705461097914
9,0.9172857142857143,0.0001226775880285013
