Iteration,Accuracy,Weight Decay
0,0.7561428571428571,0.09746673418161543
1,0.727,0.09340111078410944
2,0.8442857142857143,0.0838891336884537
3,0.8411428571428572,0.06570110725289291
4,0.8738571428571429,0.041338346412298756
5,0.8677142857142857,0.020587178380980863
6,0.9014285714285715,0.00870673956906492
7,0.9184285714285715,0.0033896881950003137
8,0.9192857142857143,0.0012744104865876579
9,0.9304285714285714,0.00047274822582090244
