Iteration,Accuracy,Weight Decay
0,0.6023916292974589,0.09455040875321775
1,0.4648729446935725,0.08247266789928005
2,0.5067264573991032,0.06545137301945098
3,0.6203288490284006,0.04607786196076218
4,0.6576980568011959,0.02730157616058396
5,0.7309417040358744,0.011981034924538829
6,0.8036870951669158,0.002448651774762514
7,0.794718485301445,0.00015564563454001894
