Iteration,Accuracy,Weight Decay
0,0.49379310344827587,0.0060576984327223365
1,0.7075862068965517,0.00012852169486064346
2,0.7526436781609196,0.0001418928430196142
3,0.7839080459770115,6.776647891673194e-05
4,0.7963218390804597,0.0002455829608204705
5,0.7820689655172414,0.0001488027037502985
6,0.8206896551724138,4.518298365149736e-05
7,0.8119540229885057,1.3127052037775996e-05
