Iteration,Accuracy,Weight Decay
0,0.65,0.08956689623880071
1,0.5941428571428572,0.041338346412298756
2,0.6724285714285714,0.005468299804777157
3,0.6747142857142857,0.00047274822582090244
