Iteration,Accuracy,Weight Decay
0,0.5834738617200674,0.004137461367230378
1,0.5935919055649241,0.0005345382892920066
2,0.5826306913996627,0.0010416783847855336
3,0.836424957841484,0.002769627096345341
4,0.8465430016863407,8.130419326021948e-05
5,0.8625632377740303,0.001666734471880535
