Iteration,Accuracy,Weight Decay
0,0.6096121416526138,4.815297862032934e-06
1,0.7057335581787522,0.0004982290216050967
2,0.7799325463743676,1.409240098658793e-07
3,0.8330522765598651,0.00013713943858997027
4,0.8608768971332209,2.192787454395522e-07
5,0.8870151770657673,1.6297508346206433e-08
