Iteration,Accuracy,Weight Decay
0,0.7881428571428571,0.006346637385815467
1,0.7555714285714286,0.00039161868797428343
2,0.8094285714285714,0.00047401398746234195
3,0.8348571428571429,4.7123648063392436e-05
