Iteration,Accuracy,Weight Decay
0,0.7144992526158446,0.09706882132280426
1,0.8251121076233184,0.09046519793170772
2,0.833582461385152,0.07310626521668034
3,0.8644743398106627,0.04378320141530977
4,0.872446437468859,0.018243790724546134
5,0.8759342301943199,0.006010088662594013
6,0.8918784255107125,0.0018001084090777473
7,0.8958644743398106,0.0005235193184478273
