Iteration,Accuracy,Weight Decay
0,0.5952782462057336,0.041773682891187935
1,0.7967959527824621,0.018334280241060232
2,0.8608768971332209,0.008046832567607796
3,0.887858347386172,0.003531718372347135
4,0.9055649241146712,0.001550055199580515
5,0.9072512647554806,0.0006803122073830045
