Iteration,Accuracy,Weight Decay
0,0.624813153961136,0.018925488238263552
1,0.7055306427503737,0.0047270079827679235
2,0.7992027902341804,0.0011806619828161344
3,0.7917289486796213,0.00029489324383393244
4,0.7852516193323368,7.365531077021373e-05
5,0.8016940707523668,1.8396843325823638e-05
6,0.8101644245142003,4.594968656242079e-06
7,0.820627802690583,1.1476825984711098e-06
