Iteration,Accuracy,Weight Decay
0,0.7188571428571429,0.09557017170827971
1,0.8335714285714285,0.08698157789648651
2,0.8657142857142858,0.07477297827681818
3,0.8422857142857143,0.06013943564236318
4,0.8352857142857143,0.04451338310406878
5,0.865,0.029424407557493124
6,0.8661428571428571,0.01634952306020954
7,0.8777142857142857,0.006568590404889097
8,0.9075714285714286,0.0010390354275995517
9,0.907,0.0003021294961929753
