Iteration,Accuracy,Weight Decay
0,0.565,0.0715000506746646
1,0.7545714285714286,0.046500095126124755
2,0.7464285714285714,0.021500139577584912
3,0.7085714285714285,-0.003499815970954903
