Iteration,Accuracy,Weight Decay
0,0.6292857142857143,0.08126216613380753
1,0.7831428571428571,0.04451338310406878
2,0.7894285714285715,0.010978637918546164
3,0.8701428571428571,0.0003021294961929753
