Iteration,Accuracy,Weight Decay
0,0.5084317032040472,0.09254828078406145
1,0.5084317032040472,0.07381604081063549
2,0.5084317032040472,0.04879807301935227
3,0.5084317032040472,0.024197921676153977
4,0.5084317032040472,0.006607177467133997
5,0.5084317032040472,0.0007392660973616683
