Iteration,Accuracy,Weight Decay
0,0.6001428571428571,0.09746673418161543
1,0.5537142857142857,0.09340111078410944
2,0.5457142857142857,0.0838891336884537
3,0.626,0.06570110725289291
4,0.6322857142857143,0.041338346412298756
5,0.629,0.020587178380980863
6,0.6458571428571429,0.00870673956906492
7,0.6521428571428571,0.0033896881950003137
8,0.6462857142857142,0.0012744104865876579
9,0.6481428571428571,0.00047274822582090244
