Iteration,Accuracy,Weight Decay
0,0.612141652613828,0.09254828078406145
1,0.6922428330522765,0.07381604081063549
2,0.7588532883642496,0.04879807301935227
3,0.7799325463743676,0.024197921676153977
4,0.8836424957841484,0.006607177467133997
5,0.8811129848229342,0.0007392660973616683
