Iteration,Accuracy,Weight Decay
0,0.5491428571428572,0.05112258690704978
1,0.6732857142857143,0.021622639359772756
2,0.761,0.004622669586765671
3,0.7992857142857143,0.0001226775880285013
