Iteration,Accuracy,Weight Decay
0,0.42501245640259094,0.0722504203169805
1,0.3418036870951669,0.052563218514838285
2,0.4349775784753363,0.03600096937970277
3,0.465869456900847,0.02256367291157395
4,0.4633781763826607,0.012251329110451837
5,0.5480817140009965,0.005063937976336426
6,0.5690084703537618,0.0010014995092277146
7,0.6233183856502242,6.401370912570431e-05
