Iteration,Accuracy,Weight Decay
0,0.6304285714285714,0.0071340919757048255
1,0.7728571428571429,1.7697434982290845e-06
2,0.8597142857142858,0.00023777479666081832
3,0.861,0.001284764685431755
4,0.8617142857142858,0.00277374762232651
5,0.8957142857142857,0.003298654464196375
6,0.8878571428571429,0.00258257950735642
7,0.9117142857142857,0.001485072748559495
8,0.9085714285714286,0.0013682422858920349
9,0.8997142857142857,0.0019179102616724
