Iteration,Accuracy,Weight Decay
0,0.7497142857142857,0.016739508918050823
1,0.6985714285714286,0.004453867730520001
2,0.7477142857142857,0.0011850370197883447
3,0.7547142857142857,0.0003153018507141175
4,0.8654285714285714,8.389211088232821e-05
5,0.8851428571428571,2.2321106750096656e-05
6,0.895,5.938958995179634e-06
7,0.9132857142857143,1.5801740631105742e-06
8,0.9185714285714286,4.204356473506604e-07
9,0.9127142857142857,1.118649759477795e-07
