Iteration,Accuracy,Weight Decay
0,0.5625311410064773,0.0019651531060601536
1,0.5495764823119084,0.0018458080693910348
2,0.554559043348281,0.0017264630327219162
3,0.5226706527154957,0.0016071179960527975
4,0.5411061285500748,0.0014877729593836787
5,0.6253114100647733,0.00136842792271456
6,0.6567015445939213,0.0012490828860454411
7,0.7269556552067763,0.0011297378493763223
