Iteration,Accuracy,Weight Decay
0,0.6371428571428571,0.09557017170827971
1,0.707,0.08698157789648651
2,0.7611428571428571,0.07477297827681818
3,0.765,0.06013943564236318
4,0.8195714285714286,0.04451338310406878
5,0.8778571428571429,0.029424407557493124
6,0.8865714285714286,0.01634952306020954
7,0.8634285714285714,0.006568590404889097
8,0.8791428571428571,0.0010390354275995517
9,0.8898571428571429,0.0003021294961929753
