Iteration,Accuracy,Weight Decay
0,0.6896551724137931,5.99030482063902e-05
1,0.7622988505747127,-5.944198846272857e-05
2,0.8041379310344827,-0.00017878702513184736
3,0.8211494252873563,-0.0002981320618009661
4,0.8519540229885058,-0.0004174770984700848
5,0.8708045977011494,-0.0005368221351392036
6,0.8777011494252873,-0.0006561671718083224
7,0.8855172413793103,-0.0007755122084774412
