Iteration,Accuracy,Weight Decay
0,0.7954285714285714,0.0042237146787103596
1,0.835,0.006377480608812312
2,0.8224285714285714,0.00035866809872924345
3,0.9,3.171699819409314e-05
4,0.8328571428571429,0.00018147539455743306
5,0.9121428571428571,0.0016545887975410263
6,0.9144285714285715,0.00296421879259583
7,0.9188571428571428,0.004091348458094651
8,0.8961428571428571,0.00024940210815719015
9,0.9261428571428572,6.891041244762106e-05
