Iteration,Accuracy,Weight Decay
0,0.82,0.09557017170827971
1,0.8612857142857143,0.08698157789648651
2,0.8502857142857143,0.07477297827681818
3,0.8681428571428571,0.06013943564236318
4,0.8532857142857143,0.04451338310406878
5,0.8911428571428571,0.029424407557493124
6,0.4687142857142857,0.01634952306020954
7,0.9051428571428571,0.006568590404889097
8,0.845,0.0010390354275995517
9,0.9178571428571428,0.0003021294961929753
