Iteration,Accuracy,Weight Decay
0,0.6467116357504216,0.0003139551541520559
1,0.7504215851602024,0.00019461011748293712
2,0.8128161888701517,7.526508081381837e-05
3,0.8676222596964587,-4.4079955855300356e-05
4,0.8693086003372681,-0.0001634249925244192
5,0.8836424957841484,-0.0002827700291935379
