Iteration,Accuracy,Weight Decay
0,0.6500843170320405,0.002250231056414289
1,0.6441821247892074,0.0024363071130796736
2,0.7655986509274874,7.890069330653436e-05
3,0.7833052276559865,2.6142314471639963e-05
4,0.8220910623946037,0.00026280087501486974
5,0.8271500843170321,0.0023734040362944314
