Iteration,Accuracy,Weight Decay
0,0.7448928749377179,0.018925488238263552
1,0.8425510712506228,0.0047270079827679235
2,0.8455406078724464,0.0011806619828161344
3,0.8505231689088192,0.00029489324383393244
4,0.8435475834578974,7.365531077021373e-05
5,0.85401096163428,1.8396843325823638e-05
6,0.8599900348779272,4.594968656242079e-06
7,0.85949177877429,1.1476825984711098e-06
