Iteration,Accuracy,Weight Decay
0,0.5668965517241379,5.99030482063902e-05
1,0.6905747126436782,-5.944198846272857e-05
2,0.7475862068965518,-0.00017878702513184736
3,0.7724137931034483,-0.0002981320618009661
4,0.7301149425287357,-0.0004174770984700848
5,0.7963218390804597,-0.0005368221351392036
6,0.8087356321839081,-0.0006561671718083224
7,0.8101149425287356,-0.0007755122084774412
