Iteration,Accuracy,Weight Decay
0,0.515177065767285,5.7205922856173816e-05
1,0.5640809443507588,0.0003909112592021077
2,0.8026981450252951,0.0048191300693376845
3,0.7613827993254637,0.0022142179875371537
4,0.8246205733558178,0.00036342027722859884
5,0.8288364249578415,0.004761772507443282
