Iteration,Accuracy,Weight Decay
0,0.5542857142857143,0.08126216613380753
1,0.5437142857142857,0.04451338310406878
2,0.5201428571428571,0.010978637918546164
3,0.723,0.0003021294961929753
