Iteration,Accuracy,Weight Decay
0,0.5615346287992028,0.008251411081929663
1,0.49725959142999504,1.7470699094419097e-05
2,0.5465869456900847,0.009183305345843468
3,0.515695067264574,0.0031147064381484685
4,0.6198305929247633,4.7870481117068935e-05
5,0.6133532635774788,0.00690832229959373
6,0.6846038863976084,0.00016895238936220848
7,0.7000498256103638,0.0001050627208454278
