Iteration,Accuracy,Weight Decay
0,0.8011428571428572,0.0033261644067418524
1,0.8635714285714285,0.0032068193700727343
2,0.8991428571428571,0.0030874743334036153
3,0.9175714285714286,0.0029681292967344963
