Iteration,Accuracy,Weight Decay
0,0.6905829596412556,0.09455040875321775
1,0.7219730941704036,0.08247266789928005
2,0.7987045341305431,0.06545137301945098
3,0.8300946686596911,0.04607786196076218
4,0.8405580468360737,0.02730157616058396
5,0.8545092177379173,0.011981034924538829
6,0.8704534130543099,0.002448651774762514
7,0.874439461883408,0.00015564563454001894
