Iteration,Accuracy,Weight Decay
0,0.763328350772297,0.0019651531060601536
1,0.8176382660687593,0.0018458080693910348
2,0.8699551569506726,0.0017264630327219162
3,0.8784255107125062,0.0016071179960527975
4,0.8973592426507224,0.0014877729593836787
5,0.8958644743398106,0.00136842792271456
6,0.8993522670652716,0.0012490828860454411
7,0.8998505231689088,0.0011297378493763223
