Iteration,Accuracy,Weight Decay
0,0.30742401594419533,0.09706882132280426
1,0.30144494270054806,0.09046519793170772
2,0.4125560538116592,0.07310626521668034
3,0.37369207772795215,0.04378320141530977
4,0.45789735924265074,0.018243790724546134
5,0.5146985550572994,0.006010088662594013
6,0.5530642750373692,0.0018001084090777473
7,0.7698056801195815,0.0005235193184478273
