Iteration,Accuracy,Weight Decay
0,0.48,2.4313285004204436e-08
1,0.7098850574712644,1.7640969257885612e-07
2,0.7935632183908046,3.199267137797384e-07
3,0.8105747126436782,3.96396275506239e-05
4,0.8165517241379311,0.0005580305251442092
5,0.8349425287356322,1.5487250883917444e-05
6,0.8501149425287357,6.0274239009094145e-05
7,0.8528735632183908,1.3530477745798077e-08
