Iteration,Accuracy,Weight Decay
0,0.7318718381112985,0.09623406949124648
1,0.7824620573355818,0.08285422480701589
2,0.8263069139966274,0.047877320869366004
3,0.8583473861720068,0.015206179604296877
4,0.8591905564924115,0.003819399833108084
5,0.8532883642495784,0.0013164192457227669
