Iteration,Accuracy,Weight Decay
0,0.6088689586447434,0.08500022719836783
1,0.815146985550573,0.07250041653034103
2,0.852017937219731,0.06000060586231423
3,0.8475336322869955,0.047500795194287425
4,0.8844045839561535,0.03500098452626062
5,0.890881913303438,0.022501173858233817
6,0.8943697060288989,0.010001363190207016
7,0.8759342301943199,-0.0024984474778197846
