Iteration,Accuracy,Weight Decay
0,0.7310344827586207,2.4313285004204436e-08
1,0.751264367816092,1.7640969257885612e-07
2,0.7963218390804597,3.199267137797384e-07
3,0.8151724137931035,3.96396275506239e-05
4,0.8110344827586207,0.0005580305251442092
5,0.8151724137931035,1.5487250883917444e-05
6,0.8137931034482758,6.0274239009094145e-05
7,0.8220689655172414,1.3530477745798077e-08
