Iteration,Accuracy,Weight Decay
0,0.6711635750421585,0.0003139551541520559
1,0.7782462057335582,0.00019461011748293712
2,0.842327150084317,7.526508081381837e-05
3,0.8026981450252951,-4.4079955855300356e-05
4,0.8246205733558178,-0.0001634249925244192
5,0.8642495784148398,-0.0002827700291935379
