Iteration,Accuracy,Weight Decay
0,0.247,0.0033261644067418524
1,0.6482857142857142,0.0032068193700727343
2,0.707,0.0030874743334036153
3,0.669,0.0029681292967344963
