Iteration,Accuracy,Weight Decay
0,0.769814502529511,0.041773682891187935
1,0.8532883642495784,0.018334280241060232
2,0.8709949409780776,0.008046832567607796
3,0.8861720067453626,0.003531718372347135
4,0.9005059021922428,0.001550055199580515
5,0.897133220910624,0.0006803122073830045
