Iteration,Accuracy,Weight Decay
0,0.657,2.869377067127777e-06
1,0.6731428571428572,0.00277374762232651
2,0.629,0.00190932807667502
3,0.616,0.0019179102616724
