Iteration,Accuracy,Weight Decay
0,0.6408094435075885,0.000714770463686342
1,0.806070826306914,0.000714770463686342
2,0.7917369308600337,0.000714770463686342
3,0.851602023608769,0.000714770463686342
4,0.8709949409780776,0.000714770463686342
5,0.8903878583473862,0.000714770463686342
