Iteration,Accuracy,Weight Decay
0,0.7110114598903836,0.0722504203169805
1,0.820627802690583,0.052563218514838285
2,0.8525161933233683,0.03600096937970277
3,0.8644743398106627,0.02256367291157395
4,0.8714499252615845,0.012251329110451837
5,0.8819133034379671,0.005063937976336426
6,0.8933731938216243,0.0010014995092277146
7,0.8948679621325362,6.401370912570431e-05
