Iteration,Accuracy,Weight Decay
0,0.5248571428571429,0.07482254476706554
1,0.5122857142857142,0.05852257374941756
2,0.6038571428571429,0.04422259917565277
3,0.554,0.03192262104577116
4,0.6071428571428571,0.021622639359772756
5,0.6325714285714286,0.013322654117657533
6,0.7247142857142858,0.007022665319425497
7,0.7052857142857143,0.0027226729650766464
8,0.7304285714285714,0.00042267705461097914
9,0.7524285714285714,0.0001226775880285013
