Iteration,Accuracy,Weight Decay
0,0.6992857142857143,0.07482254476706554
1,0.7872857142857143,0.05852257374941756
2,0.8375714285714285,0.04422259917565277
3,0.8427142857142857,0.03192262104577116
4,0.8667142857142857,0.021622639359772756
5,0.8904285714285715,0.013322654117657533
6,0.9014285714285715,0.007022665319425497
7,0.9184285714285715,0.0027226729650766464
8,0.9197142857142857,0.00042267705461097914
9,0.9225714285714286,0.0001226775880285013
