Iteration,Accuracy,Weight Decay
0,0.7897359242650722,0.018925488238263552
1,0.8674638764324863,0.0047270079827679235
2,0.8699551569506726,0.0011806619828161344
3,0.874439461883408,0.00029489324383393244
4,0.8659691081215745,7.365531077021373e-05
5,0.872446437468859,1.8396843325823638e-05
6,0.8709516691579472,4.594968656242079e-06
7,0.8754359740906826,1.1476825984711098e-06
