Iteration,Accuracy,Weight Decay
0,0.7104285714285714,1.927759658068313e-05
1,0.768,0.0009580740832797256
2,0.8304285714285714,0.0029800674737139893
3,0.42942857142857144,0.002915804994607413
4,0.8698571428571429,0.0037045545323502868
5,0.8747142857142857,1.6422649635442902e-05
6,0.8872857142857142,6.910453672879218e-05
7,0.8864285714285715,0.002004852754647688
8,0.8804285714285714,0.008844604395075758
9,0.9038571428571428,3.6322055151516934e-05
