Iteration,Accuracy,Weight Decay
0,0.7495784148397976,0.06801802122791924
1,0.806070826306914,0.043527664608961875
2,0.8338954468802698,0.02455315407535525
3,0.8642495784148398,0.011094489627099403
4,0.8777403035413154,0.0031516712641943057
5,0.8887015177065767,0.0007246989866399735
