Iteration,Accuracy,Weight Decay
0,0.7202857142857143,0.003519690924823389
1,0.8201428571428572,1.9856516386256354e-05
2,0.8927142857142857,0.0067059004313489295
3,0.895,0.0038321463640772885
