Iteration,Accuracy,Weight Decay
0,0.5685102142501246,0.0019651531060601536
1,0.6113602391629297,0.0018458080693910348
2,0.6626806178375685,0.0017264630327219162
3,0.682112605879422,0.0016071179960527975
4,0.7110114598903836,0.0014877729593836787
5,0.7299451918285998,0.00136842792271456
6,0.7673143996013951,0.0012490828860454411
7,0.7882411559541604,0.0011297378493763223
