Iteration,Accuracy,Weight Decay
0,0.7327150084317032,0.041773682891187935
1,0.784991568296796,0.018334280241060232
2,0.8465430016863407,0.008046832567607796
3,0.8946037099494097,0.003531718372347135
4,0.9148397976391232,0.001550055199580515
5,0.9165261382799326,0.0006803122073830045
