Iteration,Accuracy,Weight Decay
0,0.7023608768971332,0.000714770463686342
1,0.7141652613827993,0.000714770463686342
2,0.7774030354131535,0.000714770463686342
3,0.8414839797639123,0.000714770463686342
4,0.8566610455311973,0.000714770463686342
5,0.8600337268128162,0.000714770463686342
