Iteration,Accuracy,Weight Decay
0,0.5822857142857143,0.0027012096349306957
1,0.6781428571428572,0.00018346257376383347
2,0.8438571428571429,0.0003781308264099618
3,0.8927142857142857,0.00010895661596670386
