Iteration,Accuracy,Weight Decay
0,0.7304434479322371,0.08500022719836783
1,0.817140009965122,0.07250041653034103
2,0.8390632785251619,0.06000060586231423
3,0.85401096163428,0.047500795194287425
4,0.877927254608869,0.03500098452626062
5,0.8873941205779771,0.022501173858233817
6,0.8943697060288989,0.010001363190207016
7,0.8709516691579472,-0.0024984474778197846
