Iteration,Accuracy,Weight Decay
0,0.6862857142857143,2.869377067127777e-06
1,0.8364285714285714,0.00277374762232651
2,0.8282857142857143,0.00190932807667502
3,0.853,0.0019179102616724
