Iteration,Accuracy,Weight Decay
0,0.6058794220229198,0.00011639237975169849
1,0.8455406078724464,0.008049237434257091
2,0.8560039860488291,1.7845249790487407e-05
3,0.8634778276033881,0.0027149166800500683
4,0.8814150473343298,4.874918306849391e-05
5,0.8849028400597907,0.0006256797454293364
6,0.8988540109616343,0.001389194206410564
7,0.9028400597907325,0.0014003971253415005
