Iteration,Accuracy,Weight Decay
0,0.52,5.95501370565999e-05
1,0.6262068965517241,5.95501370565999e-05
2,0.7632183908045977,5.95501370565999e-05
3,0.7857471264367816,5.95501370565999e-05
4,0.7940229885057472,5.95501370565999e-05
5,0.8147126436781609,5.95501370565999e-05
6,0.8239080459770115,5.95501370565999e-05
7,0.8349425287356322,5.95501370565999e-05
