Iteration,Accuracy,Weight Decay
0,0.6998571428571428,0.0715000506746646
1,0.7844285714285715,0.046500095126124755
2,0.868,0.021500139577584912
3,0.8632857142857143,-0.003499815970954903
