Iteration,Accuracy,Weight Decay
0,0.7377740303541316,0.09254828078406145
1,0.7976391231028668,0.07381604081063549
2,0.8448566610455311,0.04879807301935227
3,0.8583473861720068,0.024197921676153977
4,0.8650927487352446,0.006607177467133997
5,0.872681281618887,0.0007392660973616683
