Iteration,Accuracy,Weight Decay
0,0.772795216741405,0.0007924828983539
1,0.8574987543597409,0.00019812203523477496
2,0.8819133034379671,1.7073526474706922e-06
3,0.8839063278525162,0.00043789432981655344
4,0.890881913303438,0.0008342823480416806
5,0.8968609865470852,6.949760391706498e-06
6,0.8933731938216243,0.0089021508544503
7,0.9023418036870952,0.0006579332246575
