Iteration,Accuracy,Weight Decay
0,0.6744827586206896,2.4313285004204436e-08
1,0.767816091954023,1.7640969257885612e-07
2,0.791264367816092,3.199267137797384e-07
3,0.7839080459770115,3.96396275506239e-05
4,0.8004597701149425,0.0005580305251442092
5,0.8229885057471265,1.5487250883917444e-05
6,0.8101149425287356,6.0274239009094145e-05
7,0.8271264367816092,1.3530477745798077e-08
