Iteration,Accuracy,Weight Decay
0,0.7419898819561551,0.000714770463686342
1,0.8077571669477235,0.000714770463686342
2,0.8347386172006745,0.000714770463686342
3,0.8465430016863407,0.000714770463686342
4,0.8684654300168634,0.000714770463686342
5,0.8895446880269815,0.000714770463686342
