Iteration,Accuracy,Weight Decay
0,0.5331340308918784,0.08500022719836783
1,0.7867463876432487,0.07250041653034103
2,0.8231190832087693,0.06000060586231423
3,0.8405580468360737,0.047500795194287425
4,0.8769307424015944,0.03500098452626062
5,0.8918784255107125,0.022501173858233817
6,0.8973592426507224,0.010001363190207016
7,0.8804185351270553,-0.0024984474778197846
