Iteration,Accuracy,Weight Decay
0,0.37917289486796213,0.09706882132280426
1,0.3936223218734429,0.09046519793170772
2,0.5445939212755356,0.07310626521668034
3,0.6751370204285002,0.04378320141530977
4,0.8325859491778774,0.018243790724546134
5,0.8480318883906328,0.006010088662594013
6,0.8739412057797707,0.0018001084090777473
7,0.8839063278525162,0.0005235193184478273
