Iteration,Accuracy,Weight Decay
0,0.48,5.95501370565999e-05
1,0.7475862068965518,5.95501370565999e-05
2,0.7540229885057471,5.95501370565999e-05
3,0.7954022988505747,5.95501370565999e-05
4,0.8013793103448276,5.95501370565999e-05
5,0.8445977011494253,5.95501370565999e-05
6,0.8744827586206897,5.95501370565999e-05
7,0.8754022988505747,5.95501370565999e-05
