Iteration,Accuracy,Weight Decay
0,0.6736930860033726,0.06801802122791924
1,0.790893760539629,0.043527664608961875
2,0.8414839797639123,0.02455315407535525
3,0.8785834738617201,0.011094489627099403
4,0.8870151770657673,0.0031516712641943057
5,0.9038785834738617,0.0007246989866399735
