Iteration,Accuracy,Weight Decay
0,0.5671428571428572,0.0033977714287433238
1,0.6742857142857143,0.003350033414075676
2,0.7748571428571429,0.0033022953994080286
3,0.8045714285714286,0.003254557384740381
4,0.8232857142857143,0.0032068193700727343
5,0.8572857142857143,0.0031590813554050867
6,0.8454285714285714,0.003111343340737439
7,0.8912857142857142,0.0030636053260697915
8,0.902,0.003015867311402144
9,0.9025714285714286,0.0029681292967344963
