Iteration,Accuracy,Weight Decay
0,0.5615346287992028,0.09706882132280426
1,0.6268061783756851,0.09046519793170772
2,0.5809666168410563,0.07310626521668034
3,0.658196312904833,0.04378320141530977
4,0.8340807174887892,0.018243790724546134
5,0.8385650224215246,0.006010088662594013
6,0.8400597907324364,0.0018001084090777473
7,0.8271051320378675,0.0005235193184478273
