Iteration,Accuracy,Weight Decay
0,0.2884902840059791,0.09706882132280426
1,0.3303437967115097,0.09046519793170772
2,0.28400597907324365,0.07310626521668034
3,0.3931240657698057,0.04378320141530977
4,0.4857997010463378,0.018243790724546134
5,0.5296462381664175,0.006010088662594013
6,0.604384653712008,0.0018001084090777473
7,0.7428998505231689,0.0005235193184478273
