Iteration,Accuracy,Weight Decay
0,0.6848571428571428,0.08650002400378849
1,0.7345714285714285,0.07650004178437256
2,0.7874285714285715,0.06650005956495662
3,0.792,0.05650007734554069
4,0.8451428571428572,0.046500095126124755
5,0.8715714285714286,0.03650011290670882
6,0.8951428571428571,0.026500130687292886
7,0.8982857142857142,0.01650014846787695
8,0.9075714285714286,0.006500166248461017
9,0.9142857142857143,-0.003499815970954903
