Iteration,Accuracy,Weight Decay
0,0.4773293472845042,0.09706882132280426
1,0.5540607872446437,0.09046519793170772
2,0.6053811659192825,0.07310626521668034
3,0.7663178873941205,0.04378320141530977
4,0.7937219730941704,0.018243790724546134
5,0.8445440956651719,0.006010088662594013
6,0.8565022421524664,0.0018001084090777473
7,0.872446437468859,0.0005235193184478273
