Iteration,Accuracy,Weight Decay
0,0.8061783756851021,0.0019651531060601536
1,0.8345789735924265,0.0018458080693910348
2,0.852017937219731,0.0017264630327219162
3,0.866965620328849,0.0016071179960527975
4,0.8849028400597907,0.0014877729593836787
5,0.8903836571998007,0.00136842792271456
6,0.8938714499252616,0.0012490828860454411
7,0.8968609865470852,0.0011297378493763223
