Iteration,Accuracy,Weight Decay
0,0.16385714285714287,0.09557017170827971
1,0.5264285714285715,0.08698157789648651
2,0.4888571428571429,0.07477297827681818
3,0.6048571428571429,0.06013943564236318
4,0.627,0.04451338310406878
5,0.6395714285714286,0.029424407557493124
6,0.6467142857142857,0.01634952306020954
7,0.7695714285714286,0.006568590404889097
8,0.7737142857142857,0.0010390354275995517
9,0.7925714285714286,0.0003021294961929753
