Iteration,Accuracy,Weight Decay
0,0.6387643248629796,0.018925488238263552
1,0.6253114100647733,0.0047270079827679235
2,0.6571998006975586,0.0011806619828161344
3,0.682112605879422,0.00029489324383393244
4,0.7419033383158944,7.365531077021373e-05
5,0.7703039362232187,1.8396843325823638e-05
6,0.8141504733432985,4.594968656242079e-06
7,0.8181365221723966,1.1476825984711098e-06
