Iteration,Accuracy,Weight Decay
0,0.7688091679123069,0.0007924828983539
1,0.8261086198305929,0.00019812203523477496
2,0.8420528151469856,1.7073526474706922e-06
3,0.8475336322869955,0.00043789432981655344
4,0.8619830592924763,0.0008342823480416806
5,0.866965620328849,6.949760391706498e-06
6,0.8719481813652217,0.0089021508544503
7,0.8769307424015944,0.0006579332246575
