Iteration,Accuracy,Weight Decay
0,0.5868465430016864,2.3704036544622463e-05
1,0.612141652613828,3.318284008832605e-05
2,0.6812816188870152,0.002406738409762171
3,0.7428330522765598,2.0030237187990792e-05
4,0.7951096121416527,0.0003062751622343658
5,0.842327150084317,0.00014212336102064138
