Iteration,Accuracy,Weight Decay
0,0.6386206896551724,5.95501370565999e-05
1,0.7333333333333333,5.95501370565999e-05
2,0.7691954022988505,5.95501370565999e-05
3,0.7714942528735632,5.95501370565999e-05
4,0.7742528735632184,5.95501370565999e-05
5,0.7894252873563219,5.95501370565999e-05
6,0.8156321839080459,5.95501370565999e-05
7,0.8326436781609196,5.95501370565999e-05
