Iteration,Accuracy,Weight Decay
0,0.6947723440134908,0.041773682891187935
1,0.811973018549747,0.018334280241060232
2,0.8254637436762225,0.008046832567607796
3,0.8220910623946037,0.003531718372347135
4,0.8465430016863407,0.001550055199580515
5,0.8448566610455311,0.0006803122073830045
