Iteration,Accuracy,Weight Decay
0,0.7693074240159442,0.0007924828983539
1,0.8320876930742401,0.00019812203523477496
2,0.8510214250124564,1.7073526474706922e-06
3,0.8415545590433483,0.00043789432981655344
4,0.8515196811160937,0.0008342823480416806
5,0.8599900348779272,6.949760391706498e-06
6,0.8689586447433981,0.0089021508544503
7,0.8739412057797707,0.0006579332246575
