Iteration,Accuracy,Weight Decay
0,0.6218236173393124,0.0019651531060601536
1,0.6387643248629796,0.0018458080693910348
2,0.759840558046836,0.0017264630327219162
3,0.7997010463378177,0.0016071179960527975
4,0.8565022421524664,0.0014877729593836787
5,0.8789237668161435,0.00136842792271456
6,0.8819133034379671,0.0012490828860454411
7,0.8933731938216243,0.0011297378493763223
