Iteration,Accuracy,Weight Decay
0,0.6478571428571429,0.08650002400378849
1,0.8128571428571428,0.07650004178437256
2,0.8464285714285714,0.06650005956495662
3,0.8622857142857143,0.05650007734554069
4,0.8654285714285714,0.046500095126124755
5,0.882,0.03650011290670882
6,0.8714285714285714,0.026500130687292886
7,0.8857142857142857,0.01650014846787695
8,0.8871428571428571,0.006500166248461017
9,0.8784285714285714,-0.003499815970954903
