Iteration,Accuracy,Weight Decay
0,0.8281428571428572,2.869377067127777e-06
1,0.8925714285714286,0.00277374762232651
2,0.9095714285714286,0.00190932807667502
3,0.9167142857142857,0.0019179102616724
