Iteration,Accuracy,Weight Decay
0,0.6146711635750421,0.0003139551541520559
1,0.6998313659359191,0.00019461011748293712
2,0.8102866779089376,7.526508081381837e-05
3,0.8406408094435076,-4.4079955855300356e-05
4,0.8507588532883642,-0.0001634249925244192
5,0.842327150084317,-0.0002827700291935379
