Iteration,Accuracy,Weight Decay
0,0.5573355817875211,0.00020609132867030388
1,0.688026981450253,0.005608177562922235
2,0.7647554806070826,0.0005687601308752497
3,0.8237774030354131,0.00343939570015329
4,0.8853288364249579,0.0002429825275579078
5,0.8903878583473862,0.0001470810806712155
