Iteration,Accuracy,Weight Decay
0,0.7126436781609196,0.0012262621147836245
1,0.7337931034482759,1.1951332713031692e-05
2,0.7577011494252873,0.0005475346379647539
3,0.783448275862069,0.00010562769433718158
4,0.7967816091954023,0.0074617035528829765
5,0.8073563218390805,0.0002716139303535005
6,0.7944827586206896,0.0004238371317623747
7,0.8045977011494253,0.0010187123096452857
