Iteration,Accuracy,Weight Decay
0,0.688026981450253,4.815297862032934e-06
1,0.7478920741989882,0.0004982290216050967
2,0.8288364249578415,1.409240098658793e-07
3,0.8583473861720068,0.00013713943858997027
4,0.8709949409780776,2.192787454395522e-07
5,0.8844856661045531,1.6297508346206433e-08
