Iteration,Accuracy,Weight Decay
0,0.7757166947723441,0.06801802122791924
1,0.851602023608769,0.043527664608961875
2,0.8709949409780776,0.02455315407535525
3,0.8887015177065767,0.011094489627099403
4,0.9123102866779089,0.0031516712641943057
5,0.9005059021922428,0.0007246989866399735
