Iteration,Accuracy,Weight Decay
0,0.682112605879422,0.018925488238263552
1,0.7792725460886896,0.0047270079827679235
2,0.8181365221723966,0.0011806619828161344
3,0.8161434977578476,0.00029489324383393244
4,0.7792725460886896,7.365531077021373e-05
5,0.7777777777777778,1.8396843325823638e-05
6,0.783756851021425,4.594968656242079e-06
7,0.8176382660687593,1.1476825984711098e-06
