Iteration,Accuracy,Weight Decay
0,0.5311973018549747,0.0003139551541520559
1,0.7200674536256324,0.00019461011748293712
2,0.7504215851602024,7.526508081381837e-05
3,0.8237774030354131,-4.4079955855300356e-05
4,0.8389544688026982,-0.0001634249925244192
5,0.872681281618887,-0.0002827700291935379
