Iteration,Accuracy,Weight Decay
0,0.6168571428571429,0.05112258690704978
1,0.7227142857142858,0.021622639359772756
2,0.8552857142857143,0.004622669586765671
3,0.8962857142857142,0.0001226775880285013
