Iteration,Accuracy,Weight Decay
0,0.52,5.95501370565999e-05
1,0.6680459770114943,5.95501370565999e-05
2,0.6878160919540229,5.95501370565999e-05
3,0.7540229885057471,5.95501370565999e-05
4,0.7687356321839081,5.95501370565999e-05
5,0.7972413793103448,5.95501370565999e-05
6,0.8422988505747127,5.95501370565999e-05
7,0.8537931034482759,5.95501370565999e-05
