Iteration,Accuracy,Weight Decay
0,0.7542857142857143,0.09746673418161543
1,0.8277142857142857,0.09340111078410944
2,0.8687142857142857,0.0838891336884537
3,0.8792857142857143,0.06570110725289291
4,0.8941428571428571,0.041338346412298756
5,0.8907142857142857,0.020587178380980863
6,0.7768571428571428,0.00870673956906492
7,0.9074285714285715,0.0033896881950003137
8,0.921,0.0012744104865876579
9,0.926,0.00047274822582090244
