Iteration,Accuracy,Weight Decay
0,0.6806178375685102,0.08500022719836783
1,0.7493771798704534,0.07250041653034103
2,0.8475336322869955,0.06000060586231423
3,0.8639760837070254,0.047500795194287425
4,0.8824115595416044,0.03500098452626062
5,0.8898854010961634,0.022501173858233817
6,0.8963627304434479,0.010001363190207016
7,0.8868958644743398,-0.0024984474778197846
