Iteration,Accuracy,Weight Decay
0,0.5556492411467117,0.000714770463686342
1,0.7310286677908938,0.000714770463686342
2,0.811973018549747,0.000714770463686342
3,0.842327150084317,0.000714770463686342
4,0.8541315345699831,0.000714770463686342
5,0.8870151770657673,0.000714770463686342
