Iteration,Accuracy,Weight Decay
0,0.6498571428571429,0.016739508918050823
1,0.6418571428571429,0.004453867730520001
2,0.6368571428571429,0.0011850370197883447
3,0.635,0.0003153018507141175
4,0.6325714285714286,8.389211088232821e-05
5,0.628,2.2321106750096656e-05
6,0.7314285714285714,5.938958995179634e-06
7,0.6914285714285714,1.5801740631105742e-06
8,0.6982857142857143,4.204356473506604e-07
9,0.7125714285714285,1.118649759477795e-07
