Iteration,Accuracy,Weight Decay
0,0.737419033383159,0.09706882132280426
1,0.8071748878923767,0.09046519793170772
2,0.820627802690583,0.07310626521668034
3,0.8375685102142502,0.04378320141530977
4,0.8510214250124564,0.018243790724546134
5,0.8699551569506726,0.006010088662594013
6,0.8759342301943199,0.0018001084090777473
7,0.8809167912306926,0.0005235193184478273
