Iteration,Accuracy,Weight Decay
0,0.7831428571428571,0.016739508918050823
1,0.8432857142857143,0.004453867730520001
2,0.8777142857142857,0.0011850370197883447
3,0.8775714285714286,0.0003153018507141175
4,0.8881428571428571,8.389211088232821e-05
5,0.8967142857142857,2.2321106750096656e-05
6,0.9082857142857143,5.938958995179634e-06
7,0.9157142857142857,1.5801740631105742e-06
8,0.9184285714285715,4.204356473506604e-07
9,0.924,1.118649759477795e-07
