Iteration,Accuracy,Weight Decay
0,0.746885899352267,0.0019651531060601536
1,0.8420528151469856,0.0018458080693910348
2,0.8659691081215745,0.0017264630327219162
3,0.8878923766816144,0.0016071179960527975
4,0.8958644743398106,0.0014877729593836787
5,0.8938714499252616,0.00136842792271456
6,0.9023418036870952,0.0012490828860454411
7,0.905829596412556,0.0011297378493763223
