Iteration,Accuracy,Weight Decay
0,0.6585714285714286,1.756829333498765e-05
1,0.7897142857142857,9.73851069306252e-05
2,0.8551428571428571,1.8324622094687188e-05
3,0.8867142857142857,0.000830079743005419
4,0.8968571428571429,2.8696924895544203e-05
5,0.9132857142857143,0.0029856392013920775
6,0.9214285714285714,0.001015342192495984
7,0.9208571428571428,0.0006228362782832713
8,0.9107142857142857,1.75730019701583e-05
9,0.9307142857142857,0.00021163405274240158
