Iteration,Accuracy,Weight Decay
0,0.7892074198988196,0.09623406949124648
1,0.8043844856661045,0.08285422480701589
2,0.8583473861720068,0.047877320869366004
3,0.8465430016863407,0.015206179604296877
4,0.8541315345699831,0.003819399833108084
5,0.8642495784148398,0.0013164192457227669
