Iteration,Accuracy,Weight Decay
0,0.5965714285714285,0.016739508918050823
1,0.6127142857142858,0.004453867730520001
2,0.6038571428571429,0.0011850370197883447
3,0.6841428571428572,0.0003153018507141175
4,0.7172857142857143,8.389211088232821e-05
5,0.7864285714285715,2.2321106750096656e-05
6,0.7844285714285715,5.938958995179634e-06
7,0.7737142857142857,1.5801740631105742e-06
8,0.7742857142857142,4.204356473506604e-07
9,0.775,1.118649759477795e-07
