Iteration,Accuracy,Weight Decay
0,0.5204597701149425,3.219197031218155e-05
1,0.5760919540229885,0.00260135620931086
2,0.6970114942528736,0.0029960102224762925
3,0.7402298850574712,0.005195509423082223
4,0.783448275862069,0.003048679035773201
5,0.807816091954023,0.004121314874484411
6,0.8045977011494253,0.008634574903421217
7,0.8160919540229885,0.0030076513190156165
