Iteration,Accuracy,Weight Decay
0,0.6471428571428571,0.002297389418863703
1,0.6518571428571428,8.389211088232821e-05
2,0.7157142857142857,3.0634276498817596e-06
3,0.7134285714285714,1.118649759477795e-07
