Iteration,Accuracy,Weight Decay
0,0.5781428571428572,0.08956689623880071
1,0.5608571428571428,0.041338346412298756
2,0.5987142857142858,0.005468299804777157
3,0.6675714285714286,0.00047274822582090244
