Iteration,Accuracy,Weight Decay
0,0.641,0.05112258690704978
1,0.7697142857142857,0.021622639359772756
2,0.8228571428571428,0.004622669586765671
3,0.9015714285714286,0.0001226775880285013
