Iteration,Accuracy,Weight Decay
0,0.5834738617200674,0.00018611055238605757
1,0.7360876897133221,6.742495455966803e-05
2,0.7900505902192243,4.6111375593001565e-05
3,0.8069139966273187,1.6550888186107706e-05
4,0.8507588532883642,0.0017170703519076593
5,0.8608768971332209,0.00013608481561201845
