Iteration,Accuracy,Weight Decay
0,0.5118043844856661,0.00039237561859804116
1,0.6096121416526138,0.0045938039864209645
2,0.7107925801011804,0.0004275199954053851
3,0.8043844856661045,0.0001648146213146988
4,0.8490725126475548,3.078912951506828e-05
5,0.8693086003372681,0.0011247644128291132
