Iteration,Accuracy,Weight Decay
0,0.7268571428571429,0.09746673418161543
1,0.7822857142857143,0.09340111078410944
2,0.7932857142857143,0.0838891336884537
3,0.8058571428571428,0.06570110725289291
4,0.804,0.041338346412298756
5,0.8294285714285714,0.020587178380980863
6,0.8398571428571429,0.00870673956906492
7,0.837,0.0033896881950003137
8,0.8565714285714285,0.0012744104865876579
9,0.8824285714285715,0.00047274822582090244
