Iteration,Accuracy,Weight Decay
0,0.6524285714285715,5.883028273116876e-05
1,0.7248571428571429,7.60551645504848e-05
2,0.7884285714285715,0.0006122470420340945
3,0.7972857142857143,5.592233236704115e-05
4,0.8278571428571428,1.4477791635757806e-05
5,0.8155714285714286,3.7795800778619704e-05
6,0.8645714285714285,0.0021887864808193542
7,0.8794285714285714,0.004115641888315811
8,0.8924285714285715,0.0001994057610777269
9,0.9095714285714286,0.0006644774359310102
