Iteration,Accuracy,Weight Decay
0,0.6568296795952783,4.815297862032934e-06
1,0.7790893760539629,0.0004982290216050967
2,0.8102866779089376,1.409240098658793e-07
3,0.8204047217537943,0.00013713943858997027
4,0.8532883642495784,2.192787454395522e-07
5,0.8785834738617201,1.6297508346206433e-08
