Iteration,Accuracy,Weight Decay
0,0.7166947723440135,0.08245960944858459
1,0.8490725126475548,0.06591207119253231
2,0.8760539629005059,0.049364532936480035
3,0.8777403035413154,0.03281699468042776
4,0.8903878583473862,0.01626945642437548
5,0.7723440134907251,-0.00027808183167679634
