Iteration,Accuracy,Weight Decay
0,0.6281618887015177,0.000714770463686342
1,0.7875210792580101,0.000714770463686342
2,0.8246205733558178,0.000714770463686342
3,0.8920741989881956,0.000714770463686342
4,0.8912310286677909,0.000714770463686342
5,0.9005059021922428,0.000714770463686342
