Iteration,Accuracy,Weight Decay
0,0.5999003487792726,0.018925488238263552
1,0.5959142999501744,0.0047270079827679235
2,0.6457399103139013,0.0011806619828161344
3,0.6900847035376183,0.00029489324383393244
4,0.7618335824613851,7.365531077021373e-05
5,0.7907324364723468,1.8396843325823638e-05
6,0.8181365221723966,4.594968656242079e-06
7,0.8425510712506228,1.1476825984711098e-06
