Iteration,Accuracy,Weight Decay
0,0.6354285714285715,0.000812937423518885
1,0.6941428571428572,4.840338974352077e-05
2,0.7967142857142857,0.008771260620196305
3,0.8475714285714285,1.7614623384279345e-05
4,0.8541428571428571,0.00234221613028876
5,0.8801428571428571,0.0014732298335332304
6,0.8854285714285715,0.00011722981245330828
7,0.9007142857142857,0.0007909407864949093
8,0.884,0.009331348393997576
9,0.9097142857142857,1.2323045423030358e-05
