Iteration,Accuracy,Weight Decay
0,0.749,0.0006414098881638866
1,0.8367142857142857,0.00015875254333177035
2,0.8425714285714285,0.0009914937217251664
3,0.8647142857142858,2.6576498051609372e-05
4,0.8811428571428571,0.0005607041002978025
5,0.8901428571428571,0.004156387489038715
6,0.9011428571428571,0.0001594234459627631
7,0.9177142857142857,0.0011992468391914637
8,0.931,0.00022018969726642
9,0.9324285714285714,0.0002698354478925235
