Iteration,Accuracy,Weight Decay
0,0.7209765819631291,0.0019651531060601536
1,0.7812655705032386,0.0018458080693910348
2,0.8355754857997011,0.0017264630327219162
3,0.8450423517688092,0.0016071179960527975
4,0.8654708520179372,0.0014877729593836787
5,0.8689586447433981,0.00136842792271456
6,0.8829098156452416,0.0012490828860454411
7,0.8863976083707026,0.0011297378493763223
