Iteration,Accuracy,Weight Decay
0,0.7259696458684655,0.09254828078406145
1,0.739460370994941,0.07381604081063549
2,0.8414839797639123,0.04879807301935227
3,0.8566610455311973,0.024197921676153977
4,0.8709949409780776,0.006607177467133997
5,0.8693086003372681,0.0007392660973616683
