Iteration,Accuracy,Weight Decay
0,0.6551433389544689,0.09623406949124648
1,0.806070826306914,0.08285422480701589
2,0.8802698145025295,0.047877320869366004
3,0.8861720067453626,0.015206179604296877
4,0.893760539629005,0.003819399833108084
5,0.9072512647554806,0.0013164192457227669
