Iteration,Accuracy,Weight Decay
0,0.4977578475336323,0.09455040875321775
1,0.4404583956153463,0.08247266789928005
2,0.44245142002989535,0.06545137301945098
3,0.4992526158445441,0.04607786196076218
4,0.5261584454409567,0.02730157616058396
5,0.5974090682610862,0.011981034924538829
6,0.6995515695067265,0.002448651774762514
7,0.7115097159940209,0.00015564563454001894
