Iteration,Accuracy,Weight Decay
0,0.6779089376053963,0.041773682891187935
1,0.7639123102866779,0.018334280241060232
2,0.8397976391231029,0.008046832567607796
3,0.8128161888701517,0.003531718372347135
4,0.8768971332209107,0.001550055199580515
5,0.8642495784148398,0.0006803122073830045
