Iteration,Accuracy,Weight Decay
0,0.7130044843049327,0.0007924828983539
1,0.7488789237668162,0.00019812203523477496
2,0.8320876930742401,1.7073526474706922e-06
3,0.8535127055306427,0.00043789432981655344
4,0.8659691081215745,0.0008342823480416806
5,0.8739412057797707,6.949760391706498e-06
6,0.890881913303438,0.0089021508544503
7,0.8839063278525162,0.0006579332246575
