Iteration,Accuracy,Weight Decay
0,0.6779089376053963,0.0003139551541520559
1,0.7748735244519392,0.00019461011748293712
2,0.8102866779089376,7.526508081381837e-05
3,0.8305227655986509,-4.4079955855300356e-05
4,0.8558178752107926,-0.0001634249925244192
5,0.8347386172006745,-0.0002827700291935379
