Iteration,Accuracy,Weight Decay
0,0.6897133220910624,0.09623406949124648
1,0.8237774030354131,0.08285422480701589
2,0.8659359190556493,0.047877320869366004
3,0.8811129848229342,0.015206179604296878
4,0.8768971332209107,0.003819399833108084
5,0.8794266441821248,0.0013164192457227669
