Iteration,Accuracy,Weight Decay
0,0.5542857142857143,0.05112258690704978
1,0.7341428571428571,0.021622639359772756
2,0.7342857142857143,0.004622669586765671
3,0.766,0.0001226775880285013
