Iteration,Accuracy,Weight Decay
0,0.5919055649241147,0.006780728106234317
1,0.6947723440134908,8.826935645778162e-05
2,0.7782462057335582,0.00014128147494622942
3,0.769814502529511,0.002830080783527789
4,0.7951096121416527,3.302302434114189e-05
5,0.8431703204047217,0.0002375462623243516
