Iteration,Accuracy,Weight Decay
0,0.596964586846543,0.06801802122791924
1,0.7529510961214165,0.043527664608961875
2,0.815345699831366,0.02455315407535525
3,0.8718381112984823,0.011094489627099403
4,0.8684654300168634,0.0031516712641943057
5,0.9013490725126475,0.0007246989866399735
