Iteration,Accuracy,Weight Decay
0,0.7483806676631789,0.0007924828983539
1,0.7987045341305431,0.00019812203523477496
2,0.8320876930742401,1.7073526474706922e-06
3,0.8300946686596911,0.00043789432981655344
4,0.85401096163428,0.0008342823480416806
5,0.8574987543597409,6.949760391706498e-06
6,0.8510214250124564,0.0089021508544503
7,0.8729446935724963,0.0006579332246575
