Iteration,Accuracy,Weight Decay
0,0.4654285714285714,0.07482254476706554
1,0.7101428571428572,0.05852257374941756
2,0.21142857142857144,0.04422259917565277
3,0.7761428571428571,0.03192262104577116
4,0.7704285714285715,0.021622639359772756
5,0.8072857142857143,0.013322654117657533
6,0.8518571428571429,0.007022665319425497
7,0.8657142857142858,0.0027226729650766464
8,0.8961428571428571,0.00042267705461097914
9,0.9068571428571428,0.0001226775880285013
