Iteration,Accuracy,Weight Decay
0,0.6561428571428571,0.07482254476706554
1,0.7572857142857143,0.05852257374941756
2,0.8185714285714286,0.04422259917565277
3,0.8582857142857143,0.03192262104577116
4,0.8528571428571429,0.021622639359772756
5,0.8642857142857143,0.013322654117657533
6,0.8732857142857143,0.007022665319425497
7,0.884,0.0027226729650766464
8,0.9034285714285715,0.00042267705461097914
9,0.9115714285714286,0.0001226775880285013
