Iteration,Accuracy,Weight Decay
0,0.6952857142857143,2.2815591547205328e-05
1,0.738,1.652069392108667e-05
2,0.7714285714285715,0.002767481619274403
3,0.8498571428571429,4.4562364997952704e-05
