Iteration,Accuracy,Weight Decay
0,0.6532857142857142,0.002297389418863703
1,0.6494285714285715,8.389211088232821e-05
2,0.6375714285714286,3.0634276498817596e-06
3,0.6307142857142857,1.118649759477795e-07
