Iteration,Accuracy,Weight Decay
0,0.6685714285714286,0.08650002400378849
1,0.6044285714285714,0.07650004178437256
2,0.5998571428571429,0.06650005956495662
3,0.6342857142857142,0.05650007734554069
4,0.6481428571428571,0.046500095126124755
5,0.6211428571428571,0.03650011290670882
6,0.6422857142857142,0.026500130687292886
7,0.6352857142857142,0.01650014846787695
8,0.621,0.006500166248461017
9,0.6921428571428572,-0.003499815970954903
