Iteration,Accuracy,Weight Decay
0,0.5336322869955157,0.00017089107440370377
1,0.6626806178375685,1.2585653352708204e-05
2,0.674638764324863,2.8600978047588963e-05
3,0.658196312904833,1.4725619712554157e-05
4,0.7359242650722472,2.431040050040813e-05
5,0.7473841554559043,0.004539362921721675
6,0.7399103139013453,0.004802879591729683
7,0.7717987045341306,0.0001155124205990199
