Iteration,Accuracy,Weight Decay
0,0.7354260089686099,0.0722504203169805
1,0.759840558046836,0.052563218514838285
2,0.8146487294469357,0.03600096937970277
3,0.8385650224215246,0.02256367291157395
4,0.8545092177379173,0.012251329110451837
5,0.872446437468859,0.005063937976336426
6,0.8699551569506726,0.0010014995092277146
7,0.8734429496761336,6.401370912570431e-05
