Iteration,Accuracy,Weight Decay
0,0.5301444942700548,0.09706882132280426
1,0.46686596910812156,0.09046519793170772
2,0.4833084205281515,0.07310626521668034
3,0.47932237169905334,0.04378320141530977
4,0.5864474339810662,0.018243790724546134
5,0.6367713004484304,0.006010088662594013
6,0.6507224713502741,0.0018001084090777473
7,0.7364225211758844,0.0005235193184478273
