Iteration,Accuracy,Weight Decay
0,0.43844856661045534,0.08245960944858459
1,0.5952782462057336,0.06591207119253231
2,0.8170320404721754,0.049364532936480035
3,0.8929173693086003,0.03281699468042776
4,0.9131534569983136,0.01626945642437548
5,0.9123102866779089,-0.00027808183167679634
