Iteration,Accuracy,Weight Decay
0,0.7023608768971332,0.000714770463686342
1,0.7757166947723441,0.000714770463686342
2,0.8305227655986509,0.000714770463686342
3,0.8271500843170321,0.000714770463686342
4,0.8743676222596964,0.000714770463686342
5,0.8659359190556493,0.000714770463686342
