Iteration,Accuracy,Weight Decay
0,0.6601893373193821,0.0019651531060601536
1,0.739412057797708,0.0018458080693910348
2,0.7414050822122571,0.0017264630327219162
3,0.7443946188340808,0.0016071179960527975
4,0.7842551071250623,0.0014877729593836787
5,0.820627802690583,0.00136842792271456
6,0.8181365221723966,0.0012490828860454411
7,0.8176382660687593,0.0011297378493763223
