Iteration,Accuracy,Weight Decay
0,0.6323777403035413,0.09254828078406145
1,0.6905564924114671,0.07381604081063549
2,0.8018549747048904,0.04879807301935227
3,0.8355817875210793,0.024197921676153977
4,0.845699831365936,0.006607177467133997
5,0.8499156829679595,0.0007392660973616683
