Iteration,Accuracy,Weight Decay
0,0.6669477234401349,4.815297862032934e-06
1,0.739460370994941,0.0004982290216050967
2,0.836424957841484,1.409240098658793e-07
3,0.8625632377740303,0.00013713943858997027
4,0.887858347386172,2.192787454395522e-07
5,0.8920741989881956,1.6297508346206433e-08
