Iteration,Accuracy,Weight Decay
0,0.6155714285714285,0.0033261644067418524
1,0.7647142857142857,0.0032068193700727343
2,0.6787142857142857,0.0030874743334036153
3,0.7904285714285715,0.0029681292967344963
