Iteration,Accuracy,Weight Decay
0,0.4504235176880917,0.08500022719836783
1,0.41803687095166914,0.07250041653034103
2,0.401096163428002,0.06000060586231423
3,0.4449427005480817,0.047500795194287425
4,0.43298455406078723,0.03500098452626062
5,0.46387643248629795,0.022501173858233817
6,0.5127055306427504,0.010001363190207016
7,0.5281514698555058,-0.0024984474778197846
