Iteration,Accuracy,Weight Decay
0,0.6437468858993523,0.0722504203169805
1,0.8081714000996513,0.052563218514838285
2,0.8654708520179372,0.03600096937970277
3,0.8789237668161435,0.02256367291157395
4,0.8878923766816144,0.012251329110451837
5,0.9023418036870952,0.005063937976336426
6,0.8958644743398106,0.0010014995092277146
7,0.8948679621325362,6.401370912570431e-05
