Iteration,Accuracy,Weight Decay
0,0.46437468858993525,0.09455040875321775
1,0.4304932735426009,0.08247266789928005
2,0.41355256601893375,0.06545137301945098
3,0.43099152964623816,0.04607786196076218
4,0.510214250124564,0.02730157616058396
5,0.6048829098156452,0.011981034924538829
6,0.6372695565520677,0.002448651774762514
7,0.7120079720976582,0.00015564563454001894
