Iteration,Accuracy,Weight Decay
0,0.7768571428571428,0.0715000506746646
1,0.848,0.046500095126124755
2,0.8697142857142857,0.021500139577584912
3,0.89,-0.003499815970954903
