Iteration,Accuracy,Weight Decay
0,0.6922428330522765,0.06801802122791924
1,0.8026981450252951,0.043527664608961875
2,0.845699831365936,0.02455315407535525
3,0.897133220910624,0.011094489627099403
4,0.8760539629005059,0.0031516712641943057
5,0.8887015177065767,0.0007246989866399735
