Iteration,Accuracy,Weight Decay
0,0.5550572994519183,0.09706882132280426
1,0.5406078724464375,0.09046519793170772
2,0.6447433981066268,0.07310626521668034
3,0.6611858495266567,0.04378320141530977
4,0.6771300448430493,0.018243790724546134
5,0.8026905829596412,0.006010088662594013
6,0.8450423517688092,0.0018001084090777473
7,0.8166417538614849,0.0005235193184478273
