Iteration,Accuracy,Weight Decay
0,0.8647142857142858,0.08126216613380753
1,0.8755714285714286,0.04451338310406878
2,0.9038571428571428,0.010978637918546164
3,0.907,0.0003021294961929753
