Iteration,Accuracy,Weight Decay
0,0.5714997508719482,0.018925488238263552
1,0.5171898355754858,0.0047270079827679235
2,0.5829596412556054,0.0011806619828161344
3,0.5894369706028899,0.00029489324383393244
4,0.5994020926756353,7.365531077021373e-05
5,0.6058794220229198,1.8396843325823638e-05
6,0.6945690084703537,4.594968656242079e-06
7,0.7364225211758844,1.1476825984711098e-06
