Iteration,Accuracy,Weight Decay
0,0.6218236173393124,0.0007924828983539
1,0.7528649725959143,0.00019812203523477496
2,0.8211260587942202,1.7073526474706922e-06
3,0.8565022421524664,0.00043789432981655344
4,0.8873941205779771,0.0008342823480416806
5,0.8873941205779771,6.949760391706498e-06
6,0.885401096163428,0.0089021508544503
7,0.8948679621325362,0.0006579332246575
