Iteration,Accuracy,Weight Decay
0,0.633220910623946,0.0003139551541520559
1,0.7462057335581788,0.00019461011748293712
2,0.8237774030354131,7.526508081381837e-05
3,0.836424957841484,-4.4079955855300356e-05
4,0.845699831365936,-0.0001634249925244192
5,0.8431703204047217,-0.0002827700291935379
