Iteration,Accuracy,Weight Decay
0,0.44685714285714284,0.09557017170827971
1,0.4614285714285714,0.08698157789648651
2,0.6604285714285715,0.07477297827681818
3,0.6505714285714286,0.06013943564236318
4,0.7481428571428571,0.04451338310406878
5,0.7558571428571429,0.029424407557493124
6,0.8151428571428572,0.01634952306020954
7,0.8208571428571428,0.006568590404889097
8,0.829,0.0010390354275995517
9,0.8354285714285714,0.0003021294961929753
