Iteration,Accuracy,Weight Decay
0,0.7588532883642496,0.08245960944858459
1,0.7841483979763912,0.06591207119253231
2,0.8608768971332209,0.049364532936480035
3,0.8827993254637436,0.03281699468042776
4,0.8895446880269815,0.01626945642437548
5,0.8920741989881956,-0.00027808183167679634
