Iteration,Accuracy,Weight Decay
0,0.4105630293971101,0.09455040875321775
1,0.5161933233682112,0.08247266789928005
2,0.6676631788739412,0.06545137301945098
3,0.6990533134030892,0.04607786196076218
4,0.7997010463378177,0.02730157616058396
5,0.8619830592924763,0.011981034924538829
6,0.8634778276033881,0.002448651774762514
7,0.8699551569506726,0.00015564563454001894
