Iteration,Accuracy,Weight Decay
0,0.6956155143338955,0.09254828078406145
1,0.8246205733558178,0.07381604081063549
2,0.8490725126475548,0.04879807301935227
3,0.8853288364249579,0.024197921676153977
4,0.8811129848229342,0.006607177467133997
5,0.897133220910624,0.0007392660973616683
