Iteration,Accuracy,Weight Decay
0,0.6308571428571429,0.09746673418161543
1,0.6261428571428571,0.09340111078410944
2,0.6264285714285714,0.0838891336884537
3,0.6345714285714286,0.06570110725289291
4,0.6465714285714286,0.041338346412298756
5,0.644,0.020587178380980863
6,0.6635714285714286,0.00870673956906492
7,0.6708571428571428,0.0033896881950003137
8,0.6651428571428571,0.0012744104865876579
9,0.659,0.00047274822582090244
