Iteration,Accuracy,Weight Decay
0,0.5549425287356322,2.4313285004204436e-08
1,0.7724137931034483,1.7640969257885612e-07
2,0.775632183908046,3.199267137797384e-07
3,0.7880459770114943,3.96396275506239e-05
4,0.8096551724137931,0.0005580305251442092
5,0.833103448275862,1.5487250883917444e-05
6,0.8317241379310345,6.0274239009094145e-05
7,0.8188505747126437,1.3530477745798077e-08
