Iteration,Accuracy,Weight Decay
0,0.7158620689655173,0.0015050967705158953
1,0.7351724137931035,1.1572336991701626e-05
2,0.7609195402298851,0.0025888462011448435
3,0.7751724137931034,3.1785857533945805e-05
4,0.8,0.0004895913658668175
5,0.7724137931034483,0.0033367840529428716
6,0.8151724137931035,0.0019238019545973763
7,0.8257471264367816,0.00247452166811292
