Iteration,Accuracy,Weight Decay
0,0.6205733558178752,0.008998708833963967
1,0.7512647554806071,1.592625565190476e-05
2,0.781618887015177,1.8396795271893903e-05
3,0.8397976391231029,0.0007952481411452626
4,0.8397976391231029,0.00047507934782468816
5,0.8709949409780776,0.0014722606725897853
