Iteration,Accuracy,Weight Decay
0,0.6083707025411061,0.018925488238263552
1,0.6646736422521176,0.0047270079827679235
2,0.7433981066268062,0.0011806619828161344
3,0.8375685102142502,0.00029489324383393244
4,0.8714499252615845,7.365531077021373e-05
5,0.8888888888888888,1.8396843325823638e-05
6,0.8913801694070752,4.594968656242079e-06
7,0.8928749377179871,1.1476825984711098e-06
