Iteration,Accuracy,Weight Decay
0,0.5640809443507588,0.0003139551541520559
1,0.7259696458684655,0.00019461011748293712
2,0.7580101180438449,7.526508081381837e-05
3,0.8086003372681282,-4.4079955855300356e-05
4,0.8052276559865092,-0.0001634249925244192
5,0.8145025295109612,-0.0002827700291935379
