Iteration,Accuracy,Weight Decay
0,0.6652613827993255,0.0003139551541520559
1,0.7715008431703204,0.00019461011748293712
2,0.8296795952782462,7.526508081381837e-05
3,0.8684654300168634,-4.4079955855300356e-05
4,0.8870151770657673,-0.0001634249925244192
5,0.8844856661045531,-0.0002827700291935379
