Iteration,Accuracy,Weight Decay
0,0.7436762225969646,0.000714770463686342
1,0.7529510961214165,0.000714770463686342
2,0.8271500843170321,0.000714770463686342
3,0.8204047217537943,0.000714770463686342
4,0.845699831365936,0.000714770463686342
5,0.8735244519392917,0.000714770463686342
