Iteration,Accuracy,Weight Decay
0,0.6836781609195403,0.004881852806087196
1,0.7627586206896552,0.0001679692028981855
2,0.7604597701149425,2.3983605948700498e-05
3,0.8032183908045977,0.00021145040754776706
4,0.8068965517241379,0.0007097404123711892
5,0.8018390804597701,1.8242070058458518e-05
6,0.8174712643678161,2.357508450994985e-05
7,0.8216091954022988,2.154065730519804e-05
