Iteration,Accuracy,Weight Decay
0,0.595,0.0071340919757048255
1,0.6974285714285714,1.7697434982290845e-06
2,0.7891428571428571,0.00023777479666081832
3,0.4614285714285714,0.001284764685431755
4,0.8251428571428572,0.00277374762232651
5,0.8307142857142857,0.003298654464196375
6,0.8597142857142858,0.00258257950735642
7,0.8794285714285714,0.001485072748559495
8,0.894,0.0013682422858920349
9,0.887,0.0019179102616724
