Iteration,Accuracy,Weight Decay
0,0.7681281618887015,0.08245960944858459
1,0.8220910623946037,0.06591207119253231
2,0.8541315345699831,0.049364532936480035
3,0.8625632377740303,0.03281699468042776
4,0.8752107925801011,0.01626945642437548
5,0.845699831365936,-0.00027808183167679634
