Iteration,Accuracy,Weight Decay
0,0.5775716694772344,0.06801802122791924
1,0.6349072512647554,0.043527664608961875
2,0.6593591905564924,0.02455315407535525
3,0.8237774030354131,0.011094489627099403
4,0.8473861720067454,0.0031516712641943057
5,0.845699831365936,0.0007246989866399735
