Iteration,Accuracy,Weight Decay
0,0.7807757166947723,0.041773682891187935
1,0.8355817875210793,0.018334280241060232
2,0.8330522765598651,0.008046832567607796
3,0.8802698145025295,0.003531718372347135
4,0.8735244519392917,0.001550055199580515
5,0.8827993254637436,0.0006803122073830045
