Iteration,Accuracy,Weight Decay
0,0.6661045531197302,2.524329272969838e-05
1,0.7251264755480608,5.472954741322796e-05
2,0.7664418212478921,2.0201675277499003e-05
3,0.8052276559865092,0.00010375237480880066
4,0.8659359190556493,0.00020391230350253397
5,0.8844856661045531,2.3702460499774717e-05
