Iteration,Accuracy,Weight Decay
0,0.5885328836424958,4.815297862032934e-06
1,0.6315345699831366,0.0004982290216050967
2,0.790893760539629,1.409240098658793e-07
3,0.8136593591905565,0.00013713943858997027
4,0.842327150084317,2.192787454395522e-07
5,0.8414839797639123,1.6297508346206433e-08
