Iteration,Accuracy,Weight Decay
0,0.7655986509274874,0.06801802122791924
1,0.806070826306914,0.043527664608961875
2,0.8406408094435076,0.02455315407535525
3,0.8760539629005059,0.011094489627099403
4,0.8819561551433389,0.0031516712641943057
5,0.8887015177065767,0.0007246989866399735
