Iteration,Accuracy,Weight Decay
0,0.6526138279932546,0.06801802122791924
1,0.7512647554806071,0.043527664608961875
2,0.7934232715008431,0.02455315407535525
3,0.7984822934232715,0.011094489627099403
4,0.836424957841484,0.0031516712641943057
5,0.8524451939291737,0.0007246989866399735
