Iteration,Accuracy,Weight Decay
0,0.6677908937605397,7.372986544179994e-05
1,0.7782462057335582,0.00856192507570462
2,0.7883642495784149,0.0018308973322714915
3,0.8389544688026982,3.549262080462147e-05
4,0.8642495784148398,4.1205694897626585e-05
5,0.8617200674536256,0.004720401032159077
