Iteration,Accuracy,Weight Decay
0,0.612141652613828,4.815297862032934e-06
1,0.6804384485666105,0.0004982290216050967
2,0.8271500843170321,1.409240098658793e-07
3,0.851602023608769,0.00013713943858997027
4,0.8743676222596964,2.192787454395522e-07
5,0.887858347386172,1.6297508346206433e-08
