Iteration,Accuracy,Weight Decay
0,0.8142857142857143,1.5424076666934486e-05
1,0.8905714285714286,0.00032053221083739073
2,0.9178571428571428,0.00014632743418587364
3,0.9247142857142857,0.003593361756999548
