Iteration,Accuracy,Weight Decay
0,0.5002491280518186,0.0019651531060601536
1,0.6741405082212257,0.0018458080693910348
2,0.7618335824613851,0.0017264630327219162
3,0.8360737419033383,0.0016071179960527975
4,0.8649725959143,0.0014877729593836787
5,0.8739412057797707,0.00136842792271456
6,0.885401096163428,0.0012490828860454411
7,0.8883906327852517,0.0011297378493763223
