Iteration,Accuracy,Weight Decay
0,0.6397142857142857,0.07482254476706554
1,0.6398571428571429,0.05852257374941756
2,0.7285714285714285,0.04422259917565277
3,0.7444285714285714,0.03192262104577116
4,0.7738571428571429,0.021622639359772756
5,0.8065714285714286,0.013322654117657533
6,0.8508571428571429,0.007022665319425497
7,0.8974285714285715,0.0027226729650766464
8,0.8974285714285715,0.00042267705461097914
9,0.9164285714285715,0.0001226775880285013
