Iteration,Accuracy,Weight Decay
0,0.631264367816092,5.95501370565999e-05
1,0.743448275862069,5.95501370565999e-05
2,0.7788505747126436,5.95501370565999e-05
3,0.7977011494252874,5.95501370565999e-05
4,0.8262068965517242,5.95501370565999e-05
5,0.833103448275862,5.95501370565999e-05
6,0.8312643678160919,5.95501370565999e-05
7,0.8105747126436782,5.95501370565999e-05
