Iteration,Accuracy,Weight Decay
0,0.6133532635774788,1.2872467396829502e-05
1,0.56751370204285,0.00023996365151375575
2,0.5072247135027405,0.0076474238107959785
3,0.41006477329347285,7.041766108790313e-05
4,0.49028400597907323,0.0017046729400403296
5,0.4628799202790234,0.002038902534487878
6,0.5067264573991032,1.2502537506973651e-05
7,0.6183358246138515,5.317252880012139e-05
