Iteration,Accuracy,Weight Decay
0,0.6821247892074199,0.041773682891187935
1,0.7925801011804384,0.018334280241060232
2,0.842327150084317,0.008046832567607796
3,0.8676222596964587,0.003531718372347135
4,0.8895446880269815,0.001550055199580515
5,0.8979763912310287,0.0006803122073830045
