Iteration,Accuracy,Weight Decay
0,0.6399662731871838,0.000714770463686342
1,0.7133220910623946,0.000714770463686342
2,0.8288364249578415,0.000714770463686342
3,0.8490725126475548,0.000714770463686342
4,0.8743676222596964,0.000714770463686342
5,0.9021922428330523,0.000714770463686342
