Iteration,Accuracy,Weight Decay
0,0.6262857142857143,0.08956689623880071
1,0.6935714285714286,0.041338346412298756
2,0.7495714285714286,0.005468299804777157
3,0.8015714285714286,0.00047274822582090244
