Iteration,Accuracy,Weight Decay
0,0.3996013951170902,0.09706882132280426
1,0.32934728450423517,0.09046519793170772
2,0.3059292476332835,0.07310626521668034
3,0.32835077229696064,0.04378320141530977
4,0.4090682610861983,0.018243790724546134
5,0.5719980069755854,0.006010088662594013
6,0.6656701544593921,0.0018001084090777473
7,0.7334329845540608,0.0005235193184478273
