Iteration,Accuracy,Weight Decay
0,0.6821247892074199,0.041773682891187935
1,0.8330522765598651,0.018334280241060232
2,0.857504215851602,0.008046832567607796
3,0.8844856661045531,0.003531718372347135
4,0.8895446880269815,0.001550055199580515
5,0.8768971332209107,0.0006803122073830045
