Iteration,Accuracy,Weight Decay
0,0.7099494097807757,0.08245960944858459
1,0.8102866779089376,0.06591207119253231
2,0.8482293423271501,0.049364532936480035
3,0.8659359190556493,0.03281699468042776
4,0.8785834738617201,0.01626945642437548
5,0.8760539629005059,-0.00027808183167679634
