Iteration,Accuracy,Weight Decay
0,0.7852516193323368,0.0722504203169805
1,0.8300946686596911,0.052563218514838285
2,0.8440458395615347,0.03600096937970277
3,0.8739412057797707,0.02256367291157395
4,0.8739412057797707,0.012251329110451837
5,0.8903836571998007,0.005063937976336426
6,0.8873941205779771,0.0010014995092277146
7,0.8903836571998007,6.401370912570431e-05
