Iteration,Accuracy,Weight Decay
0,0.5397701149425287,5.95501370565999e-05
1,0.7259770114942529,5.95501370565999e-05
2,0.7411494252873563,5.95501370565999e-05
3,0.7540229885057471,5.95501370565999e-05
4,0.8087356321839081,5.95501370565999e-05
5,0.8262068965517242,5.95501370565999e-05
6,0.8354022988505747,5.95501370565999e-05
7,0.8441379310344828,5.95501370565999e-05
