Iteration,Accuracy,Weight Decay
0,0.7877142857142857,0.09746673418161543
1,0.8487142857142858,0.09340111078410944
2,0.8015714285714286,0.0838891336884537
3,0.845,0.06570110725289291
4,0.8944285714285715,0.041338346412298756
5,0.8995714285714286,0.020587178380980863
6,0.8934285714285715,0.00870673956906492
7,0.8864285714285715,0.0033896881950003137
8,0.9165714285714286,0.0012744104865876579
9,0.9265714285714286,0.00047274822582090244
