Iteration,Accuracy,Weight Decay
0,0.6787142857142857,0.016739508918050823
1,0.6625714285714286,0.004453867730520001
2,0.7158571428571429,0.0011850370197883447
3,0.6907142857142857,0.0003153018507141175
4,0.7134285714285714,8.389211088232821e-05
5,0.7285714285714285,2.2321106750096656e-05
6,0.7792857142857142,5.938958995179634e-06
7,0.7961428571428572,1.5801740631105742e-06
8,0.8222857142857143,4.204356473506604e-07
9,0.8397142857142857,1.118649759477795e-07
