Iteration,Accuracy,Weight Decay
0,0.52,5.99030482063902e-05
1,0.52,-5.944198846272857e-05
2,0.7002298850574713,-0.00017878702513184736
3,0.7719540229885058,-0.0002981320618009661
4,0.7940229885057472,-0.0004174770984700848
5,0.7333333333333333,-0.0005368221351392036
6,0.8372413793103448,-0.0006561671718083224
7,0.8427586206896551,-0.0007755122084774412
