Iteration,Accuracy,Weight Decay
0,0.598903836571998,0.0007924828983539
1,0.706028898854011,0.00019812203523477496
2,0.796711509715994,1.7073526474706922e-06
3,0.8415545590433483,0.00043789432981655344
4,0.8659691081215745,0.0008342823480416806
5,0.8754359740906826,6.949760391706498e-06
6,0.8868958644743398,0.0089021508544503
7,0.8849028400597907,0.0006579332246575
