Iteration,Accuracy,Weight Decay
0,0.7563237774030354,0.09254828078406145
1,0.8170320404721754,0.07381604081063549
2,0.8465430016863407,0.04879807301935227
3,0.8709949409780776,0.024197921676153977
4,0.8827993254637436,0.006607177467133997
5,0.9021922428330523,0.0007392660973616683
