Iteration,Accuracy,Weight Decay
0,0.7917142857142857,0.016739508918050823
1,0.7888571428571428,0.004453867730520001
2,0.857,0.0011850370197883447
3,0.8815714285714286,0.0003153018507141175
4,0.8992857142857142,8.389211088232821e-05
5,0.9147142857142857,2.2321106750096656e-05
6,0.9015714285714286,5.938958995179634e-06
7,0.9217142857142857,1.5801740631105742e-06
8,0.9192857142857143,4.204356473506604e-07
9,0.922,1.118649759477795e-07
