Iteration,Accuracy,Weight Decay
0,0.6779089376053963,0.06801802122791924
1,0.8136593591905565,0.043527664608961875
2,0.8499156829679595,0.02455315407535525
3,0.8844856661045531,0.011094489627099403
4,0.9089376053962901,0.0031516712641943057
5,0.9055649241146712,0.0007246989866399735
