Iteration,Accuracy,Weight Decay
0,0.7854285714285715,0.09746673418161543
1,0.8391428571428572,0.09340111078410944
2,0.8664285714285714,0.0838891336884537
3,0.8772857142857143,0.06570110725289291
4,0.8635714285714285,0.041338346412298756
5,0.812,0.020587178380980863
6,0.8948571428571429,0.00870673956906492
7,0.8968571428571429,0.0033896881950003137
8,0.9118571428571428,0.0012744104865876579
9,0.923,0.00047274822582090244
