Iteration,Accuracy,Weight Decay
0,0.5025714285714286,0.016739508918050823
1,0.6805714285714286,0.004453867730520001
2,0.7551428571428571,0.0011850370197883447
3,0.8051428571428572,0.0003153018507141175
4,0.8292857142857143,8.389211088232821e-05
5,0.8937142857142857,2.2321106750096656e-05
6,0.8657142857142858,5.938958995179634e-06
7,0.9084285714285715,1.5801740631105742e-06
8,0.9192857142857143,4.204356473506604e-07
9,0.9138571428571428,1.118649759477795e-07
