Iteration,Accuracy,Weight Decay
0,0.7332857142857143,1.6799077714193275e-05
1,0.7598571428571429,0.00022927896724456777
2,0.7682857142857142,0.002060752530715759
3,0.8094285714285714,1.1738673391795113e-05
4,0.8075714285714286,1.0625812004497594e-05
5,0.8652857142857143,0.0003976499747710916
6,0.8568571428571429,8.757284956468525e-05
7,0.8741428571428571,0.0004731330008700227
8,0.8605714285714285,5.196685173415803e-05
9,0.8744285714285714,1.74602026663474e-05
