Iteration,Accuracy,Weight Decay
0,0.46885899352267063,0.09455040875321775
1,0.3358246138515197,0.08247266789928005
2,0.3687095166915795,0.06545137301945098
3,0.375186846038864,0.04607786196076218
4,0.3811659192825112,0.02730157616058396
5,0.47882411559541604,0.011981034924538829
6,0.6646736422521176,0.002448651774762514
7,0.6940707523667164,0.00015564563454001894
