Iteration,Accuracy,Weight Decay
0,0.7596964586846543,0.041773682891187935
1,0.8473861720067454,0.018334280241060232
2,0.8659359190556493,0.008046832567607796
3,0.872681281618887,0.003531718372347135
4,0.887858347386172,0.001550055199580515
5,0.903035413153457,0.0006803122073830045
