Iteration,Accuracy,Weight Decay
0,0.6795402298850575,5.95501370565999e-05
1,0.52,5.95501370565999e-05
2,0.52,5.95501370565999e-05
3,0.52,5.95501370565999e-05
4,0.52,5.95501370565999e-05
5,0.52,5.95501370565999e-05
6,0.8124137931034483,5.95501370565999e-05
7,0.8303448275862069,5.95501370565999e-05
