Iteration,Accuracy,Weight Decay
0,0.3268560039860488,0.09706882132280426
1,0.3373193821624315,0.09046519793170772
2,0.4190333831589437,0.07310626521668034
3,0.3996013951170902,0.04378320141530977
4,0.4872944693572496,0.018243790724546134
5,0.5356253114100648,0.006010088662594013
6,0.5744892874937718,0.0018001084090777473
7,0.7269556552067763,0.0005235193184478273
