Iteration,Accuracy,Weight Decay
0,0.6093672147483806,0.005000954941109511
1,0.5555555555555556,0.0004145511450140593
2,0.6128550074738416,2.2412552535854342e-05
3,0.7085201793721974,0.005362357105340385
4,0.7339312406576981,0.002596601317864012
5,0.7438963627304435,0.00348257489723103
6,0.8216243148978575,0.003642018813519499
7,0.85401096163428,1.3083550422386282e-05
