Iteration,Accuracy,Weight Decay
0,0.661684105630294,0.0019651531060601536
1,0.6945690084703537,0.0018458080693910348
2,0.7389138016940707,0.0017264630327219162
3,0.763328350772297,0.0016071179960527975
4,0.7478824115595416,0.0014877729593836787
5,0.7563527653213752,0.00136842792271456
6,0.8016940707523668,0.0012490828860454411
7,0.8156452416542103,0.0011297378493763223
