Iteration,Accuracy,Weight Decay
0,0.5620328849028401,0.08500022719836783
1,0.5351270553064275,0.07250041653034103
2,0.5540607872446437,0.06000060586231423
3,0.604384653712008,0.047500795194287425
4,0.6273044344793224,0.03500098452626062
5,0.6641753861484804,0.022501173858233817
6,0.70254110612855,0.010001363190207016
7,0.6666666666666666,-0.0024984474778197846
