Iteration,Accuracy,Weight Decay
0,0.8375714285714285,0.08126216613380753
1,0.8827142857142857,0.04451338310406878
2,0.8822857142857143,0.010978637918546164
3,0.91,0.0003021294961929753
