Iteration,Accuracy,Weight Decay
0,0.5565520677628301,0.09455040875321775
1,0.7314399601395117,0.08247266789928005
2,0.8365719980069756,0.06545137301945098
3,0.8679621325361235,0.04607786196076218
4,0.8739412057797707,0.02730157616058396
5,0.8933731938216243,0.011981034924538829
6,0.8998505231689088,0.002448651774762514
7,0.8988540109616343,0.00015564563454001894
