Iteration,Accuracy,Weight Decay
0,0.6272857142857143,0.0018928392973384946
1,0.6317142857142857,0.0018189643350030706
2,0.6831428571428572,0.00042300929301320253
3,0.694,0.003875671371446112
4,0.6972857142857143,0.0034507378603410156
5,0.7018571428571428,0.0025784817909829815
6,0.7031428571428572,1.1822139175572113e-05
7,0.7001428571428572,0.00031615954575709397
8,0.7192857142857143,9.961947266417873e-05
9,0.705,0.003675925771476289
