Iteration,Accuracy,Weight Decay
0,0.6417538614848032,0.018925488238263552
1,0.7249626307922272,0.0047270079827679235
2,0.7732934728450424,0.0011806619828161344
3,0.8136522172396612,0.00029489324383393244
4,0.7972097658196313,7.365531077021373e-05
5,0.802192326856004,1.8396843325823638e-05
6,0.8161434977578476,4.594968656242079e-06
7,0.7777777777777778,1.1476825984711098e-06
