Iteration,Accuracy,Weight Decay
0,0.6467116357504216,0.06801802122791924
1,0.8128161888701517,0.043527664608961875
2,0.8482293423271501,0.02455315407535525
3,0.8920741989881956,0.011094489627099403
4,0.897133220910624,0.0031516712641943057
5,0.9047217537942664,0.0007246989866399735
