Iteration,Accuracy,Weight Decay
0,0.52,2.4313285004204436e-08
1,0.52,1.7640969257885612e-07
2,0.52,3.199267137797384e-07
3,0.6565517241379311,3.96396275506239e-05
4,0.7149425287356321,0.0005580305251442092
5,0.7420689655172413,1.5487250883917444e-05
6,0.7742528735632184,6.0274239009094145e-05
7,0.7880459770114943,1.3530477745798077e-08
