Iteration,Accuracy,Weight Decay
0,0.6441821247892074,0.000714770463686342
1,0.7622259696458684,0.000714770463686342
2,0.8473861720067454,0.000714770463686342
3,0.8549747048903878,0.000714770463686342
4,0.8642495784148398,0.000714770463686342
5,0.8836424957841484,0.000714770463686342
