Iteration,Accuracy,Weight Decay
0,0.5595416043846537,0.018925488238263552
1,0.5241654210264076,0.0047270079827679235
2,0.534130543099153,0.0011806619828161344
3,0.5067264573991032,0.00029489324383393244
4,0.5151968111609367,7.365531077021373e-05
5,0.5226706527154957,1.8396843325823638e-05
6,0.6706527154957648,4.594968656242079e-06
7,0.7184853014449427,1.1476825984711098e-06
