Iteration,Accuracy,Weight Decay
0,0.84,0.002297389418863703
1,0.9012857142857142,8.389211088232821e-05
2,0.9125714285714286,3.0634276498817596e-06
3,0.9208571428571428,1.118649759477795e-07
