Iteration,Accuracy,Weight Decay
0,0.82,0.0033261644067418524
1,0.817,0.0032068193700727343
2,0.838,0.0030874743334036153
3,0.844,0.0029681292967344963
