Iteration,Accuracy,Weight Decay
0,0.6532857142857142,0.0033977714287433238
1,0.6648571428571428,0.003350033414075676
2,0.6851428571428572,0.0033022953994080286
3,0.7022857142857143,0.003254557384740381
4,0.758,0.0032068193700727343
5,0.7427142857142857,0.0031590813554050867
6,0.7367142857142858,0.003111343340737439
7,0.7477142857142857,0.0030636053260697915
8,0.7832857142857143,0.003015867311402144
9,0.7541428571428571,0.0029681292967344963
