Iteration,Accuracy,Weight Decay
0,0.8192857142857143,0.002297389418863703
1,0.8745714285714286,8.389211088232821e-05
2,0.8871428571428571,3.0634276498817596e-06
3,0.8945714285714286,1.118649759477795e-07
