Iteration,Accuracy,Weight Decay
0,0.48,0.0002859952127994468
1,0.7701149425287356,8.415400820378931e-05
2,0.7986206896551724,0.0005158036112539599
3,0.7866666666666666,1.6701511094361686e-05
4,0.7268965517241379,7.171092390457732e-05
5,0.8165517241379311,0.00017214810372190854
6,0.825287356321839,0.00019973810939709658
7,0.8280459770114943,3.570742907259827e-05
