Iteration,Accuracy,Weight Decay
0,0.7862481315396114,0.0031596691985243328
1,0.8106626806178375,0.002241110148261176
2,0.8340807174887892,0.00416769169535317
3,0.8420528151469856,0.00477642510059797
4,0.8604882909815645,0.00010529024272752427
5,0.8639760837070254,0.0009014586489564901
6,0.8674638764324863,1.7232498351283807e-05
7,0.874439461883408,0.00013713130032672865
