Iteration,Accuracy,Weight Decay
0,0.6825714285714286,2.869377067127777e-06
1,0.6682857142857143,0.00277374762232651
2,0.6674285714285715,0.00190932807667502
3,0.6902857142857143,0.0019179102616724
