Iteration,Accuracy,Weight Decay
0,0.6602023608768971,0.09623406949124648
1,0.8111298482293423,0.08285422480701589
2,0.866779089376054,0.047877320869366004
3,0.8794266441821248,0.015206179604296877
4,0.8895446880269815,0.003819399833108084
5,0.9005059021922428,0.0013164192457227669
