Iteration,Accuracy,Weight Decay
0,0.6183358246138515,0.09706882132280426
1,0.7932237169905332,0.09046519793170772
2,0.809666168410563,0.07310626521668034
3,0.8570004982561036,0.04378320141530977
4,0.8913801694070752,0.018243790724546134
5,0.9018435475834579,0.006010088662594013
6,0.8998505231689088,0.0018001084090777473
7,0.9068261086198306,0.0005235193184478273
