Iteration,Accuracy,Weight Decay
0,0.8052857142857143,0.0033261644067418524
1,0.8328571428571429,0.0032068193700727343
2,0.891,0.0030874743334036153
3,0.8931428571428571,0.0029681292967344963
