Iteration,Accuracy,Weight Decay
0,0.6721474838066767,0.08500022719836783
1,0.7767812655705032,0.07250041653034103
2,0.8161434977578476,0.06000060586231423
3,0.8365719980069756,0.047500795194287425
4,0.8475336322869955,0.03500098452626062
5,0.8619830592924763,0.022501173858233817
6,0.874439461883408,0.010001363190207016
7,0.8360737419033383,-0.0024984474778197846
