Iteration,Accuracy,Weight Decay
0,0.5490782262082711,0.018925488238263552
1,0.5894369706028899,0.0047270079827679235
2,0.6003986048829099,0.0011806619828161344
3,0.6093672147483806,0.00029489324383393244
4,0.6098654708520179,7.365531077021373e-05
5,0.5919282511210763,1.8396843325823638e-05
6,0.6482311908320877,4.594968656242079e-06
7,0.6457399103139013,1.1476825984711098e-06
