Iteration,Accuracy,Weight Decay
0,0.6686596910812157,0.09706882132280426
1,0.7777777777777778,0.09046519793170772
2,0.828101644245142,0.07310626521668034
3,0.8320876930742401,0.04378320141530977
4,0.8639760837070254,0.018243790724546134
5,0.8729446935724963,0.006010088662594013
6,0.8844045839561535,0.0018001084090777473
7,0.8819133034379671,0.0005235193184478273
