Iteration,Accuracy,Weight Decay
0,0.7658196312904834,0.09706882132280426
1,0.828101644245142,0.09046519793170772
2,0.8589935226706528,0.07310626521668034
3,0.8734429496761336,0.04378320141530977
4,0.8844045839561535,0.018243790724546134
5,0.9028400597907325,0.006010088662594013
6,0.9003487792725461,0.0018001084090777473
7,0.9038365719980069,0.0005235193184478273
