Iteration,Accuracy,Weight Decay
0,0.6686340640809444,0.08245960944858459
1,0.8001686340640809,0.06591207119253231
2,0.8397976391231029,0.049364532936480035
3,0.8718381112984823,0.03281699468042776
4,0.9047217537942664,0.01626945642437548
5,0.9173693086003373,-0.00027808183167679634
