Iteration,Accuracy,Weight Decay
0,0.6698571428571428,0.0715000506746646
1,0.6332857142857143,0.046500095126124755
2,0.6851428571428572,0.021500139577584912
3,0.6518571428571428,-0.003499815970954903
