Iteration,Accuracy,Weight Decay
0,0.524451939291737,0.000714770463686342
1,0.7883642495784149,0.000714770463686342
2,0.8128161888701517,0.000714770463686342
3,0.8591905564924115,0.000714770463686342
4,0.8853288364249579,0.000714770463686342
5,0.9106239460370995,0.000714770463686342
