Iteration,Accuracy,Weight Decay
0,0.6941428571428572,0.08650002400378849
1,0.7477142857142857,0.07650004178437256
2,0.8122857142857143,0.06650005956495662
3,0.809,0.05650007734554069
4,0.8502857142857143,0.046500095126124755
5,0.8241428571428572,0.03650011290670882
6,0.8742857142857143,0.026500130687292886
7,0.8872857142857142,0.01650014846787695
8,0.8915714285714286,0.006500166248461017
9,0.8875714285714286,-0.003499815970954903
