Iteration,Accuracy,Weight Decay
0,0.48,2.4313285004204436e-08
1,0.7705747126436782,1.7640969257885612e-07
2,0.8055172413793104,3.199267137797384e-07
3,0.8119540229885057,3.96396275506239e-05
4,0.8395402298850575,0.0005580305251442092
5,0.8303448275862069,1.5487250883917444e-05
6,0.8367816091954023,6.0274239009094145e-05
7,0.8533333333333334,1.3530477745798077e-08
