Iteration,Accuracy,Weight Decay
0,0.7329347284504235,0.0019651531060601536
1,0.7204783258594918,0.0018458080693910348
2,0.7972097658196313,0.0017264630327219162
3,0.8176382660687593,0.0016071179960527975
4,0.8121574489287494,0.0014877729593836787
5,0.802192326856004,0.00136842792271456
6,0.8266068759342302,0.0012490828860454411
7,0.8355754857997011,0.0011297378493763223
