Iteration,Accuracy,Weight Decay
0,0.7342857142857143,0.0715000506746646
1,0.8025714285714286,0.046500095126124755
2,0.8602857142857143,0.021500139577584912
3,0.9012857142857142,-0.003499815970954903
