Iteration,Accuracy,Weight Decay
0,0.5738571428571428,0.08650002400378849
1,0.5161428571428571,0.07650004178437256
2,0.4655714285714286,0.06650005956495662
3,0.643,0.05650007734554069
4,0.6944285714285714,0.046500095126124755
5,0.6628571428571428,0.03650011290670882
6,0.6704285714285714,0.026500130687292886
7,0.67,0.01650014846787695
8,0.6678571428571428,0.006500166248461017
9,0.707,-0.003499815970954903
