Iteration,Accuracy,Weight Decay
0,0.5127055306427504,0.00011142658983457402
1,0.48878923766816146,0.0006781912645559978
2,0.6297957149975087,2.167412710018539e-05
3,0.7010463378176383,7.213177966459277e-05
4,0.7463876432486298,5.160789411816073e-05
5,0.7638266068759342,0.0016348687432607848
6,0.7807673143996013,5.0165523560525864e-05
7,0.783756851021425,2.3395044397277462e-05
