Iteration,Accuracy,Weight Decay
0,0.7735714285714286,0.08650002400378849
1,0.8402857142857143,0.07650004178437256
2,0.8638571428571429,0.06650005956495662
3,0.8865714285714286,0.05650007734554069
4,0.8864285714285715,0.046500095126124755
5,0.8724285714285714,0.03650011290670882
6,0.8668571428571429,0.026500130687292886
7,0.8844285714285715,0.01650014846787695
8,0.9074285714285715,0.006500166248461017
9,0.9127142857142857,-0.003499815970954903
