Iteration,Accuracy,Weight Decay
0,0.6467116357504216,0.000714770463686342
1,0.8161888701517707,0.000714770463686342
2,0.8549747048903878,0.000714770463686342
3,0.8735244519392917,0.000714770463686342
4,0.8777403035413154,0.000714770463686342
5,0.9072512647554806,0.000714770463686342
