Iteration,Accuracy,Weight Decay
0,0.8284285714285714,0.002297389418863703
1,0.8914285714285715,8.389211088232821e-05
2,0.9164285714285715,3.0634276498817596e-06
3,0.9305714285714286,1.118649759477795e-07
