Iteration,Accuracy,Weight Decay
0,0.7792857142857142,1.5139664686198724e-05
1,0.8428571428571429,1.143038880015664e-05
2,0.9067142857142857,0.0011997988145826589
3,0.92,0.000269790301429852
