Iteration,Accuracy,Weight Decay
0,0.48679621325361233,0.09455040875321775
1,0.3353263577478824,0.08247266789928005
2,0.39162929745889385,0.06545137301945098
3,0.38863976083707025,0.04607786196076218
4,0.4175386148480319,0.02730157616058396
5,0.465869456900847,0.011981034924538829
6,0.6098654708520179,0.002448651774762514
7,0.7204783258594918,0.00015564563454001894
