Iteration,Accuracy,Weight Decay
0,0.7284991568296796,0.09623406949124648
1,0.739460370994941,0.08285422480701589
2,0.8389544688026982,0.047877320869366004
3,0.8819561551433389,0.015206179604296878
4,0.8760539629005059,0.003819399833108084
5,0.8996627318718381,0.0013164192457227669
