Iteration,Accuracy,Weight Decay
0,0.7964285714285714,0.002200636644496196
1,0.8272857142857143,1.4949108912016352e-05
2,0.8727142857142857,0.0029332461999459765
3,0.4188571428571429,1.9995885321136636e-05
4,0.889,0.00040140052076253883
5,0.8892857142857142,1.6393575430842102e-05
6,0.9142857142857143,1.720626949101337e-05
7,0.9192857142857143,0.004165000346338904
8,0.9212857142857143,8.357112287850107e-05
9,0.9282857142857143,2.5763731340406197e-05
