Iteration,Accuracy,Weight Decay
0,0.45191828599900347,0.09455040875321775
1,0.4175386148480319,0.08247266789928005
2,0.4539113104135526,0.06545137301945098
3,0.49377179870453414,0.04607786196076218
4,0.5640259093173892,0.02730157616058396
5,0.6088689586447434,0.011981034924538829
6,0.6462381664175386,0.002448651774762514
7,0.6975585450921774,0.00015564563454001894
