Iteration,Accuracy,Weight Decay
0,0.8168571428571428,0.00010474527873889321
1,0.833,1.0491543195160894e-05
2,0.8558571428571429,0.00021780183806375912
3,0.8347142857142857,0.0032363777263272574
