Iteration,Accuracy,Weight Decay
0,0.7715008431703204,0.09254828078406145
1,0.8313659359190556,0.07381604081063549
2,0.8600337268128162,0.04879807301935227
3,0.8836424957841484,0.024197921676153977
4,0.9064080944350759,0.006607177467133997
5,0.8895446880269815,0.0007392660973616683
