Iteration,Accuracy,Weight Decay
0,0.3866467364225212,0.09706882132280426
1,0.3044344793223717,0.09046519793170772
2,0.3044344793223717,0.07310626521668034
3,0.401096163428002,0.04378320141530977
4,0.4922770303936223,0.018243790724546134
5,0.5236671649227703,0.006010088662594013
6,0.598903836571998,0.0018001084090777473
7,0.6233183856502242,0.0005235193184478273
