Iteration,Accuracy,Weight Decay
0,0.6514285714285715,0.09557017170827971
1,0.6241428571428571,0.08698157789648651
2,0.6587142857142857,0.07477297827681818
3,0.6437142857142857,0.06013943564236318
4,0.6438571428571429,0.04451338310406878
5,0.7008571428571428,0.029424407557493124
6,0.734,0.01634952306020954
7,0.751,0.006568590404889097
8,0.7308571428571429,0.0010390354275995517
9,0.7692857142857142,0.0003021294961929753
