Iteration,Accuracy,Weight Decay
0,0.5708263069139966,4.815297862032934e-06
1,0.6998313659359191,0.0004982290216050967
2,0.8145025295109612,1.409240098658793e-07
3,0.8701517706576728,0.00013713943858997027
4,0.8794266441821248,2.192787454395522e-07
5,0.8743676222596964,1.6297508346206433e-08
