Iteration,Accuracy,Weight Decay
0,0.5126475548060708,0.00018947769025444704
1,0.6264755480607083,8.760577784577691e-05
2,0.7841483979763912,0.007775563150034698
3,0.8372681281618887,9.326185245553041e-05
4,0.8338954468802698,0.0006728010107641345
5,0.8507588532883642,0.00360196059793628
