Iteration,Accuracy,Weight Decay
0,0.6804384485666105,0.041773682891187935
1,0.7892074198988196,0.018334280241060232
2,0.8431703204047217,0.008046832567607796
3,0.8819561551433389,0.003531718372347135
4,0.8861720067453626,0.001550055199580515
5,0.8954468802698144,0.0006803122073830045
