Iteration,Accuracy,Weight Decay
0,0.6500843170320405,0.06801802122791924
1,0.7681281618887015,0.043527664608961875
2,0.8102866779089376,0.02455315407535525
3,0.8760539629005059,0.011094489627099403
4,0.872681281618887,0.0031516712641943057
5,0.8954468802698144,0.0007246989866399735
