Iteration,Accuracy,Weight Decay
0,0.7451428571428571,0.00014994433312582114
1,0.7242857142857143,0.0003295539285301944
2,0.7785714285714286,0.002511907782971968
3,0.782,0.0009163851857840366
4,0.40614285714285714,0.00014324753725128693
5,0.8051428571428572,4.2262419363873864e-05
6,0.8245714285714286,0.00025231081719529716
7,0.8224285714285714,0.0004315128771360209
8,0.8312857142857143,1.84072273924914e-05
9,0.8555714285714285,0.0006897988150602281
