Iteration,Accuracy,Weight Decay
0,0.7335714285714285,0.00039305219911074576
1,0.865,0.002092313953958835
2,0.8917142857142857,0.0004261288712167155
3,0.7348571428571429,0.009851603581662061
