Iteration,Accuracy,Weight Decay
0,0.612141652613828,4.815297862032934e-06
1,0.7234401349072512,0.0004982290216050967
2,0.7807757166947723,1.409240098658793e-07
3,0.7976391231028668,0.00013713943858997027
4,0.8271500843170321,2.192787454395522e-07
5,0.815345699831366,1.6297508346206433e-08
