Iteration,Accuracy,Weight Decay
0,0.52,2.4313285004204436e-08
1,0.6436781609195402,1.7640969257885612e-07
2,0.7190804597701149,3.199267137797384e-07
3,0.7489655172413793,3.96396275506239e-05
4,0.7687356321839081,0.0005580305251442092
5,0.8179310344827586,1.5487250883917444e-05
6,0.8381609195402299,6.0274239009094145e-05
7,0.8583908045977011,1.3530477745798077e-08
