Iteration,Accuracy,Weight Decay
0,0.7309417040358744,0.08500022719836783
1,0.8246138515196811,0.07250041653034103
2,0.8405580468360737,0.06000060586231423
3,0.866965620328849,0.047500795194287425
4,0.8739412057797707,0.03500098452626062
5,0.8844045839561535,0.022501173858233817
6,0.8923766816143498,0.010001363190207016
7,0.8764324862979571,-0.0024984474778197846
