Iteration,Accuracy,Weight Decay
0,0.6441821247892074,0.06801802122791924
1,0.7377740303541316,0.043527664608961875
2,0.8094435075885329,0.02455315407535525
3,0.8499156829679595,0.011094489627099403
4,0.8929173693086003,0.0031516712641943057
5,0.9123102866779089,0.0007246989866399735
