Iteration,Accuracy,Weight Decay
0,0.8262857142857143,0.002297389418863703
1,0.8704285714285714,8.389211088232821e-05
2,0.8888571428571429,3.0634276498817596e-06
3,0.887,1.118649759477795e-07
