Iteration,Accuracy,Weight Decay
0,0.6322869955156951,0.018925488238263552
1,0.726457399103139,0.0047270079827679235
2,0.8186347782760339,0.0011806619828161344
3,0.8320876930742401,0.00029489324383393244
4,0.8649725959143,7.365531077021373e-05
5,0.8789237668161435,1.8396843325823638e-05
6,0.8709516691579472,4.594968656242079e-06
7,0.8928749377179871,1.1476825984711098e-06
