Iteration,Accuracy,Weight Decay
0,0.5994020926756353,0.018925488238263552
1,0.6163428001993024,0.0047270079827679235
2,0.6462381664175386,0.0011806619828161344
3,0.6756352765321375,0.00029489324383393244
4,0.6935724962630793,7.365531077021373e-05
5,0.7164922770303936,1.8396843325823638e-05
6,0.7543597409068261,4.594968656242079e-06
7,0.7902341803687095,1.1476825984711098e-06
