Iteration,Accuracy,Weight Decay
0,0.7847533632286996,0.08500022719836783
1,0.7673143996013951,0.07250041653034103
2,0.8530144494270054,0.06000060586231423
3,0.8774289985052317,0.047500795194287425
4,0.8774289985052317,0.03500098452626062
5,0.8928749377179871,0.022501173858233817
6,0.8923766816143498,0.010001363190207016
7,0.8799202790234181,-0.0024984474778197846
