Iteration,Accuracy,Weight Decay
0,0.6334285714285715,0.016739508918050823
1,0.6551428571428571,0.004453867730520001
2,0.6645714285714286,0.0011850370197883447
3,0.6695714285714286,0.0003153018507141175
4,0.6708571428571428,8.389211088232821e-05
5,0.6731428571428572,2.2321106750096656e-05
6,0.6755714285714286,5.938958995179634e-06
7,0.6752857142857143,1.5801740631105742e-06
8,0.6754285714285714,4.204356473506604e-07
9,0.6757142857142857,1.118649759477795e-07
