Iteration,Accuracy,Weight Decay
0,0.6409195402298851,5.99030482063902e-05
1,0.7222988505747127,-5.944198846272857e-05
2,0.7429885057471264,-0.00017878702513184736
3,0.7682758620689655,-0.0002981320618009661
4,0.7986206896551724,-0.0004174770984700848
5,0.8009195402298851,-0.0005368221351392036
6,0.8087356321839081,-0.0006561671718083224
7,0.8124137931034483,-0.0007755122084774412
