Iteration,Accuracy,Weight Decay
0,0.6037099494097807,4.815297862032934e-06
1,0.6871838111298483,0.0004982290216050967
2,0.8204047217537943,1.409240098658793e-07
3,0.8381112984822934,0.00013713943858997027
4,0.8608768971332209,2.192787454395522e-07
5,0.8684654300168634,1.6297508346206433e-08
