Iteration,Accuracy,Weight Decay
0,0.81,0.09746673418161543
1,0.8238571428571428,0.09340111078410944
2,0.8552857142857143,0.0838891336884537
3,0.8518571428571429,0.06570110725289291
4,0.8834285714285715,0.041338346412298756
5,0.8788571428571429,0.020587178380980863
6,0.8842857142857142,0.00870673956906492
7,0.8701428571428571,0.0033896881950003137
8,0.872,0.0012744104865876579
9,0.8821428571428571,0.00047274822582090244
