Iteration,Accuracy,Weight Decay
0,0.6736422521175884,0.0007924828983539
1,0.7553562531141006,0.00019812203523477496
2,0.8131539611360239,1.7073526474706922e-06
3,0.8584952665670155,0.00043789432981655344
4,0.8734429496761336,0.0008342823480416806
5,0.8734429496761336,6.949760391706498e-06
6,0.8749377179870453,0.0089021508544503
7,0.8928749377179871,0.0006579332246575
