Iteration,Accuracy,Weight Decay
0,0.26485714285714285,2.869377067127777e-06
1,0.23114285714285715,0.00277374762232651
2,0.7074285714285714,0.00190932807667502
3,0.7358571428571429,0.0019179102616724
