Iteration,Accuracy,Weight Decay
0,0.7277142857142858,1.884865909251843e-05
1,0.7324285714285714,0.000936912143576855
2,0.7825714285714286,1.607526896648385e-05
3,0.8025714285714286,0.002230009098198172
4,0.8124285714285714,0.0004190227733336639
5,0.8445714285714285,7.642851224649194e-05
6,0.8592857142857143,0.005695232292885888
7,0.8585714285714285,0.0007751390996620262
8,0.8744285714285714,5.164140631115931e-05
9,0.8664285714285714,0.0008752407740339061
