Iteration,Accuracy,Weight Decay
0,0.6669477234401349,0.06801802122791924
1,0.8229342327150084,0.043527664608961875
2,0.872681281618887,0.02455315407535525
3,0.8895446880269815,0.011094489627099403
4,0.8903878583473862,0.0031516712641943057
5,0.9139966273187183,0.0007246989866399735
