Iteration,Accuracy,Weight Decay
0,0.5640259093173892,0.0007924828983539
1,0.5421026407573493,0.00019812203523477496
2,0.5480817140009965,1.7073526474706922e-06
3,0.528649725959143,0.00043789432981655344
4,0.5261584454409567,0.0008342823480416806
5,0.5799701046337817,6.949760391706498e-06
6,0.4628799202790234,0.0089021508544503
7,0.6477329347284504,0.0006579332246575
