Iteration,Accuracy,Weight Decay
0,0.6728499156829679,0.000714770463686342
1,0.790893760539629,0.000714770463686342
2,0.8347386172006745,0.000714770463686342
3,0.8718381112984823,0.000714770463686342
4,0.9089376053962901,0.000714770463686342
5,0.9165261382799326,0.000714770463686342
