Iteration,Accuracy,Weight Decay
0,0.693929173693086,4.815297862032934e-06
1,0.7782462057335582,0.0004982290216050967
2,0.8035413153456998,1.409240098658793e-07
3,0.836424957841484,0.00013713943858997027
4,0.8777403035413154,2.192787454395522e-07
5,0.8853288364249579,1.6297508346206433e-08
