Iteration,Accuracy,Weight Decay
0,0.6644182124789207,0.000714770463686342
1,0.7892074198988196,0.000714770463686342
2,0.8440134907251264,0.000714770463686342
3,0.8524451939291737,0.000714770463686342
4,0.887858347386172,0.000714770463686342
5,0.9072512647554806,0.000714770463686342
