Iteration,Accuracy,Weight Decay
0,0.6829679595278246,0.06801802122791924
1,0.7318718381112985,0.043527664608961875
2,0.8178752107925801,0.02455315407535525
3,0.8355817875210793,0.011094489627099403
4,0.8566610455311973,0.0031516712641943057
5,0.8566610455311973,0.0007246989866399735
