Iteration,Accuracy,Weight Decay
0,0.7177011494252874,5.99030482063902e-05
1,0.782528735632184,-5.944198846272857e-05
2,0.7898850574712644,-0.00017878702513184736
3,0.7931034482758621,-0.0002981320618009661
4,0.8018390804597701,-0.0004174770984700848
5,0.8340229885057471,-0.0005368221351392036
6,0.8367816091954023,-0.0006561671718083224
7,0.8786206896551724,-0.0007755122084774412
