Iteration,Accuracy,Weight Decay
0,0.6518571428571428,2.869377067127777e-06
1,0.819,0.00277374762232651
2,0.8774285714285714,0.00190932807667502
3,0.9,0.0019179102616724
