Iteration,Accuracy,Weight Decay
0,0.6416526138279932,0.0011521279031236364
1,0.7276559865092749,0.0003260223994158017
2,0.7959527824620574,0.0005830708527781625
3,0.8338954468802698,1.9916210033969323e-05
4,0.8566610455311973,5.7688640396329594e-05
5,0.8709949409780776,4.1453190063601404e-05
