Iteration,Accuracy,Weight Decay
0,0.7422857142857143,0.08650002400378849
1,0.7955714285714286,0.07650004178437256
2,0.814,0.06650005956495662
3,0.8397142857142857,0.05650007734554069
4,0.8765714285714286,0.046500095126124755
5,0.7905714285714286,0.03650011290670882
6,0.8847142857142857,0.026500130687292886
7,0.8807142857142857,0.01650014846787695
8,0.8922857142857142,0.006500166248461017
9,0.9102857142857143,-0.003499815970954903
