Iteration,Accuracy,Weight Decay
0,0.7107925801011804,0.041773682891187935
1,0.7967959527824621,0.018334280241060232
2,0.8372681281618887,0.008046832567607796
3,0.8499156829679595,0.003531718372347135
4,0.8718381112984823,0.001550055199580515
5,0.8844856661045531,0.0006803122073830045
