Iteration,Accuracy,Weight Decay
0,0.6416526138279932,0.09254828078406145
1,0.8271500843170321,0.07381604081063549
2,0.8642495784148398,0.04879807301935227
3,0.8819561551433389,0.024197921676153977
4,0.8625632377740303,0.006607177467133997
5,0.8819561551433389,0.0007392660973616683
