Iteration,Accuracy,Weight Decay
0,0.7757142857142857,2.869377067127777e-06
1,0.8557142857142858,0.00277374762232651
2,0.897,0.00190932807667502
3,0.9204285714285714,0.0019179102616724
