Iteration,Accuracy,Weight Decay
0,0.684654300168634,0.000714770463686342
1,0.7934232715008431,0.000714770463686342
2,0.739460370994941,0.000714770463686342
3,0.836424957841484,0.000714770463686342
4,0.8693086003372681,0.000714770463686342
5,0.8853288364249579,0.000714770463686342
