Iteration,Accuracy,Weight Decay
0,0.7445193929173693,0.06801802122791924
1,0.7942664418212478,0.043527664608961875
2,0.8338954468802698,0.02455315407535525
3,0.8684654300168634,0.011094489627099403
4,0.8836424957841484,0.0031516712641943057
5,0.8785834738617201,0.0007246989866399735
