Iteration,Accuracy,Weight Decay
0,0.81,0.08956689623880071
1,0.7934285714285715,0.041338346412298756
2,0.8627142857142858,0.005468299804777157
3,0.8768571428571429,0.00047274822582090244
