Iteration,Accuracy,Weight Decay
0,0.3213751868460389,0.09706882132280426
1,0.3876432486297957,0.09046519793170772
2,0.38863976083707025,0.07310626521668034
3,0.41305430991529646,0.04378320141530977
4,0.49128051818634777,0.018243790724546134
5,0.5445939212755356,0.006010088662594013
6,0.6283009466865969,0.0018001084090777473
7,0.635774788241156,0.0005235193184478273
