Iteration,Accuracy,Weight Decay
0,0.6500843170320405,0.09254828078406145
1,0.7630691399662732,0.07381604081063549
2,0.8583473861720068,0.04879807301935227
3,0.8777403035413154,0.024197921676153977
4,0.8709949409780776,0.006607177467133997
5,0.8988195615514334,0.0007392660973616683
