Iteration,Accuracy,Weight Decay
0,0.7347142857142858,0.0715000506746646
1,0.8194285714285714,0.046500095126124755
2,0.8737142857142857,0.021500139577584912
3,0.8881428571428571,-0.003499815970954903
