Iteration,Accuracy,Weight Decay
0,0.6947723440134908,0.09623406949124648
1,0.7166947723440135,0.08285422480701589
2,0.8448566610455311,0.047877320869366004
3,0.8524451939291737,0.015206179604296877
4,0.8912310286677909,0.003819399833108084
5,0.8861720067453626,0.0013164192457227669
