Iteration,Accuracy,Weight Decay
0,0.7429885057471264,0.004082422589465171
1,0.775632183908046,0.0002744489519498779
2,0.7949425287356322,1.3576465738888963e-05
3,0.783448275862069,0.0029964742172302896
4,0.8022988505747126,0.0003703079991842147
5,0.7995402298850575,0.00837953012618336
6,0.7917241379310345,0.008303623934409511
7,0.8160919540229885,2.5411561671775077e-05
