Iteration,Accuracy,Weight Decay
0,0.6227142857142857,0.05112258690704978
1,0.5841428571428572,0.021622639359772756
2,0.6368571428571429,0.004622669586765671
3,0.7061428571428572,0.0001226775880285013
