Iteration,Accuracy,Weight Decay
0,0.7782760338814151,0.0019651531060601536
1,0.8340807174887892,0.0018458080693910348
2,0.8784255107125062,0.0017264630327219162
3,0.8878923766816144,0.0016071179960527975
4,0.8953662182361734,0.0014877729593836787
5,0.9008470353761834,0.00136842792271456
6,0.9013452914798207,0.0012490828860454411
7,0.9063278525161933,0.0011297378493763223
