Iteration,Accuracy,Weight Decay
0,0.6831428571428572,0.001872974775995529
1,0.7418571428571429,9.807834006355402e-05
2,0.8258571428571428,0.0068632747662244606
3,0.8424285714285714,4.176289124377651e-05
4,0.8701428571428571,0.00039893684609095193
5,0.8022857142857143,0.00927511938366864
6,0.9018571428571428,9.714257988086757e-05
7,0.8978571428571429,0.001429637400104509
8,0.9088571428571428,0.001438927275270706
9,0.918,0.002346225199543651
