Iteration,Accuracy,Weight Decay
0,0.7065714285714285,0.0071340919757048255
1,0.8361428571428572,1.7697434982290845e-06
2,0.824,0.00023777479666081832
3,0.861,0.001284764685431755
4,0.8674285714285714,0.00277374762232651
5,0.8677142857142857,0.003298654464196375
6,0.8984285714285715,0.00258257950735642
7,0.8905714285714286,0.001485072748559495
8,0.9122857142857143,0.0013682422858920349
9,0.9211428571428572,0.0019179102616724
