Iteration,Accuracy,Weight Decay
0,0.7474285714285714,2.869377067127777e-06
1,0.8507142857142858,0.00277374762232651
2,0.894,0.00190932807667502
3,0.9184285714285715,0.0019179102616724
