Iteration,Accuracy,Weight Decay
0,0.6188571428571429,0.07482254476706554
1,0.651,0.05852257374941756
2,0.6484285714285715,0.04422259917565277
3,0.7314285714285714,0.03192262104577116
4,0.7422857142857143,0.021622639359772756
5,0.7338571428571429,0.013322654117657533
6,0.759,0.007022665319425497
7,0.7604285714285715,0.0027226729650766464
8,0.7784285714285715,0.00042267705461097914
9,0.7668571428571429,0.0001226775880285013
