Iteration,Accuracy,Weight Decay
0,0.37014285714285716,0.09746673418161543
1,0.5597142857142857,0.09340111078410944
2,0.5674285714285714,0.0838891336884537
3,0.5597142857142857,0.06570110725289291
4,0.631,0.041338346412298756
5,0.6498571428571429,0.020587178380980863
6,0.6544285714285715,0.00870673956906492
7,0.6871428571428572,0.0033896881950003137
8,0.693,0.0012744104865876579
9,0.6882857142857143,0.00047274822582090244
