Iteration,Accuracy,Weight Decay
0,0.2964623816641754,0.0722504203169805
1,0.35326357747882414,0.052563218514838285
2,0.34728450423517687,0.03600096937970277
3,0.43597409068261084,0.02256367291157395
4,0.4598903836571998,0.012251329110451837
5,0.5346287992027903,0.005063937976336426
6,0.5530642750373692,0.0010014995092277146
7,0.7608370702541106,6.401370912570431e-05
